task_id,score,cost,memory,params,local_pass,local_total,nodes,file_size,path,error
1,17.04107350694989,2861,2837,24,268,268,14,1137,submissions/biohack44_6113_onnx/task001.onnx,
2,13.5104148124377,97693,97200,493,268,268,95,15506,submissions/biohack44_6113_onnx/task002.onnx,
3,15.883530843633888,9104,9094,10,265,265,44,3120,submissions/biohack44_6113_onnx/task003.onnx,
4,14.084547965521434,55020,54000,1020,265,265,4,2522,submissions/biohack44_6113_onnx/task004.onnx,
5,13.313213669153685,118989,118653,336,266,266,106,10910,submissions/biohack44_6113_onnx/task005.onnx,
6,17.603051397378987,1631,1584,47,266,266,12,1124,submissions/biohack44_6113_onnx/task006.onnx,
7,15.981910315895657,8251,8220,31,266,266,14,1320,submissions/biohack44_6113_onnx/task007.onnx,
8,14.933331237322346,23545,23484,61,266,266,78,7667,submissions/biohack44_6113_onnx/task008.onnx,
9,13.69482467517415,81241,77400,3841,265,265,22,30956,submissions/biohack44_6113_onnx/task009.onnx,
10,16.479611917687244,5016,4939,77,265,265,60,4038,submissions/biohack44_6113_onnx/task010.onnx,
11,13.898854540195707,66247,63916,2331,267,267,52,10170,submissions/biohack44_6113_onnx/task011.onnx,
12,15.468881328082846,13782,13680,102,265,265,16,1406,submissions/biohack44_6113_onnx/task012.onnx,
13,13.3310798421544,116882,114625,2257,267,267,91,18384,submissions/biohack44_6113_onnx/task013.onnx,
14,13.760459302780728,76080,72063,4017,266,266,46,9683,submissions/biohack44_6113_onnx/task014.onnx,
15,18.197605236675688,900,0,900,265,265,1,3774,submissions/biohack44_6113_onnx/task015.onnx,
16,22.697414907005953,10,0,10,267,267,1,158,submissions/biohack44_6113_onnx/task016.onnx,
17,14.414476771658645,39558,38935,623,266,266,67,8620,submissions/biohack44_6113_onnx/task017.onnx,
18,11.323874505438686,869893,868894,999,0,266,219,32157,submissions/biohack44_6113_onnx/task018.onnx,
19,13.16583196905603,137884,136056,1828,267,267,35,17887,submissions/biohack44_6113_onnx/task019.onnx,
20,13.590958363748854,90133,89863,270,266,266,245,31378,submissions/biohack44_6113_onnx/task020.onnx,
21,0.0,,,,0,266,0,29330,submissions/biohack44_6113_onnx/task021.onnx,"Traceback (most recent call last): |   File ""$HOME/Desktop/kaggleonnx/tools/neurogolf_local.py"", line 284, in score_onnx |     output = session.run([""output""], {""input"": encode_grid(example[""input""])})[0] |                                                ~~~~~~~~~~~^^^^^^^^^^^^^^^^^^ |   File ""$HOME/Desktop/kaggleonnx/tools/neurogolf_local.py"", line 57, in encode_grid |     out[0, color, row, col] = 1.0 |     ~~~^^^^^^^^^^^^^^^^^^^^ | IndexError: index 30 is out of bounds for axis 3 with size 30"
22,14.287072229632908,44933,44812,121,266,266,363,43895,submissions/biohack44_6113_onnx/task022.onnx,
23,11.619711427000917,647121,647100,21,266,266,397,20318,submissions/biohack44_6113_onnx/task023.onnx,
24,15.88617052840466,9080,8820,260,266,266,27,3233,submissions/biohack44_6113_onnx/task024.onnx,
25,12.067260778579968,413635,413470,165,266,266,64,5325,submissions/biohack44_6113_onnx/task025.onnx,
26,18.39605617539953,738,690,48,268,268,13,1345,submissions/biohack44_6113_onnx/task026.onnx,
27,14.486991470971319,36791,29573,7218,265,265,25,16205,submissions/biohack44_6113_onnx/task027.onnx,
28,15.895687032669347,8994,8676,318,265,265,13,1956,submissions/biohack44_6113_onnx/task028.onnx,
29,13.503437684118467,98377,98207,170,266,266,88,13589,submissions/biohack44_6113_onnx/task029.onnx,
30,14.169341124493505,50547,49572,975,266,266,56,9441,submissions/biohack44_6113_onnx/task030.onnx,
31,15.164363114372046,18688,18630,58,266,266,26,3417,submissions/biohack44_6113_onnx/task031.onnx,
32,16.86699978141639,3405,3336,69,266,266,19,2347,submissions/biohack44_6113_onnx/task032.onnx,
33,14.081988539178049,55161,55112,49,265,265,16,1510,submissions/biohack44_6113_onnx/task033.onnx,
34,13.421324248376678,106796,103949,2847,267,267,87,11293,submissions/biohack44_6113_onnx/task034.onnx,
35,14.846026139757955,25693,25468,225,266,266,107,8818,submissions/biohack44_6113_onnx/task035.onnx,
36,13.71033059267258,79991,79832,159,265,265,56,5866,submissions/biohack44_6113_onnx/task036.onnx,
37,13.937652078450405,63726,55400,8326,266,266,27,20424,submissions/biohack44_6113_onnx/task037.onnx,
38,17.306974251582112,2193,2116,77,266,266,16,2357,submissions/biohack44_6113_onnx/task038.onnx,
39,16.03402681578965,7832,7804,28,264,264,14,1913,submissions/biohack44_6113_onnx/task039.onnx,
40,15.777928705148119,10118,10056,62,266,266,37,2791,submissions/biohack44_6113_onnx/task040.onnx,
41,15.299424541873835,16327,16300,27,266,266,18,2228,submissions/biohack44_6113_onnx/task041.onnx,
42,14.593648433368575,33069,32909,160,266,266,54,8398,submissions/biohack44_6113_onnx/task042.onnx,
43,16.129477454896126,7119,6980,139,266,266,9,1966,submissions/biohack44_6113_onnx/task043.onnx,
44,10.317261651531322,2380303,2378888,1415,266,266,1054,148684,submissions/biohack44_6113_onnx/task044.onnx,
45,16.0404313464555,7782,7750,32,265,265,11,1438,submissions/biohack44_6113_onnx/task045.onnx,
46,14.58291068075113,33426,32560,866,267,267,73,5299,submissions/biohack44_6113_onnx/task046.onnx,
47,16.492857144437266,4950,4823,127,265,265,33,2151,submissions/biohack44_6113_onnx/task047.onnx,
48,16.367872270491663,5609,5543,66,270,270,52,4058,submissions/biohack44_6113_onnx/task048.onnx,
49,14.613685144124743,32413,32263,150,268,268,29,3516,submissions/biohack44_6113_onnx/task049.onnx,
50,15.843587970049374,9475,9225,250,271,271,21,2006,submissions/biohack44_6113_onnx/task050.onnx,
51,13.587204310448836,90472,90393,79,265,265,57,3365,submissions/biohack44_6113_onnx/task051.onnx,
52,17.886857891292912,1228,1185,43,267,267,11,986,submissions/biohack44_6113_onnx/task052.onnx,
53,21.598802618337846,30,0,30,60,60,1,175,submissions/biohack44_6113_onnx/task053.onnx,
54,12.887930388960946,182056,181895,161,266,266,118,9728,submissions/biohack44_6113_onnx/task054.onnx,
55,0.0,,,,0,265,0,13497,submissions/biohack44_6113_onnx/task055.onnx,"Traceback (most recent call last): |   File ""$HOME/Desktop/kaggleonnx/tools/neurogolf_local.py"", line 284, in score_onnx |     output = session.run([""output""], {""input"": encode_grid(example[""input""])})[0] |                                                ~~~~~~~~~~~^^^^^^^^^^^^^^^^^^ |   File ""$HOME/Desktop/kaggleonnx/tools/neurogolf_local.py"", line 57, in encode_grid |     out[0, color, row, col] = 1.0 |     ~~~^^^^^^^^^^^^^^^^^^^^ | IndexError: index 30 is out of bounds for axis 2 with size 30"
56,18.672063216270807,560,460,100,46,46,7,1515,submissions/biohack44_6113_onnx/task056.onnx,
57,14.24604105662701,46815,46804,11,265,265,18,1880,submissions/biohack44_6113_onnx/task057.onnx,
58,15.313114938234701,16105,9660,6445,22,22,16,14221,submissions/biohack44_6113_onnx/task058.onnx,
59,15.076170749805957,20411,17858,2553,266,266,21,7062,submissions/biohack44_6113_onnx/task059.onnx,
60,16.372876749211567,5581,5400,181,265,265,20,2458,submissions/biohack44_6113_onnx/task060.onnx,
61,15.152342332424542,18914,16942,1972,267,267,9,17030,submissions/biohack44_6113_onnx/task061.onnx,
62,14.670950637656585,30609,29680,929,267,267,217,14479,submissions/biohack44_6113_onnx/task062.onnx,
63,14.666940264012474,30732,30700,32,266,266,34,3709,submissions/biohack44_6113_onnx/task063.onnx,
64,13.210837710262732,131816,131578,238,267,267,48,5809,submissions/biohack44_6113_onnx/task064.onnx,
65,14.533787213157124,35109,35032,77,266,266,37,1862,submissions/biohack44_6113_onnx/task065.onnx,
66,11.878567055313978,499535,499419,116,266,266,1642,180173,submissions/biohack44_6113_onnx/task066.onnx,
67,19.247427361174367,315,282,33,266,266,7,892,submissions/biohack44_6113_onnx/task067.onnx,
68,15.55942130423374,12589,12562,27,266,266,24,1602,submissions/biohack44_6113_onnx/task068.onnx,
69,13.647595461864874,85170,82858,2312,264,264,380,32330,submissions/biohack44_6113_onnx/task069.onnx,
70,13.90050125280863,66138,66060,78,266,266,71,11844,submissions/biohack44_6113_onnx/task070.onnx,
71,13.22640401182484,129780,128850,930,265,265,49,12082,submissions/biohack44_6113_onnx/task071.onnx,
72,17.801068759311825,1338,1260,78,268,268,11,1347,submissions/biohack44_6113_onnx/task072.onnx,
73,18.186555400489105,910,0,910,15,15,1,3825,submissions/biohack44_6113_onnx/task073.onnx,
74,15.009188619292196,21825,21780,45,267,267,18,1824,submissions/biohack44_6113_onnx/task074.onnx,
75,14.742796878157792,28487,28430,57,265,265,57,6812,submissions/biohack44_6113_onnx/task075.onnx,
76,10.340898873742972,2324699,2095201,229498,266,266,220,948872,submissions/biohack44_6113_onnx/task076.onnx,
77,12.83291249537243,192353,190140,2213,266,266,72,9860,submissions/biohack44_6113_onnx/task077.onnx,
78,15.65024557224114,11496,11460,36,266,266,25,1974,submissions/biohack44_6113_onnx/task078.onnx,
79,14.87525066556768,24953,24708,245,266,266,20,2695,submissions/biohack44_6113_onnx/task079.onnx,
80,0.0,,,,0,266,0,18484,submissions/biohack44_6113_onnx/task080.onnx,"Traceback (most recent call last): |   File ""$HOME/Desktop/kaggleonnx/tools/neurogolf_local.py"", line 284, in score_onnx |     output = session.run([""output""], {""input"": encode_grid(example[""input""])})[0] |                                                ~~~~~~~~~~~^^^^^^^^^^^^^^^^^^ |   File ""$HOME/Desktop/kaggleonnx/tools/neurogolf_local.py"", line 57, in encode_grid |     out[0, color, row, col] = 1.0 |     ~~~^^^^^^^^^^^^^^^^^^^^ | IndexError: index 30 is out of bounds for axis 3 with size 30"
81,17.256296741826247,2307,2198,109,264,264,35,3749,submissions/biohack44_6113_onnx/task081.onnx,
82,14.936138316402742,23479,23400,79,265,265,20,1645,submissions/biohack44_6113_onnx/task082.onnx,
83,17.504458056115745,1800,0,1800,266,266,1,7454,submissions/biohack44_6113_onnx/task083.onnx,
84,15.121163810905001,19513,19400,113,175,175,23,2820,submissions/biohack44_6113_onnx/task084.onnx,
85,13.36328292042622,113178,113040,138,265,265,20,2547,submissions/biohack44_6113_onnx/task085.onnx,
86,14.83966336368449,25857,25632,225,266,266,42,3099,submissions/biohack44_6113_onnx/task086.onnx,
87,19.070410856610106,376,360,16,266,266,2,474,submissions/biohack44_6113_onnx/task087.onnx,
88,13.468468702037654,101878,100626,1252,267,267,58,14980,submissions/biohack44_6113_onnx/task088.onnx,
89,14.179382068192274,50042,49943,99,267,267,181,17792,submissions/biohack44_6113_onnx/task089.onnx,
90,13.94350667496543,63354,63250,104,267,267,246,19660,submissions/biohack44_6113_onnx/task090.onnx,
91,14.150760005440098,51495,51388,107,266,266,43,4627,submissions/biohack44_6113_onnx/task091.onnx,
92,13.071487493631263,151526,151500,26,265,265,42,4299,submissions/biohack44_6113_onnx/task092.onnx,
93,14.579416523184522,33543,33432,111,265,265,52,3727,submissions/biohack44_6113_onnx/task093.onnx,
94,14.217923582773729,48150,48060,90,265,265,35,3767,submissions/biohack44_6113_onnx/task094.onnx,
95,18.186555400489105,910,0,910,265,265,1,3950,submissions/biohack44_6113_onnx/task095.onnx,
96,11.918302379321686,480075,477949,2126,266,266,480,64252,submissions/biohack44_6113_onnx/task096.onnx,
97,13.85348240488441,69322,68400,922,267,267,11,2494,submissions/biohack44_6113_onnx/task097.onnx,
98,18.186555400489105,910,0,910,266,266,1,3836,submissions/biohack44_6113_onnx/task098.onnx,
99,16.500970779211436,4910,0,4910,265,265,1,19839,submissions/biohack44_6113_onnx/task099.onnx,
100,16.135535944720324,7076,7033,43,266,266,28,4954,submissions/biohack44_6113_onnx/task100.onnx,
101,10.95188042987406,1261888,1257224,4664,266,266,206,39301,submissions/biohack44_6113_onnx/task101.onnx,
102,14.292472581952298,44691,44352,339,267,267,149,22167,submissions/biohack44_6113_onnx/task102.onnx,
103,19.454822555520437,256,199,57,223,223,13,1447,submissions/biohack44_6113_onnx/task103.onnx,
104,16.767293990139024,3762,2692,1070,7,7,21,3667,submissions/biohack44_6113_onnx/task104.onnx,
105,14.495480555811731,36480,29212,7268,266,266,52,18785,submissions/biohack44_6113_onnx/task105.onnx,
106,17.940382371708615,1164,1039,125,266,266,13,2939,submissions/biohack44_6113_onnx/task106.onnx,
107,13.799992367549814,73131,59450,13681,266,266,52,31191,submissions/biohack44_6113_onnx/task107.onnx,
108,17.504458056115745,1800,0,1800,266,266,1,7454,submissions/biohack44_6113_onnx/task108.onnx,
109,13.53934725626767,94907,93924,983,266,266,39,5491,submissions/biohack44_6113_onnx/task109.onnx,
110,13.329165213468928,117106,115921,1185,266,266,163,21494,submissions/biohack44_6113_onnx/task110.onnx,
111,18.319145321209785,797,772,25,265,265,15,1499,submissions/biohack44_6113_onnx/task111.onnx,
112,14.002075530206243,59750,59644,106,266,266,44,3987,submissions/biohack44_6113_onnx/task112.onnx,
113,21.598802618337846,30,0,30,265,265,1,499,submissions/biohack44_6113_onnx/task113.onnx,
114,17.865906278807135,1254,1091,163,266,266,26,4719,submissions/biohack44_6113_onnx/task114.onnx,
115,16.675906238549594,4122,4042,80,266,266,34,5069,submissions/biohack44_6113_onnx/task115.onnx,
116,21.598802618337846,30,0,30,267,267,1,479,submissions/biohack44_6113_onnx/task116.onnx,
117,15.169997536726349,18583,17955,628,265,265,74,8262,submissions/biohack44_6113_onnx/task117.onnx,
118,10.416339154360639,2155775,2153888,1887,267,267,1163,160396,submissions/biohack44_6113_onnx/task118.onnx,
119,14.224215401275607,47848,45936,1912,266,266,165,25915,submissions/biohack44_6113_onnx/task119.onnx,
120,18.186555400489105,910,0,910,266,266,1,3836,submissions/biohack44_6113_onnx/task120.onnx,
121,16.215837777729526,6530,6484,46,266,266,24,3339,submissions/biohack44_6113_onnx/task121.onnx,
122,17.17196196787417,2510,0,2510,266,266,1,10236,submissions/biohack44_6113_onnx/task122.onnx,
123,16.680282613149394,4104,3155,949,265,265,17,8805,submissions/biohack44_6113_onnx/task123.onnx,
124,15.634966238347337,11673,11320,353,267,267,52,2840,submissions/biohack44_6113_onnx/task124.onnx,
125,15.495722161409528,13417,13170,247,265,265,28,3032,submissions/biohack44_6113_onnx/task125.onnx,
126,13.636839844664504,86091,86044,47,266,266,29,2765,submissions/biohack44_6113_onnx/task126.onnx,
127,18.197605236675688,900,0,900,267,267,1,3772,submissions/biohack44_6113_onnx/task127.onnx,
128,13.537925821853902,95042,94940,102,266,266,28,3365,submissions/biohack44_6113_onnx/task128.onnx,
129,18.306676331730053,807,778,29,265,265,8,785,submissions/biohack44_6113_onnx/task129.onnx,
130,15.322911291498754,15948,15840,108,265,265,10,1293,submissions/biohack44_6113_onnx/task130.onnx,
131,14.295632567101045,44550,43599,951,266,266,103,7860,submissions/biohack44_6113_onnx/task131.onnx,
132,14.709279200950512,29458,29394,64,267,267,38,2585,submissions/biohack44_6113_onnx/task132.onnx,
133,8.949686311118306,9344642,9115748,228894,267,267,368,783434,submissions/biohack44_6113_onnx/task133.onnx,
134,15.259207863122649,16997,16917,80,266,266,68,7220,submissions/biohack44_6113_onnx/task134.onnx,
135,19.097366666598635,366,360,6,266,266,2,381,submissions/biohack44_6113_onnx/task135.onnx,
136,15.571890493047063,12433,12000,433,266,266,33,4284,submissions/biohack44_6113_onnx/task136.onnx,
137,13.808906465844856,72482,71516,966,266,266,36,3864,submissions/biohack44_6113_onnx/task137.onnx,
138,12.804159525036075,197964,197829,135,266,266,143,11562,submissions/biohack44_6113_onnx/task138.onnx,
139,16.803012072741105,3630,3456,174,265,265,33,3865,submissions/biohack44_6113_onnx/task139.onnx,
140,19.070410856610106,376,360,16,265,265,2,474,submissions/biohack44_6113_onnx/task140.onnx,
141,15.33103297180142,15819,15750,69,265,265,21,2345,submissions/biohack44_6113_onnx/task141.onnx,
142,17.504458056115745,1800,0,1800,266,266,1,7454,submissions/biohack44_6113_onnx/task142.onnx,
143,15.12486048297936,19441,19384,57,266,266,24,2144,submissions/biohack44_6113_onnx/task143.onnx,
144,18.333043207570793,786,736,50,267,267,13,1358,submissions/biohack44_6113_onnx/task144.onnx,
145,13.796906788126128,73357,72424,933,267,267,325,31434,submissions/biohack44_6113_onnx/task145.onnx,
146,17.277765255290394,2258,2232,26,267,267,29,1931,submissions/biohack44_6113_onnx/task146.onnx,
147,18.186555400489105,910,0,910,267,267,1,3825,submissions/biohack44_6113_onnx/task147.onnx,
148,14.99988495388028,22029,21676,353,266,266,110,6750,submissions/biohack44_6113_onnx/task148.onnx,
149,16.45538621300777,5139,5095,44,267,267,13,1404,submissions/biohack44_6113_onnx/task149.onnx,
150,18.01899425927827,1076,1040,36,266,266,11,1031,submissions/biohack44_6113_onnx/task150.onnx,
151,18.186555400489105,910,0,910,266,266,1,3880,submissions/biohack44_6113_onnx/task151.onnx,
152,17.504458056115745,1800,0,1800,267,267,1,7454,submissions/biohack44_6113_onnx/task152.onnx,
153,10.813646144927725,1448956,1443609,5347,265,265,14744,862351,submissions/biohack44_6113_onnx/task153.onnx,
154,14.033354639780164,57910,56944,966,266,266,44,4587,submissions/biohack44_6113_onnx/task154.onnx,
155,18.01899425927827,1076,1040,36,266,266,11,1031,submissions/biohack44_6113_onnx/task155.onnx,
156,14.012979956230856,59102,58135,967,265,265,65,7856,submissions/biohack44_6113_onnx/task156.onnx,
157,9.807851050097652,3961562,3760990,200572,265,265,436,830389,submissions/biohack44_6113_onnx/task157.onnx,
158,9.302832445315724,6564373,6563608,765,266,266,822,95337,submissions/biohack44_6113_onnx/task158.onnx,
159,13.597994922615115,89501,85396,4105,265,265,57,12966,submissions/biohack44_6113_onnx/task159.onnx,
160,15.676777470967144,11195,11100,95,265,265,19,1758,submissions/biohack44_6113_onnx/task160.onnx,
161,13.174397456688691,136708,136627,81,266,266,51,6008,submissions/biohack44_6113_onnx/task161.onnx,
162,13.944501582071068,63291,63248,43,266,266,19,2268,submissions/biohack44_6113_onnx/task162.onnx,
163,14.910655480935679,24085,22430,1655,267,267,68,9085,submissions/biohack44_6113_onnx/task163.onnx,
164,21.598802618337846,30,0,30,267,267,1,479,submissions/biohack44_6113_onnx/task164.onnx,
165,13.87976163077872,67524,66530,994,265,265,25,4910,submissions/biohack44_6113_onnx/task165.onnx,
166,14.881844714630706,24789,24752,37,266,266,11,1318,submissions/biohack44_6113_onnx/task166.onnx,
167,18.470581161737776,685,391,294,268,268,9,1673,submissions/biohack44_6113_onnx/task167.onnx,
168,14.628980620606175,31921,31636,285,265,265,44,7297,submissions/biohack44_6113_onnx/task168.onnx,
169,14.551604288400723,34489,33762,727,266,266,180,16353,submissions/biohack44_6113_onnx/task169.onnx,
170,13.683941363265761,82130,78315,3815,266,266,681,64849,submissions/biohack44_6113_onnx/task170.onnx,
171,18.186555400489105,910,0,910,54,54,1,3825,submissions/biohack44_6113_onnx/task171.onnx,
172,21.598802618337846,30,0,30,267,267,1,479,submissions/biohack44_6113_onnx/task172.onnx,
173,12.89103314541937,181492,181276,216,266,266,69,10108,submissions/biohack44_6113_onnx/task173.onnx,
174,14.120086625339015,53099,53025,74,266,266,790,61839,submissions/biohack44_6113_onnx/task174.onnx,
175,13.348835490806005,114825,112074,2751,266,266,22,12412,submissions/biohack44_6113_onnx/task175.onnx,
176,16.022853515191528,7920,7800,120,25,25,7,1126,submissions/biohack44_6113_onnx/task176.onnx,
177,13.778697696714815,74705,74600,105,265,265,37,4180,submissions/biohack44_6113_onnx/task177.onnx,
178,14.713599743826219,29331,28762,569,268,268,126,6748,submissions/biohack44_6113_onnx/task178.onnx,
179,25.0,0,0,0,267,267,1,170,submissions/biohack44_6113_onnx/task179.onnx,
180,16.084030688626395,7450,6528,922,268,268,6,2525,submissions/biohack44_6113_onnx/task180.onnx,
181,17.91493570604745,1194,1108,86,266,266,21,3083,submissions/biohack44_6113_onnx/task181.onnx,
182,11.452178055727607,765146,764200,946,267,267,522,70465,submissions/biohack44_6113_onnx/task182.onnx,
183,14.87826084223009,24878,24840,38,265,265,55,4645,submissions/biohack44_6113_onnx/task183.onnx,
184,0.0,,,,0,266,0,6934,submissions/biohack44_6113_onnx/task184.onnx,"Traceback (most recent call last): |   File ""$HOME/Desktop/kaggleonnx/tools/neurogolf_local.py"", line 284, in score_onnx |     output = session.run([""output""], {""input"": encode_grid(example[""input""])})[0] |                                                ~~~~~~~~~~~^^^^^^^^^^^^^^^^^^ |   File ""$HOME/Desktop/kaggleonnx/tools/neurogolf_local.py"", line 57, in encode_grid |     out[0, color, row, col] = 1.0 |     ~~~^^^^^^^^^^^^^^^^^^^^ | IndexError: index 30 is out of bounds for axis 2 with size 30"
185,13.763645234726843,75838,75771,67,267,267,242,18881,submissions/biohack44_6113_onnx/task185.onnx,
186,18.547951045562776,634,252,382,267,267,7,1598,submissions/biohack44_6113_onnx/task186.onnx,
187,13.409993130767205,108013,107100,913,266,266,87,8852,submissions/biohack44_6113_onnx/task187.onnx,
188,15.725371138141455,10664,10616,48,266,266,46,3259,submissions/biohack44_6113_onnx/task188.onnx,
189,14.886089460559042,24684,24380,304,266,266,110,6774,submissions/biohack44_6113_onnx/task189.onnx,
190,15.675973863620001,11204,11026,178,266,266,63,8781,submissions/biohack44_6113_onnx/task190.onnx,
191,13.33202140539001,116772,116632,140,227,267,219,8764,submissions/biohack44_6113_onnx/task191.onnx,
192,14.093402023637157,54535,54474,61,265,265,21,2511,submissions/biohack44_6113_onnx/task192.onnx,
193,14.109558240338645,53661,53600,61,266,266,14,1925,submissions/biohack44_6113_onnx/task193.onnx,
194,17.504458056115745,1800,0,1800,266,266,1,7454,submissions/biohack44_6113_onnx/task194.onnx,
195,15.436962585454308,14229,12310,1919,265,265,33,5381,submissions/biohack44_6113_onnx/task195.onnx,
196,14.618974770564057,32242,32175,67,266,266,31,2417,submissions/biohack44_6113_onnx/task196.onnx,
197,14.166555524825903,50688,50672,16,267,267,18,1223,submissions/biohack44_6113_onnx/task197.onnx,
198,13.449576458609688,103821,102908,913,266,266,51,6979,submissions/biohack44_6113_onnx/task198.onnx,
199,15.30989132872317,16157,16103,54,266,266,22,2948,submissions/biohack44_6113_onnx/task199.onnx,
200,15.739822393176645,10511,10446,65,84,84,39,2444,submissions/biohack44_6113_onnx/task200.onnx,
201,13.554497211347206,93480,92548,932,266,266,135,10924,submissions/biohack44_6113_onnx/task201.onnx,
202,0.0,,,,0,267,0,3582,submissions/biohack44_6113_onnx/task202.onnx,"Traceback (most recent call last): |   File ""$HOME/Desktop/kaggleonnx/tools/neurogolf_local.py"", line 284, in score_onnx |     output = session.run([""output""], {""input"": encode_grid(example[""input""])})[0] |                                                ~~~~~~~~~~~^^^^^^^^^^^^^^^^^^ |   File ""$HOME/Desktop/kaggleonnx/tools/neurogolf_local.py"", line 57, in encode_grid |     out[0, color, row, col] = 1.0 |     ~~~^^^^^^^^^^^^^^^^^^^^ | IndexError: index 30 is out of bounds for axis 3 with size 30"
203,13.602193622149995,89126,88436,690,267,267,36,6437,submissions/biohack44_6113_onnx/task203.onnx,
204,12.815033531017278,195823,190032,5791,268,268,128,20456,submissions/biohack44_6113_onnx/task204.onnx,
205,12.284351511354425,332917,332695,222,266,266,671,48510,submissions/biohack44_6113_onnx/task205.onnx,
206,13.89534357047067,66480,66250,230,266,266,224,20303,submissions/biohack44_6113_onnx/task206.onnx,
207,17.463636061595487,1875,1840,35,265,265,25,1979,submissions/biohack44_6113_onnx/task207.onnx,
208,13.566031166031484,92408,91886,522,266,266,196,15885,submissions/biohack44_6113_onnx/task208.onnx,
209,10.110661086794275,2926562,2788300,138262,266,266,4286,1294052,submissions/biohack44_6113_onnx/task209.onnx,
210,21.598802618337846,30,0,30,266,266,1,479,submissions/biohack44_6113_onnx/task210.onnx,
211,17.504458056115745,1800,0,1800,266,266,1,7454,submissions/biohack44_6113_onnx/task211.onnx,
212,15.782783324084384,10069,9832,237,265,265,53,4712,submissions/biohack44_6113_onnx/task212.onnx,
213,14.132022202010482,52469,52309,160,265,265,385,25091,submissions/biohack44_6113_onnx/task213.onnx,
214,17.504458056115745,1800,0,1800,266,266,1,7454,submissions/biohack44_6113_onnx/task214.onnx,
215,14.321347587694286,43419,43324,95,265,265,39,2619,submissions/biohack44_6113_onnx/task215.onnx,
216,13.449663150031625,103812,103712,100,266,266,276,11049,submissions/biohack44_6113_onnx/task216.onnx,
217,13.747647405002935,77061,75126,1935,266,266,34,7268,submissions/biohack44_6113_onnx/task217.onnx,
218,14.948006239164648,23202,23158,44,266,266,137,9594,submissions/biohack44_6113_onnx/task218.onnx,
219,8.421776512802126,15842765,15839317,3448,265,265,532,87016,submissions/biohack44_6113_onnx/task219.onnx,
220,18.197605236675688,900,0,900,267,267,1,3798,submissions/biohack44_6113_onnx/task220.onnx,
221,14.069235056400384,55869,50841,5028,267,267,28,13333,submissions/biohack44_6113_onnx/task221.onnx,
222,14.031198444197276,58035,57948,87,266,266,21,2578,submissions/biohack44_6113_onnx/task222.onnx,
223,17.504458056115745,1800,0,1800,265,265,1,7454,submissions/biohack44_6113_onnx/task223.onnx,
224,13.84392092223549,69988,69806,182,266,266,54,6314,submissions/biohack44_6113_onnx/task224.onnx,
225,15.672765876552319,11240,10632,608,265,265,33,3427,submissions/biohack44_6113_onnx/task225.onnx,
226,16.37682648504653,5559,5408,151,133,133,39,3203,submissions/biohack44_6113_onnx/task226.onnx,
227,17.018266713308115,2927,2880,47,267,267,14,1135,submissions/biohack44_6113_onnx/task227.onnx,
228,14.86993479941538,25086,25008,78,266,266,61,2649,submissions/biohack44_6113_onnx/task228.onnx,
229,17.74936448810132,1409,1364,45,267,267,14,1379,submissions/biohack44_6113_onnx/task229.onnx,
230,18.197605236675688,900,0,900,0,266,1,3798,submissions/biohack44_6113_onnx/task230.onnx,
231,14.445542345803112,38348,38246,102,266,266,50,2605,submissions/biohack44_6113_onnx/task231.onnx,
232,14.707956157758622,29497,29428,69,266,266,29,1616,submissions/biohack44_6113_onnx/task232.onnx,
233,9.595732718720246,4897656,4754696,142960,182,266,1372,938774,submissions/biohack44_6113_onnx/task233.onnx,
234,13.151045253641602,139938,138492,1446,266,266,96,8333,submissions/biohack44_6113_onnx/task234.onnx,
235,17.801068759311825,1338,1224,114,69,69,35,3090,submissions/biohack44_6113_onnx/task235.onnx,
236,18.417974861107176,722,672,50,267,267,11,1291,submissions/biohack44_6113_onnx/task236.onnx,
237,15.430308268881676,14324,14283,41,266,266,25,1637,submissions/biohack44_6113_onnx/task237.onnx,
238,13.927565965061614,64372,62905,1467,266,266,102,11927,submissions/biohack44_6113_onnx/task238.onnx,
239,13.525015267707683,96277,95891,386,267,267,33,4143,submissions/biohack44_6113_onnx/task239.onnx,
240,14.22660078877651,47734,47660,74,266,266,32,3165,submissions/biohack44_6113_onnx/task240.onnx,
241,25.0,0,0,0,266,266,1,170,submissions/biohack44_6113_onnx/task241.onnx,
242,14.896432835748215,24430,24394,36,266,266,16,2031,submissions/biohack44_6113_onnx/task242.onnx,
243,11.524262319784818,711932,711900,32,265,265,447,24522,submissions/biohack44_6113_onnx/task243.onnx,
244,14.607196507185764,32624,32539,85,266,266,66,6538,submissions/biohack44_6113_onnx/task244.onnx,
245,13.600680058652966,89261,88264,997,267,267,47,6141,submissions/biohack44_6113_onnx/task245.onnx,
246,15.497661881504435,13391,12960,431,266,266,31,3824,submissions/biohack44_6113_onnx/task246.onnx,
247,14.99327919282222,22175,22142,33,269,269,25,2056,submissions/biohack44_6113_onnx/task247.onnx,
248,16.12094533795773,7180,7132,48,13,13,23,2328,submissions/biohack44_6113_onnx/task248.onnx,
249,15.740964706485059,10499,10176,323,265,265,21,1990,submissions/biohack44_6113_onnx/task249.onnx,
250,15.496915389979772,13401,13152,249,265,265,129,8113,submissions/biohack44_6113_onnx/task250.onnx,
251,13.47239284049379,101479,100560,919,266,266,53,6906,submissions/biohack44_6113_onnx/task251.onnx,
252,14.447160426903599,38286,37800,486,266,266,38,3651,submissions/biohack44_6113_onnx/task252.onnx,
253,14.215455188361384,48269,47830,439,265,265,17,3510,submissions/biohack44_6113_onnx/task253.onnx,
254,16.018318360026136,7956,7798,158,265,265,49,4960,submissions/biohack44_6113_onnx/task254.onnx,
255,7.414992030351591,43358268,43340368,17900,265,265,851,106804,submissions/biohack44_6113_onnx/task255.onnx,
256,15.033960272806908,21291,20050,1241,266,266,40,5118,submissions/biohack44_6113_onnx/task256.onnx,
257,18.01806532284361,1077,1024,53,269,269,20,1369,submissions/biohack44_6113_onnx/task257.onnx,
258,19.924826184766175,160,0,160,266,266,1,880,submissions/biohack44_6113_onnx/task258.onnx,
259,16.162899588837245,6885,6835,50,266,266,30,3882,submissions/biohack44_6113_onnx/task259.onnx,
260,15.568598242913932,12474,12332,142,266,266,28,2263,submissions/biohack44_6113_onnx/task260.onnx,
261,19.701682633451963,200,0,200,265,265,1,995,submissions/biohack44_6113_onnx/task261.onnx,
262,16.086315175274706,7433,7404,29,11,11,8,1329,submissions/biohack44_6113_onnx/task262.onnx,
263,16.0058275656016,8056,8004,52,267,267,159,7427,submissions/biohack44_6113_onnx/task263.onnx,
264,13.154639006390818,139436,138584,852,265,265,115,10074,submissions/biohack44_6113_onnx/task264.onnx,
265,14.408076346634045,39812,39681,131,266,266,32,3110,submissions/biohack44_6113_onnx/task265.onnx,
266,18.186555400489105,910,0,910,20,20,1,3825,submissions/biohack44_6113_onnx/task266.onnx,
267,17.865109148434115,1255,1160,95,264,264,11,1306,submissions/biohack44_6113_onnx/task267.onnx,
268,14.983764287772118,22387,22288,99,266,266,180,13356,submissions/biohack44_6113_onnx/task268.onnx,
269,15.940249986656319,8602,8506,96,266,266,31,2336,submissions/biohack44_6113_onnx/task269.onnx,
270,14.733780881942609,28745,28245,500,266,266,60,7597,submissions/biohack44_6113_onnx/task270.onnx,
271,14.725259284025897,28991,28928,63,267,267,22,1993,submissions/biohack44_6113_onnx/task271.onnx,
272,18.186555400489105,910,0,910,267,267,1,3825,submissions/biohack44_6113_onnx/task272.onnx,
273,16.294337521203573,6037,6000,37,266,266,22,2414,submissions/biohack44_6113_onnx/task273.onnx,
274,15.921934667333636,8761,8372,389,269,269,16,3619,submissions/biohack44_6113_onnx/task274.onnx,
275,13.66280982894899,83884,81110,2774,266,266,253,24193,submissions/biohack44_6113_onnx/task275.onnx,
276,22.697414907005953,10,0,10,266,266,1,217,submissions/biohack44_6113_onnx/task276.onnx,
277,13.83515792089983,70604,69667,937,266,266,58,5153,submissions/biohack44_6113_onnx/task277.onnx,
278,14.55468246483519,34383,34020,363,265,265,16,2285,submissions/biohack44_6113_onnx/task278.onnx,
279,14.7808991100834,27422,27136,286,266,266,43,3082,submissions/biohack44_6113_onnx/task279.onnx,
280,13.156002567937232,139246,139200,46,267,267,138,16655,submissions/biohack44_6113_onnx/task280.onnx,
281,13.597168457826845,89575,88588,987,266,266,64,7659,submissions/biohack44_6113_onnx/task281.onnx,
282,18.197605236675688,900,0,900,0,265,1,3798,submissions/biohack44_6113_onnx/task282.onnx,
283,18.186555400489105,910,0,910,265,265,1,3825,submissions/biohack44_6113_onnx/task283.onnx,
284,13.304486347118386,120032,117157,2875,266,266,145,30975,submissions/biohack44_6113_onnx/task284.onnx,
285,6.580943203937519,99837737,99835200,2537,265,265,477,39015,submissions/biohack44_6113_onnx/task285.onnx,
286,12.965718550640606,168431,167129,1302,265,265,168,13714,submissions/biohack44_6113_onnx/task286.onnx,
287,14.97575605882809,22567,22528,39,267,267,22,1706,submissions/biohack44_6113_onnx/task287.onnx,
288,14.200567290255147,48993,48952,41,267,267,52,7847,submissions/biohack44_6113_onnx/task288.onnx,
289,14.86017630236368,25332,25252,80,268,268,28,2041,submissions/biohack44_6113_onnx/task289.onnx,
290,13.384048742718665,110852,106308,4544,266,266,87,42089,submissions/biohack44_6113_onnx/task290.onnx,
291,16.627370259775116,4327,3396,931,265,265,22,6009,submissions/biohack44_6113_onnx/task291.onnx,
292,16.244577619851512,6345,6240,105,28,28,7,1146,submissions/biohack44_6113_onnx/task292.onnx,
293,14.862033386485917,25285,24789,496,267,267,52,9897,submissions/biohack44_6113_onnx/task293.onnx,
294,18.186555400489105,910,0,910,265,265,1,3825,submissions/biohack44_6113_onnx/task294.onnx,
295,15.58867988941133,12226,12161,65,268,268,23,1956,submissions/biohack44_6113_onnx/task295.onnx,
296,16.67760588688883,4115,3762,353,268,268,10,2843,submissions/biohack44_6113_onnx/task296.onnx,
297,15.832775919097445,9578,9510,68,265,265,32,2747,submissions/biohack44_6113_onnx/task297.onnx,
298,15.387667209394625,14948,14414,534,267,267,35,3322,submissions/biohack44_6113_onnx/task298.onnx,
299,17.5100291011652,1790,1728,62,21,21,21,1405,submissions/biohack44_6113_onnx/task299.onnx,
300,13.74099951068342,77575,77438,137,267,267,43,4688,submissions/biohack44_6113_onnx/task300.onnx,
301,13.766695849526213,75607,73760,1847,266,266,49,17629,submissions/biohack44_6113_onnx/task301.onnx,
302,15.03161461588603,21341,21312,29,266,266,36,2639,submissions/biohack44_6113_onnx/task302.onnx,
303,13.701382237681582,80710,80400,310,265,265,8,2084,submissions/biohack44_6113_onnx/task303.onnx,
304,15.413005601769772,14574,14476,98,266,266,17,2136,submissions/biohack44_6113_onnx/task304.onnx,
305,16.71802294113224,3952,3668,284,266,266,6,1865,submissions/biohack44_6113_onnx/task305.onnx,
306,13.494673332905101,99243,99174,69,265,265,33,4101,submissions/biohack44_6113_onnx/task306.onnx,
307,17.504458056115745,1800,0,1800,266,266,1,7454,submissions/biohack44_6113_onnx/task307.onnx,
308,14.199975544076578,49022,48912,110,266,266,60,4088,submissions/biohack44_6113_onnx/task308.onnx,
309,22.697414907005953,10,0,10,265,265,1,217,submissions/biohack44_6113_onnx/task309.onnx,
310,14.016845153963535,58874,58005,869,266,266,44,5449,submissions/biohack44_6113_onnx/task310.onnx,
311,21.598802618337846,30,0,30,266,266,1,479,submissions/biohack44_6113_onnx/task311.onnx,
312,15.791761836115688,9979,9960,19,265,265,8,1202,submissions/biohack44_6113_onnx/task312.onnx,
313,13.655114560117957,84532,79985,4547,266,266,34,39887,submissions/biohack44_6113_onnx/task313.onnx,
314,15.941180435665059,8594,8416,178,266,266,282,24532,submissions/biohack44_6113_onnx/task314.onnx,
315,15.469099027006097,13779,13680,99,266,266,10,1520,submissions/biohack44_6113_onnx/task315.onnx,
316,14.150468757440368,51510,51462,48,266,266,49,5537,submissions/biohack44_6113_onnx/task316.onnx,
317,18.197605236675688,900,0,900,0,265,1,3798,submissions/biohack44_6113_onnx/task317.onnx,
318,18.374607631992042,754,704,50,267,267,12,1319,submissions/biohack44_6113_onnx/task318.onnx,
319,7.908637506610479,26465763,26456820,8943,267,267,2709,247340,submissions/biohack44_6113_onnx/task319.onnx,
320,16.445511023840066,5190,5049,141,266,266,19,2183,submissions/biohack44_6113_onnx/task320.onnx,
321,16.385498626116764,5511,5376,135,267,267,22,1733,submissions/biohack44_6113_onnx/task321.onnx,
322,18.046315789129462,1047,1026,21,266,266,9,892,submissions/biohack44_6113_onnx/task322.onnx,
323,14.676717175047553,30433,29846,587,172,172,59,10261,submissions/biohack44_6113_onnx/task323.onnx,
324,11.56797194777977,681484,677682,3802,266,266,260,30635,submissions/biohack44_6113_onnx/task324.onnx,
325,14.330533108254256,43022,41120,1902,266,266,39,5072,submissions/biohack44_6113_onnx/task325.onnx,
326,19.888012211643456,166,160,6,266,266,2,388,submissions/biohack44_6113_onnx/task326.onnx,
327,16.07096209351156,7548,7516,32,265,265,18,1638,submissions/biohack44_6113_onnx/task327.onnx,
328,13.846066446780867,69838,66790,3048,267,267,121,16269,submissions/biohack44_6113_onnx/task328.onnx,
329,15.76399188127524,10260,10214,46,266,266,21,1652,submissions/biohack44_6113_onnx/task329.onnx,
330,13.964529859320656,62036,60200,1836,266,266,22,7312,submissions/biohack44_6113_onnx/task330.onnx,
331,18.186555400489105,910,0,910,265,265,1,3836,submissions/biohack44_6113_onnx/task331.onnx,
332,15.844327029366125,9468,9306,162,267,267,30,3295,submissions/biohack44_6113_onnx/task332.onnx,
333,14.877658081568091,24893,24840,53,265,265,55,4379,submissions/biohack44_6113_onnx/task333.onnx,
334,18.157316717761578,937,644,293,271,271,6,1456,submissions/biohack44_6113_onnx/task334.onnx,
335,14.193063823603016,49362,49248,114,266,266,38,2757,submissions/biohack44_6113_onnx/task335.onnx,
336,16.294503180112258,6036,5900,136,31,31,54,5276,submissions/biohack44_6113_onnx/task336.onnx,
337,22.697414907005953,10,0,10,266,266,1,159,submissions/biohack44_6113_onnx/task337.onnx,
338,14.271263020021859,45649,44375,1274,267,267,37,4510,submissions/biohack44_6113_onnx/task338.onnx,
339,18.215542937362358,884,776,108,266,266,13,1588,submissions/biohack44_6113_onnx/task339.onnx,
340,13.838861444895729,70343,70180,163,266,266,72,4180,submissions/biohack44_6113_onnx/task340.onnx,
341,15.15493636760159,18865,18576,289,266,266,101,8743,submissions/biohack44_6113_onnx/task341.onnx,
342,15.5946686681292,12153,11916,237,266,266,40,3200,submissions/biohack44_6113_onnx/task342.onnx,
343,14.700054448515683,29731,29362,369,266,266,86,7569,submissions/biohack44_6113_onnx/task343.onnx,
344,17.17196196787417,2510,0,2510,266,266,1,10236,submissions/biohack44_6113_onnx/task344.onnx,
345,14.164525547483393,50791,49850,941,264,264,34,4062,submissions/biohack44_6113_onnx/task345.onnx,
346,15.875435405045222,9178,9069,109,267,267,13,2236,submissions/biohack44_6113_onnx/task346.onnx,
347,17.603051397378987,1631,1584,47,269,269,12,1129,submissions/biohack44_6113_onnx/task347.onnx,
348,16.103411928208782,7307,7168,139,265,265,29,3000,submissions/biohack44_6113_onnx/task348.onnx,
349,13.103296228159195,146782,146700,82,267,267,89,8755,submissions/biohack44_6113_onnx/task349.onnx,
350,14.734337655454574,28729,28080,649,267,267,19,2670,submissions/biohack44_6113_onnx/task350.onnx,
351,14.532506311227156,35154,35114,40,265,265,25,3049,submissions/biohack44_6113_onnx/task351.onnx,
352,16.20124341714016,6626,6600,26,266,266,11,1398,submissions/biohack44_6113_onnx/task352.onnx,
353,16.403810802357263,5411,5186,225,271,271,31,3244,submissions/biohack44_6113_onnx/task353.onnx,
354,14.653398373570951,31151,30900,251,266,266,42,2948,submissions/biohack44_6113_onnx/task354.onnx,
355,15.185780915222054,18292,18168,124,267,267,45,4506,submissions/biohack44_6113_onnx/task355.onnx,
356,16.482406888562437,5002,4880,122,266,266,21,2344,submissions/biohack44_6113_onnx/task356.onnx,
357,16.12094533795773,7180,7132,48,13,13,23,2328,submissions/biohack44_6113_onnx/task357.onnx,
358,13.355862079061728,114021,113605,416,265,265,132,10944,submissions/biohack44_6113_onnx/task358.onnx,
359,14.156974048870026,51176,51042,134,266,266,32,3909,submissions/biohack44_6113_onnx/task359.onnx,
360,15.680267251252621,11156,11120,36,266,266,13,1271,submissions/biohack44_6113_onnx/task360.onnx,
361,15.263925687524708,16917,16641,276,266,266,61,6930,submissions/biohack44_6113_onnx/task361.onnx,
362,15.604176407892284,12038,11894,144,267,267,28,1896,submissions/biohack44_6113_onnx/task362.onnx,
363,11.778799940942104,551943,513226,38717,265,265,260,170389,submissions/biohack44_6113_onnx/task363.onnx,
364,13.056130131977039,153871,151980,1891,266,266,63,10174,submissions/biohack44_6113_onnx/task364.onnx,
365,14.01463948280006,59004,58933,71,266,266,242,17605,submissions/biohack44_6113_onnx/task365.onnx,
366,0.0,,,,0,266,0,1269927,submissions/biohack44_6113_onnx/task366.onnx,"Traceback (most recent call last): |   File ""$HOME/Desktop/kaggleonnx/tools/neurogolf_local.py"", line 284, in score_onnx |     output = session.run([""output""], {""input"": encode_grid(example[""input""])})[0] |                                                ~~~~~~~~~~~^^^^^^^^^^^^^^^^^^ |   File ""$HOME/Desktop/kaggleonnx/tools/neurogolf_local.py"", line 57, in encode_grid |     out[0, color, row, col] = 1.0 |     ~~~^^^^^^^^^^^^^^^^^^^^ | IndexError: index 30 is out of bounds for axis 3 with size 30"
367,10.576070973002405,1837523,1778350,59173,266,266,694,293653,submissions/biohack44_6113_onnx/task367.onnx,
368,14.615970788806473,32339,32264,75,265,265,186,8950,submissions/biohack44_6113_onnx/task368.onnx,
369,16.04726523289313,7729,7200,529,265,265,26,2940,submissions/biohack44_6113_onnx/task369.onnx,
370,12.221756427464182,354422,353841,581,266,266,319,25060,submissions/biohack44_6113_onnx/task370.onnx,
371,15.039140167606002,21181,21092,89,266,266,23,1810,submissions/biohack44_6113_onnx/task371.onnx,
372,15.633510945533885,11690,11660,30,266,266,14,1214,submissions/biohack44_6113_onnx/task372.onnx,
373,18.559053459367078,627,600,27,75,75,8,960,submissions/biohack44_6113_onnx/task373.onnx,
374,14.140289716998371,52037,51404,633,267,267,144,16450,submissions/biohack44_6113_onnx/task374.onnx,
375,15.372793097191211,15172,15113,59,58,58,19,2214,submissions/biohack44_6113_onnx/task375.onnx,
376,14.388895461309366,40583,40544,39,39,39,27,1741,submissions/biohack44_6113_onnx/task376.onnx,
377,13.919689898259202,64881,62741,2140,266,266,208,19220,submissions/biohack44_6113_onnx/task377.onnx,
378,14.378672654313554,41000,40516,484,267,267,96,6343,submissions/biohack44_6113_onnx/task378.onnx,
379,13.80864436614891,72501,70769,1732,266,266,107,10260,submissions/biohack44_6113_onnx/task379.onnx,
380,18.397412107810663,737,720,17,267,267,3,531,submissions/biohack44_6113_onnx/task380.onnx,
381,14.3494217374937,42217,41280,937,265,265,24,3435,submissions/biohack44_6113_onnx/task381.onnx,
382,12.824252550315938,194026,183088,10938,266,266,325,34556,submissions/biohack44_6113_onnx/task382.onnx,
383,13.224964148940515,129967,129030,937,266,266,57,6805,submissions/biohack44_6113_onnx/task383.onnx,
384,13.77808213091013,74751,74616,135,266,266,39,4542,submissions/biohack44_6113_onnx/task384.onnx,
385,21.598802618337846,30,0,30,265,265,1,175,submissions/biohack44_6113_onnx/task385.onnx,
386,17.300610593743265,2207,2160,47,268,268,14,1171,submissions/biohack44_6113_onnx/task386.onnx,
387,10.460747103232794,2062136,2060172,1964,266,266,875,89870,submissions/biohack44_6113_onnx/task387.onnx,
388,15.714644924218371,10779,10604,175,266,266,50,4820,submissions/biohack44_6113_onnx/task388.onnx,
389,17.451444020830127,1898,1856,42,266,266,13,1421,submissions/biohack44_6113_onnx/task389.onnx,
390,14.884591636172143,24721,23724,997,266,266,43,4970,submissions/biohack44_6113_onnx/task390.onnx,
391,15.787561829941671,10021,9992,29,267,267,26,2841,submissions/biohack44_6113_onnx/task391.onnx,
392,14.662459882503795,30870,28772,2098,266,266,51,8330,submissions/biohack44_6113_onnx/task392.onnx,
393,16.321879144477478,5873,5844,29,265,265,22,2433,submissions/biohack44_6113_onnx/task393.onnx,
394,16.53346872338599,4753,4718,35,266,266,80,3787,submissions/biohack44_6113_onnx/task394.onnx,
395,17.581219117249205,1667,1620,47,268,268,14,1179,submissions/biohack44_6113_onnx/task395.onnx,
396,12.967995068137443,168048,151392,16656,266,266,407,148123,submissions/biohack44_6113_onnx/task396.onnx,
397,15.036311444773116,21241,21046,195,266,266,86,7345,submissions/biohack44_6113_onnx/task397.onnx,
398,13.65782726945465,84303,83533,770,268,268,44,8768,submissions/biohack44_6113_onnx/task398.onnx,
399,17.48302277539568,1839,930,909,273,273,8,1907,submissions/biohack44_6113_onnx/task399.onnx,
400,14.532534757896764,35153,35114,39,266,266,25,2165,submissions/biohack44_6113_onnx/task400.onnx,
