task_id,changed,anchor_sha256,candidate_sha256,candidate_bytes
task001,False,e797ed891931604093a242891035430eac3d4815502c982c3a516c6f7db1b462,e797ed891931604093a242891035430eac3d4815502c982c3a516c6f7db1b462,1137
task002,False,061d2e2653a43e3b6ab1a7b4546a48b6ffa65b23790106ab1742676020c96040,061d2e2653a43e3b6ab1a7b4546a48b6ffa65b23790106ab1742676020c96040,14560
task003,False,155de80550da61e01bc0f6cc5de93f980b0473d08c29baf3bb04a2529f532c86,155de80550da61e01bc0f6cc5de93f980b0473d08c29baf3bb04a2529f532c86,3120
task004,False,fc9ef5d39847fe678249f3dd2ef4701d2d49b2afb4c27c424b79b6f9967ca118,fc9ef5d39847fe678249f3dd2ef4701d2d49b2afb4c27c424b79b6f9967ca118,2522
task005,False,c989d743986f147d63585c2e22e752e367106ddc6985982b435a33567b89a2b6,c989d743986f147d63585c2e22e752e367106ddc6985982b435a33567b89a2b6,10910
task006,False,17e048671c7f056a80feba6875cdbb34da1521c36887cfdb399f371d8d5e163c,17e048671c7f056a80feba6875cdbb34da1521c36887cfdb399f371d8d5e163c,1124
task007,False,6df9108f0aec1564c4fd08e1e738288d4247e6be0f49919ed6a106278d0c3981,6df9108f0aec1564c4fd08e1e738288d4247e6be0f49919ed6a106278d0c3981,1258
task008,False,9f554244f259a2a22a65b8388f8589f19cb9a1db25ad57eeb687660e73a541ba,9f554244f259a2a22a65b8388f8589f19cb9a1db25ad57eeb687660e73a541ba,7667
task009,False,2043f559e1ee947e2533c1ca00c25a699daed5b516d1bb4bf3515822ea52518d,2043f559e1ee947e2533c1ca00c25a699daed5b516d1bb4bf3515822ea52518d,30956
task010,False,92d798f28d116dabbd7bef3a2e3f10f312184eb43390d09a00b3fe6c22a61b58,92d798f28d116dabbd7bef3a2e3f10f312184eb43390d09a00b3fe6c22a61b58,4038
task011,False,3f64ad20a9feacc16ad2ce2296652dbc2fb5438e444a47af1f885a374cd43046,3f64ad20a9feacc16ad2ce2296652dbc2fb5438e444a47af1f885a374cd43046,10170
task012,False,df320d75ab6b4ecabfe62ab2fba6c963a9060bd9c5703fcede7dc2ff460629bc,df320d75ab6b4ecabfe62ab2fba6c963a9060bd9c5703fcede7dc2ff460629bc,1906
task013,False,98f0942c7dbfaf541df9396cfbf3af4d1699a7f8bae9f96b9c4541f220eea98f,98f0942c7dbfaf541df9396cfbf3af4d1699a7f8bae9f96b9c4541f220eea98f,18384
task014,False,33aac8a1b4845a677ce6e8d07d81f5483ca78d158e8f09368fccba9384f7b28f,33aac8a1b4845a677ce6e8d07d81f5483ca78d158e8f09368fccba9384f7b28f,5317
task015,False,1ab641692d1424be973ca0ca5d26e88172d7be86363973c99ffda1b0d2dfd046,1ab641692d1424be973ca0ca5d26e88172d7be86363973c99ffda1b0d2dfd046,3774
task016,False,fb83a8e988f586009bf17279b7aedb194e3492a8e6f357be6d5e9ed903615733,fb83a8e988f586009bf17279b7aedb194e3492a8e6f357be6d5e9ed903615733,158
task017,False,86a0f99d52f9f95e1708c3dea4a9c7f93d6ec4c0cb6c4a432e2fc59e8d33c941,86a0f99d52f9f95e1708c3dea4a9c7f93d6ec4c0cb6c4a432e2fc59e8d33c941,8079
task018,False,5f2d48dfb685523b95f6728e7537afda1089560ef90a4040dd4d493d426b24fc,5f2d48dfb685523b95f6728e7537afda1089560ef90a4040dd4d493d426b24fc,29359
task019,False,b9e7bc0ecebe4cce72ea9df2a550b91561dfd30ed40820c398a63d11402f785a,b9e7bc0ecebe4cce72ea9df2a550b91561dfd30ed40820c398a63d11402f785a,2566
task020,False,4abb72f71f86d299893dcb1ee3be5937bc57ae169a6d1c33af77157df2be6f0d,4abb72f71f86d299893dcb1ee3be5937bc57ae169a6d1c33af77157df2be6f0d,31378
task021,False,d5e8b9b81a83f0b1e5a6f81304b1109485b1c925755846342775c896e62bf53e,d5e8b9b81a83f0b1e5a6f81304b1109485b1c925755846342775c896e62bf53e,30934
task022,False,c97568f12ccd4cd1ba279f87d1c748542785951464273c2ab4a544bd8be6a451,c97568f12ccd4cd1ba279f87d1c748542785951464273c2ab4a544bd8be6a451,5021
task023,False,381d1261e875c1cddec3fdc4fdca4eff331d3edad2677ad6ba7a97a0d16be814,381d1261e875c1cddec3fdc4fdca4eff331d3edad2677ad6ba7a97a0d16be814,33067
task024,False,f8a1d671c3118abe56700d79b82cd03b36acad2b03a5453a7790ca311b792d5d,f8a1d671c3118abe56700d79b82cd03b36acad2b03a5453a7790ca311b792d5d,3233
task025,False,8af5c50b49f5d98f1afc1df69981e7ab0394291ee5227dd01d45f4380208bd61,8af5c50b49f5d98f1afc1df69981e7ab0394291ee5227dd01d45f4380208bd61,13460
task026,False,6f2ec0df41142b092b3969907e8727615212d3cd6b747e648faaef295b4b0a1a,6f2ec0df41142b092b3969907e8727615212d3cd6b747e648faaef295b4b0a1a,1309
task027,False,63da1fe45860bc98d31a806aeabad3d8d81890198997b6d66fe5343ab004d658,63da1fe45860bc98d31a806aeabad3d8d81890198997b6d66fe5343ab004d658,16205
task028,False,5882fa43bf7f98d605e8098fc72437800e43705b6484f0675c3c72fae26e9e30,5882fa43bf7f98d605e8098fc72437800e43705b6484f0675c3c72fae26e9e30,1867
task029,False,67b2f5bba2a2aea6aec1a4bebfab5e828d34965219f8f312739337d2e77a59ce,67b2f5bba2a2aea6aec1a4bebfab5e828d34965219f8f312739337d2e77a59ce,13589
task030,False,24c30df3c65fe9519cdd613707486e52f067c179db811879c4c774186aee3ab1,24c30df3c65fe9519cdd613707486e52f067c179db811879c4c774186aee3ab1,7091
task031,False,827e7229dd650485407f1ae7c8a511d8abc13716486a76f29cabbe46f1b02945,827e7229dd650485407f1ae7c8a511d8abc13716486a76f29cabbe46f1b02945,3417
task032,False,64d66eeaba95588367af53102ecf4fb2ceb4c93327b677f80f1a9591b342f6a5,64d66eeaba95588367af53102ecf4fb2ceb4c93327b677f80f1a9591b342f6a5,2347
task033,False,60ab4cceeab38a8952d0157e862ec2f374a51c7d70c00bdecdf9833a703455b5,60ab4cceeab38a8952d0157e862ec2f374a51c7d70c00bdecdf9833a703455b5,1510
task034,False,7400b12dcb940f16d35589b5657e932c80b9aa92e8aed8c1f41a38cdff070b08,7400b12dcb940f16d35589b5657e932c80b9aa92e8aed8c1f41a38cdff070b08,11293
task035,False,15a9c474e70c83253daaa3ff80387d3b29feadebd4ec8018b87fc277cf69f62a,15a9c474e70c83253daaa3ff80387d3b29feadebd4ec8018b87fc277cf69f62a,3707
task036,False,d7094831039c82b0ccba7ebaa49bf55b3bcdb390b5a794a0b83217daef0c9231,d7094831039c82b0ccba7ebaa49bf55b3bcdb390b5a794a0b83217daef0c9231,5484
task037,False,e19669c0dec2c6b73986d1bd07ec5c19bb0bc452edb6cf3d006f85657ae46d12,e19669c0dec2c6b73986d1bd07ec5c19bb0bc452edb6cf3d006f85657ae46d12,20424
task038,False,a83d43302a9ef7e5b284cc1e38fc4ce8deedb152481de569220ea69b94855018,a83d43302a9ef7e5b284cc1e38fc4ce8deedb152481de569220ea69b94855018,2357
task039,False,4e9c2db4798edb627e65601fb59b0b194a91b536746f1a97fab3a7317054d3be,4e9c2db4798edb627e65601fb59b0b194a91b536746f1a97fab3a7317054d3be,1913
task040,False,f75c35724647ee41a691e8449bf8b38434ce9912519b1b33845a1eeb08cebff5,f75c35724647ee41a691e8449bf8b38434ce9912519b1b33845a1eeb08cebff5,4167
task041,False,2ae5ccde56d9118ad549ef2a4383dfc5a74e4b8fcbbd3b3dc4d09c92209444a6,2ae5ccde56d9118ad549ef2a4383dfc5a74e4b8fcbbd3b3dc4d09c92209444a6,2110
task042,False,ef03e8f8fc1c3d00a4fb8e89f1dc70bc68cf2c46e4d75b1cf83777750aacf344,ef03e8f8fc1c3d00a4fb8e89f1dc70bc68cf2c46e4d75b1cf83777750aacf344,8543
task043,False,16b05e98645b4d8da6cf555ed59cb2165317fe07248f91dd11f6747c0b38c22b,16b05e98645b4d8da6cf555ed59cb2165317fe07248f91dd11f6747c0b38c22b,1966
task044,False,69911a7f65f60c706b526a2866022a0d790308d2228f38db8db339687f5ec060,69911a7f65f60c706b526a2866022a0d790308d2228f38db8db339687f5ec060,33172
task045,False,0c34816a463730d6403766497323fdce1fb6a7be67eeb158470819ca76faf13a,0c34816a463730d6403766497323fdce1fb6a7be67eeb158470819ca76faf13a,980
task046,False,776e40c71ae05f511e59e234f5f52931c7f966c95b139fed312451a249a5f138,776e40c71ae05f511e59e234f5f52931c7f966c95b139fed312451a249a5f138,5299
task047,False,51caa99fe3ce9cb3e122d3a78119ede0e5beb0d8940d7959bece25bbe098d26a,51caa99fe3ce9cb3e122d3a78119ede0e5beb0d8940d7959bece25bbe098d26a,3091
task048,False,5acf8ce760fa9bf51285e7e58505b654e9443d4a70ff885dbf5ecb5fcf8e2723,5acf8ce760fa9bf51285e7e58505b654e9443d4a70ff885dbf5ecb5fcf8e2723,5917
task049,False,d742f5db9437894536afe2db2b87d8b3899117c92daf69927ab3854301d03698,d742f5db9437894536afe2db2b87d8b3899117c92daf69927ab3854301d03698,3516
task050,False,a43a64896f788cffb0e83ee188a7680ae80f27578b1bb607a36e32c9a39258ab,a43a64896f788cffb0e83ee188a7680ae80f27578b1bb607a36e32c9a39258ab,2006
task051,False,b4e5ecaa156709adf438d5b25e6b077b7392df042f42a51ba7afbccc484d665b,b4e5ecaa156709adf438d5b25e6b077b7392df042f42a51ba7afbccc484d665b,3352
task052,False,195c01dfdaae84b9a7a585295b8d44c1c3741ab522a7e9d472753ad121d8014d,195c01dfdaae84b9a7a585295b8d44c1c3741ab522a7e9d472753ad121d8014d,986
task053,False,11d2a84ba10862f37e4dae8a206314fd4226f70b6f751eed23e52ba32ebde353,11d2a84ba10862f37e4dae8a206314fd4226f70b6f751eed23e52ba32ebde353,175
task054,False,da0ea9c4a4e7de7d20e8867f669de546f57874c7e6fa83c850aad07683855ecc,da0ea9c4a4e7de7d20e8867f669de546f57874c7e6fa83c850aad07683855ecc,5551
task055,False,92d4ce9193151139ddee430dfbe552e5a2aa41d1172f6842569d1e37ca664ded,92d4ce9193151139ddee430dfbe552e5a2aa41d1172f6842569d1e37ca664ded,13497
task056,False,9d687659145a785dd2d111cccd06fc2b802bcaaae0c2926b7d39a51406e1254b,9d687659145a785dd2d111cccd06fc2b802bcaaae0c2926b7d39a51406e1254b,815
task057,False,c1e43aa7b8f024cb83ec8144fb50cf67b6ffe8126f4e6abf15f467ecf685b4ba,c1e43aa7b8f024cb83ec8144fb50cf67b6ffe8126f4e6abf15f467ecf685b4ba,1616
task058,False,71e240c72fa17283e6d2dc3cae811ceadda7ba3053e33951bd50565b4eaf652a,71e240c72fa17283e6d2dc3cae811ceadda7ba3053e33951bd50565b4eaf652a,14194
task059,False,75ad1518669f36600bb72e0eeb074051895d744f7075f6835c090dcbb2a58abe,75ad1518669f36600bb72e0eeb074051895d744f7075f6835c090dcbb2a58abe,7062
task060,False,03687375b7e8938e4f841fe856da30c83884468ff07c648d7021c6b6748784bd,03687375b7e8938e4f841fe856da30c83884468ff07c648d7021c6b6748784bd,2458
task061,False,27289ea0d11a669fe413e1b05826321af3d079ce8a5555fa2610a93704612c2e,27289ea0d11a669fe413e1b05826321af3d079ce8a5555fa2610a93704612c2e,17030
task062,False,0a2e640c0671d137a38ff13794cbaaf44ed872742a534c52771f99d309757432,0a2e640c0671d137a38ff13794cbaaf44ed872742a534c52771f99d309757432,14479
task063,False,5c8811b2da8473750953376c6dbdd913b50bc29b96f9a16a09cf201df9a483ce,5c8811b2da8473750953376c6dbdd913b50bc29b96f9a16a09cf201df9a483ce,3709
task064,False,e218f014e0f41fbf58f0a21d6c18ab365d24b6b93f7c8bb533378039b355a02c,e218f014e0f41fbf58f0a21d6c18ab365d24b6b93f7c8bb533378039b355a02c,7151
task065,False,20a34c340dafab9e113c9435aa2036b82f55ef3cf24371b953d1bddfaa37badd,20a34c340dafab9e113c9435aa2036b82f55ef3cf24371b953d1bddfaa37badd,2777
task066,False,31accf9a8946823310fd6e9bf3a65c1cf003db4ea34ddf29373897a880913106,31accf9a8946823310fd6e9bf3a65c1cf003db4ea34ddf29373897a880913106,16477
task067,False,e823d84640b258f8322dde914f6bd992553a53aadd84d4685cd18da5f1be35e9,e823d84640b258f8322dde914f6bd992553a53aadd84d4685cd18da5f1be35e9,892
task068,False,e490818d91a162474f9a9ed4c4d7a03517788fb18760e2fe6ca209f592660a82,e490818d91a162474f9a9ed4c4d7a03517788fb18760e2fe6ca209f592660a82,1602
task069,False,d2518099f15584b46e7c6dc8aa9d4faa97b7ffeba7215c32b117fc0ea627ee57,d2518099f15584b46e7c6dc8aa9d4faa97b7ffeba7215c32b117fc0ea627ee57,30645
task070,False,c09e95105072fd97b2106ecebc5fdb42c86bd41e9994b310781aa321351ec9d5,c09e95105072fd97b2106ecebc5fdb42c86bd41e9994b310781aa321351ec9d5,11844
task071,False,2d696d39af281a3a0ca1582e413672e8ef38ef9f06d584f19844a45a6e2aa4a2,2d696d39af281a3a0ca1582e413672e8ef38ef9f06d584f19844a45a6e2aa4a2,12082
task072,False,ce9138206dc060641e07a1ee45e8b332b0e4bcdfe0a06d625d8668c10d6d33e5,ce9138206dc060641e07a1ee45e8b332b0e4bcdfe0a06d625d8668c10d6d33e5,1289
task073,False,c974fda7fe3001de4bd2200b9065826ac44cf359fcb1949954b82f28411b5b63,c974fda7fe3001de4bd2200b9065826ac44cf359fcb1949954b82f28411b5b63,3825
task074,False,8194b1eba8a395566d686766b74869219cdfdaec5105dbad5f36b6ef32435be8,8194b1eba8a395566d686766b74869219cdfdaec5105dbad5f36b6ef32435be8,1824
task075,False,211a2ab0ea4cb67b9b8714d411d361e7eab6ec1192f0f74155bd9bd9c043c7d1,211a2ab0ea4cb67b9b8714d411d361e7eab6ec1192f0f74155bd9bd9c043c7d1,6812
task076,False,63132ce9ac3c4904da87f822604736200f9856d1d34a70de700839ab1b62b8a7,63132ce9ac3c4904da87f822604736200f9856d1d34a70de700839ab1b62b8a7,39081
task077,False,fa41c22ac1add176bba7faac5d7d87bc94cc66db2bb70ed54e346f9de4d34613,fa41c22ac1add176bba7faac5d7d87bc94cc66db2bb70ed54e346f9de4d34613,6842
task078,False,c33e2e8bb8525ee7c4bfa0aca9ec69955cdd9a97837985fb38efdb309903089a,c33e2e8bb8525ee7c4bfa0aca9ec69955cdd9a97837985fb38efdb309903089a,1974
task079,False,4a4f6c8381af1ed692a1d279af1ebacd591befb7b825933520d08519653c1d13,4a4f6c8381af1ed692a1d279af1ebacd591befb7b825933520d08519653c1d13,2695
task080,False,81bd164e08ba2dde915541b651845b90e52868ce3aad2444210c9895beb20513,81bd164e08ba2dde915541b651845b90e52868ce3aad2444210c9895beb20513,10205
task081,False,118dc8373587509f07d12aec64778af91edff7253f80e273a30e5863c7b8c91b,118dc8373587509f07d12aec64778af91edff7253f80e273a30e5863c7b8c91b,3749
task082,False,5f994c35d189c6fc8c7c8733202150cd5bd5bb9aa686ef9497ce5a384641de47,5f994c35d189c6fc8c7c8733202150cd5bd5bb9aa686ef9497ce5a384641de47,1645
task083,False,3526144719574eafa02b2d1fa33a4be836ec96c267520ddd982697e447b8bc98,3526144719574eafa02b2d1fa33a4be836ec96c267520ddd982697e447b8bc98,7454
task084,False,5bd28bac4f427d16b03dfcb9d4ae68237ccb4bb720b534e0e14b2768658ee6a0,5bd28bac4f427d16b03dfcb9d4ae68237ccb4bb720b534e0e14b2768658ee6a0,2820
task085,False,0cf2b40dcd4fe9bb85de2e251fdca74496734e7c804425012cb1c1110d27505c,0cf2b40dcd4fe9bb85de2e251fdca74496734e7c804425012cb1c1110d27505c,2547
task086,False,fb8e2c6895c9222d8bc4c7bef5d953312ac8807d49bf81aae502dff77d8f755a,fb8e2c6895c9222d8bc4c7bef5d953312ac8807d49bf81aae502dff77d8f755a,4384
task087,False,fd8bb9f6e85cbfcd68c2edb1cfd2b2968f4ef9066816b2763110e0086381148b,fd8bb9f6e85cbfcd68c2edb1cfd2b2968f4ef9066816b2763110e0086381148b,394
task088,False,9e7ea13b994ebe4fc0cc8c2f4bfd462d7dea74b364500cdd005ee3c8f75db494,9e7ea13b994ebe4fc0cc8c2f4bfd462d7dea74b364500cdd005ee3c8f75db494,4099
task089,False,0a479a40d999937f174a12134d5f78bb97ea8a6c108f09e8f44398fe6cbbcd40,0a479a40d999937f174a12134d5f78bb97ea8a6c108f09e8f44398fe6cbbcd40,17792
task090,False,8032717a5846db3d60ae06a4fa0ff8af92327fd6b6102d39eff9ae246e44816a,8032717a5846db3d60ae06a4fa0ff8af92327fd6b6102d39eff9ae246e44816a,19660
task091,False,54b4f81da947fe9e1062238aea5766f1b3401479292e90556a2fac1107b7a72c,54b4f81da947fe9e1062238aea5766f1b3401479292e90556a2fac1107b7a72c,4393
task092,False,26299d64ff6a17026b5d94fcee9328bf2a4d847a363b48e2a87ccbe1a5460af7,26299d64ff6a17026b5d94fcee9328bf2a4d847a363b48e2a87ccbe1a5460af7,2246
task093,False,cd70e073d1fdbf93b6402aa5356e8c8f09529cd3e6048fc5501c4e44bda9d3e5,cd70e073d1fdbf93b6402aa5356e8c8f09529cd3e6048fc5501c4e44bda9d3e5,6234
task094,False,9877a08be2f356fe67653342ee102820efd26cbf7f80ad6490bd10011209d2ed,9877a08be2f356fe67653342ee102820efd26cbf7f80ad6490bd10011209d2ed,2950
task095,False,eca4d38cd8606a930a722084789b856626fff5d4938c02546296c7f3cca109cf,eca4d38cd8606a930a722084789b856626fff5d4938c02546296c7f3cca109cf,3950
task096,False,0db963e4b755d59c748d2ac445f86e93ef53be44095c260d033506a05356aefd,0db963e4b755d59c748d2ac445f86e93ef53be44095c260d033506a05356aefd,58448
task097,False,7f6ecd5dfcdf09370d46812f345ea9d0b6eccb18d017665e039876a6d408bb15,7f6ecd5dfcdf09370d46812f345ea9d0b6eccb18d017665e039876a6d408bb15,880
task098,False,8fff41bf99869a80261fa1ec8461431ffa90e7a616d10c1582642af88b241cde,8fff41bf99869a80261fa1ec8461431ffa90e7a616d10c1582642af88b241cde,3836
task099,False,1e320d88cf0eac19c3c20b9c005a4be28ac50d4bf0a39015404f9deb22a0c31e,1e320d88cf0eac19c3c20b9c005a4be28ac50d4bf0a39015404f9deb22a0c31e,19839
task100,False,dceade053a44b3cc0ee481a2b109060da44f7e12dc34d583c301f1c9d6f84691,dceade053a44b3cc0ee481a2b109060da44f7e12dc34d583c301f1c9d6f84691,4954
task101,False,edd7e165314a501462e02577d29022d3eb27078c4eb090009d5f19a5f0c2fbf1,edd7e165314a501462e02577d29022d3eb27078c4eb090009d5f19a5f0c2fbf1,19538
task102,False,96828587e72bb4a7f3af9bce80fa95d9431a6740d99b3f93d32e3c48096cea60,96828587e72bb4a7f3af9bce80fa95d9431a6740d99b3f93d32e3c48096cea60,6500
task103,False,37d93e069d7366fbcaa2584714c04a526bf7b20320872fba5337873dec396be6,37d93e069d7366fbcaa2584714c04a526bf7b20320872fba5337873dec396be6,1281
task104,False,2a9e28757c576c2248ca53c517bd98d43633ab65ecfa9542bebc9fc050ad2b0a,2a9e28757c576c2248ca53c517bd98d43633ab65ecfa9542bebc9fc050ad2b0a,3505
task105,False,c98b3f63a51b63155aeb92f922cbf3f241f84285f5f1705a033e4773d25b47ea,c98b3f63a51b63155aeb92f922cbf3f241f84285f5f1705a033e4773d25b47ea,8053
task106,False,9b54191da37371effdb80aaca05a4cddbabc19d25cbc1ebceae1d85a897c6698,9b54191da37371effdb80aaca05a4cddbabc19d25cbc1ebceae1d85a897c6698,2939
task107,False,b14df708a1620b804424d2ad11a6012e77c9895355e84c3f999e7c37360e23bc,b14df708a1620b804424d2ad11a6012e77c9895355e84c3f999e7c37360e23bc,31694
task108,False,825c078fdd5cf248ddfcf1d91c57c125e6e2213304022e67810f2d3aaee2922c,825c078fdd5cf248ddfcf1d91c57c125e6e2213304022e67810f2d3aaee2922c,7454
task109,False,50f59476b82aab408a185f6eb46840b60af89b6a253f2d3dc2821134a2a87312,50f59476b82aab408a185f6eb46840b60af89b6a253f2d3dc2821134a2a87312,5118
task110,False,5826edebd89e83d2f5648e6add0bb611257ef4522e5edec508f5a695317cf9ce,5826edebd89e83d2f5648e6add0bb611257ef4522e5edec508f5a695317cf9ce,20445
task111,False,c01911e7f5493ba19bcc496b439eb2106bd44f79305daefd94e102a96691a8ca,c01911e7f5493ba19bcc496b439eb2106bd44f79305daefd94e102a96691a8ca,1499
task112,False,c9d107e03bcc1559d05367b27fca4117a92b4a4e65d2103d0e57fd16eebe58ca,c9d107e03bcc1559d05367b27fca4117a92b4a4e65d2103d0e57fd16eebe58ca,3987
task113,False,356a5f1e2200cf2560f6c836ce7d21eca6b6cad9e68015c2ae31639613ef9b09,356a5f1e2200cf2560f6c836ce7d21eca6b6cad9e68015c2ae31639613ef9b09,499
task114,False,c2cbf9901ae01c5a3d08523cee4ee972df514feff30716b7d17de2faff98704f,c2cbf9901ae01c5a3d08523cee4ee972df514feff30716b7d17de2faff98704f,4699
task115,False,31000be51fa693d43fec7d0ab26ab9209ccae70089192d2d90c6d557322e6518,31000be51fa693d43fec7d0ab26ab9209ccae70089192d2d90c6d557322e6518,5064
task116,False,3f87aab73b8c538752ffb070a34dd07ef95ccba2d299bd7526da67fcf956e1e5,3f87aab73b8c538752ffb070a34dd07ef95ccba2d299bd7526da67fcf956e1e5,479
task117,False,88a01326ab47e7bbfa96c1394b53a0660f0bcbfd5683275af750af762edb25d5,88a01326ab47e7bbfa96c1394b53a0660f0bcbfd5683275af750af762edb25d5,10250
task118,False,d7c43f5837168a847b0a42f775fe0187c49dc231b222c1fc1918900906b429f6,d7c43f5837168a847b0a42f775fe0187c49dc231b222c1fc1918900906b429f6,6545
task119,False,07ddefaae6173ac59e2d58892773e2f6363645aa9845b7b8ea9e13e54e6e3283,07ddefaae6173ac59e2d58892773e2f6363645aa9845b7b8ea9e13e54e6e3283,8400
task120,False,13dafeb021b56dac928f38d32b4a0b841fcf481296ab752c9ac203fa425e1acc,13dafeb021b56dac928f38d32b4a0b841fcf481296ab752c9ac203fa425e1acc,3836
task121,False,03880dc2a72d6781722a53ffad4b506867ebd9f9c0a7faae3760807eabe67856,03880dc2a72d6781722a53ffad4b506867ebd9f9c0a7faae3760807eabe67856,3339
task122,False,d932a3ac54fb54cc09d9cdbaab21ba4e9165ed9a6a8e01b9e0c49fb972269b75,d932a3ac54fb54cc09d9cdbaab21ba4e9165ed9a6a8e01b9e0c49fb972269b75,10236
task123,False,984533b7a16d9c9d396feb3804602dd6044b4573d05d14964f3f23d179764af2,984533b7a16d9c9d396feb3804602dd6044b4573d05d14964f3f23d179764af2,8805
task124,False,25adeb7f2d7dd711adf8af305ce943ada2ad39c8f0f5e699e9ff722f2f4a60ad,25adeb7f2d7dd711adf8af305ce943ada2ad39c8f0f5e699e9ff722f2f4a60ad,5397
task125,False,20f2c3e90cfb5afe5ac7e795a1cf906ce67453cb55deb5cbcc51275aea5fc7e8,20f2c3e90cfb5afe5ac7e795a1cf906ce67453cb55deb5cbcc51275aea5fc7e8,3032
task126,False,b86dafbc68af0e5b698f0241dd534874e44ffd9dfca8bac7b89280a3534f3824,b86dafbc68af0e5b698f0241dd534874e44ffd9dfca8bac7b89280a3534f3824,2765
task127,False,81f551a5b779e861ce371fdc4697595db753242954a60c50a3ac8e3108937d97,81f551a5b779e861ce371fdc4697595db753242954a60c50a3ac8e3108937d97,3772
task128,False,e90291b991162b11c36cfb051b10d6d38bc3b52b8333650e162fc6e0d59d0bdb,e90291b991162b11c36cfb051b10d6d38bc3b52b8333650e162fc6e0d59d0bdb,3217
task129,False,cb3d815a7dac0fa6cbceaf9fac975e8d8bf1ae6af4987a5c11478325fb8b6a6f,cb3d815a7dac0fa6cbceaf9fac975e8d8bf1ae6af4987a5c11478325fb8b6a6f,1048
task130,False,129e8e94901df68286dc85134b4be5ba1daa1437df26f1eb430b9272e7f77471,129e8e94901df68286dc85134b4be5ba1daa1437df26f1eb430b9272e7f77471,1293
task131,False,aef2df6731cdd0168ed41a7637a2b939bb42ff5efe498e6732b1bc4fa4aa2d64,aef2df6731cdd0168ed41a7637a2b939bb42ff5efe498e6732b1bc4fa4aa2d64,7860
task132,False,02558813adda79590927fa1e3d0be80af0e44475a6abbd69beb0d87da57bfdbb,02558813adda79590927fa1e3d0be80af0e44475a6abbd69beb0d87da57bfdbb,2585
task133,False,5687c680c3dc47595c1351df2320ec8fd8330dbc41cf1ef38c4547d11c2ee2f4,5687c680c3dc47595c1351df2320ec8fd8330dbc41cf1ef38c4547d11c2ee2f4,9860
task134,False,ebac6df9c67e6a5994d4bba6812140b061485cbcecda2d2573a8d88fc9e1ac49,ebac6df9c67e6a5994d4bba6812140b061485cbcecda2d2573a8d88fc9e1ac49,7045
task135,False,a6eca6896b1dbbcd1bf944fb6c9538e2c5fc2cf15786dac3b683be3574fcd543,a6eca6896b1dbbcd1bf944fb6c9538e2c5fc2cf15786dac3b683be3574fcd543,251
task136,False,54b79d7f792cfe272130aa8daf7784f6ff46db39d5419da2bf1152175cc472fe,54b79d7f792cfe272130aa8daf7784f6ff46db39d5419da2bf1152175cc472fe,2845
task137,False,7b50205804b2162040e107d11052d9190932c44a4cfc55aeb4c026422b7af614,7b50205804b2162040e107d11052d9190932c44a4cfc55aeb4c026422b7af614,3852
task138,False,d41783902b80dcafd023e814a2d1f58d8ed9621bbe8ebb8350ddabf4165b9e41,d41783902b80dcafd023e814a2d1f58d8ed9621bbe8ebb8350ddabf4165b9e41,5486
task139,False,e3e6133e136fc342560390d22bb08861dc290ef6c9f64e8854070984d4a5946f,e3e6133e136fc342560390d22bb08861dc290ef6c9f64e8854070984d4a5946f,3865
task140,False,35298d837506c049f25a80c79e44804bf5b76de02a18f7c2e3bf35a0e4b535c9,35298d837506c049f25a80c79e44804bf5b76de02a18f7c2e3bf35a0e4b535c9,394
task141,False,419409ee1ef9989b22aaba718cfe107b9d915bb476e1f4edee982507a294cede,419409ee1ef9989b22aaba718cfe107b9d915bb476e1f4edee982507a294cede,2345
task142,False,b525fbe662a950ccba343052e36da4678bbd57b9039d4f6c5a15f3c0a16fd54a,b525fbe662a950ccba343052e36da4678bbd57b9039d4f6c5a15f3c0a16fd54a,7454
task143,False,545186fc1e5605ade4d666e87702a09678e9c34c1449945e1a0fdef567cea868,545186fc1e5605ade4d666e87702a09678e9c34c1449945e1a0fdef567cea868,2144
task144,False,b55327205234c314de5422af01465b272d0fda8997a76892038d3f26919b43d5,b55327205234c314de5422af01465b272d0fda8997a76892038d3f26919b43d5,1320
task145,False,22681d1e38fd9b4a50619a4900134ac568081a0007d313598a2d4a001a12a65b,22681d1e38fd9b4a50619a4900134ac568081a0007d313598a2d4a001a12a65b,31434
task146,False,773d61ca46def6d1e9fdb7916c51a9f5e99a5d39640f394231b2b05a400c4a31,773d61ca46def6d1e9fdb7916c51a9f5e99a5d39640f394231b2b05a400c4a31,1894
task147,False,e65dc2d49c2dd32775575699e73cb1ad0aca1fcca0a87fcec26127b52f631670,e65dc2d49c2dd32775575699e73cb1ad0aca1fcca0a87fcec26127b52f631670,3825
task148,False,977766efe15f7fabde643b68e24ea47cc5d9069210a295f8ba0c7ab3a2f5b9de,977766efe15f7fabde643b68e24ea47cc5d9069210a295f8ba0c7ab3a2f5b9de,6750
task149,False,4fcd7d68a4fb325e61eaf1b2691b422cd3c970479662b6ff95bd8168c5defd7f,4fcd7d68a4fb325e61eaf1b2691b422cd3c970479662b6ff95bd8168c5defd7f,1001
task150,False,0dd6b04d4511324e55b6e06d7e88ca37a67a5692be4b0a7090449ef31886978f,0dd6b04d4511324e55b6e06d7e88ca37a67a5692be4b0a7090449ef31886978f,1657
task151,False,265a8eb2b997ae3dae68af150413ae0c0301bc004251e92a8beb0dc79bd2e36b,265a8eb2b997ae3dae68af150413ae0c0301bc004251e92a8beb0dc79bd2e36b,3880
task152,False,b525fbe662a950ccba343052e36da4678bbd57b9039d4f6c5a15f3c0a16fd54a,b525fbe662a950ccba343052e36da4678bbd57b9039d4f6c5a15f3c0a16fd54a,7454
task153,False,55d4acfcc6a6311ddcf241c263fe00240f6f960d191fd28f3ca1b7e1d7276684,55d4acfcc6a6311ddcf241c263fe00240f6f960d191fd28f3ca1b7e1d7276684,11982
task154,False,e281e3fe8c1c917c27a10b858fcaf1f4c32f515e141d21ca4b433ced757317f8,e281e3fe8c1c917c27a10b858fcaf1f4c32f515e141d21ca4b433ced757317f8,7883
task155,False,d5b661ce63260f24dbf215c314fc8db34ae2f0d9a1e5ed59c53253efe33ec924,d5b661ce63260f24dbf215c314fc8db34ae2f0d9a1e5ed59c53253efe33ec924,1657
task156,False,69a29b9db4f24ed12ffc1806166188b88bbeba4a4f5a90eb2bc89f288664dc92,69a29b9db4f24ed12ffc1806166188b88bbeba4a4f5a90eb2bc89f288664dc92,48746
task157,True,21a4cccd80c6ef6772ba7d8a997548b833b22cc81d184116625e74670cec9f77,c3705d72257754832835469cb8b09d155bc0c8448bddcdd0f2e72bcd0e9cd05b,117270
task158,False,f168ddfd2be08ebd85d01d24e38466355b7186f35c9506055e961fb96f03e576,f168ddfd2be08ebd85d01d24e38466355b7186f35c9506055e961fb96f03e576,21962
task159,False,93239bd39db8bb07ffc4f354ca7b43656c78ca03e18c9ca72a30ccb093e2eb5a,93239bd39db8bb07ffc4f354ca7b43656c78ca03e18c9ca72a30ccb093e2eb5a,12966
task160,False,9614391ed6a8c961cb2a50b82e22337eab556621bb99de4baaa2f78d0f8b06ad,9614391ed6a8c961cb2a50b82e22337eab556621bb99de4baaa2f78d0f8b06ad,2189
task161,False,2d7de8e1b4ed2bbcf02e9c30f7161ad0c01bf7c326b6a5608b419596eec5cf5f,2d7de8e1b4ed2bbcf02e9c30f7161ad0c01bf7c326b6a5608b419596eec5cf5f,4323
task162,False,29467827e023a09da29f2c6bcf10d77d7bff035e613d5615f27d623e6f2f3224,29467827e023a09da29f2c6bcf10d77d7bff035e613d5615f27d623e6f2f3224,2268
task163,False,20509dabff21d45373372e5d29ac896fe8dfe5643c42473470e08c9c1165f945,20509dabff21d45373372e5d29ac896fe8dfe5643c42473470e08c9c1165f945,10270
task164,False,250771b94d3db4658d4ac04e3bd9a0740f2af0f3aba0bb9b5df4d6181bb470d4,250771b94d3db4658d4ac04e3bd9a0740f2af0f3aba0bb9b5df4d6181bb470d4,479
task165,False,84191da6721ff334125fd7fa8616eb9122ba801b8e467d4f0bac42cdd367fab2,84191da6721ff334125fd7fa8616eb9122ba801b8e467d4f0bac42cdd367fab2,4910
task166,False,635ac35cdaf739d7549ee8cd70b4042ae832ff18d2798a37fb1e315bb0990a02,635ac35cdaf739d7549ee8cd70b4042ae832ff18d2798a37fb1e315bb0990a02,1318
task167,False,71960feaa6f01d141e2e847cf629191d99e40b6ceb0199f2c3f955b43a84d6d9,71960feaa6f01d141e2e847cf629191d99e40b6ceb0199f2c3f955b43a84d6d9,1673
task168,False,24e27e72411c8561da75b446c8d7253b7581784b14d9d8063097e06ac83fac71,24e27e72411c8561da75b446c8d7253b7581784b14d9d8063097e06ac83fac71,4620
task169,False,dfe553780f6769c9353bcda597ca9fe3629e0ef69cc742c9b3362616e9b716ae,dfe553780f6769c9353bcda597ca9fe3629e0ef69cc742c9b3362616e9b716ae,20803
task170,False,40c7d62d579c2d8926059eb3c557934286ca2ed2507772f25b157bc0a91d75ba,40c7d62d579c2d8926059eb3c557934286ca2ed2507772f25b157bc0a91d75ba,50577
task171,False,c0dccfce69e87e53b68a617cc0ce6da5c9659180ce2acc2a46007c9915c524cb,c0dccfce69e87e53b68a617cc0ce6da5c9659180ce2acc2a46007c9915c524cb,3825
task172,False,aa923630b6479cf1a1f5e7b7bfe2e4947e1c8ba8edba4f31d250b0b2f0c98dde,aa923630b6479cf1a1f5e7b7bfe2e4947e1c8ba8edba4f31d250b0b2f0c98dde,479
task173,False,6422b0cd8c4551cb02c6733546b9d7f1b9130a0e4e58c7132e4791558a968ec7,6422b0cd8c4551cb02c6733546b9d7f1b9130a0e4e58c7132e4791558a968ec7,10061
task174,False,4501407339b9e160ae271315971c5baa39151bb8f252ce075fee7e027ffb1686,4501407339b9e160ae271315971c5baa39151bb8f252ce075fee7e027ffb1686,61839
task175,False,81360eed1239cc5100375c4c1bd3261ee37f752a50e42166236e158e5ad5ac31,81360eed1239cc5100375c4c1bd3261ee37f752a50e42166236e158e5ad5ac31,12985
task176,False,e323248617622d6f3ec11b2d387952fea83ecc2fed3bdb998ca12143a2168c6b,e323248617622d6f3ec11b2d387952fea83ecc2fed3bdb998ca12143a2168c6b,1126
task177,False,48385e53f6d91b1332b0700d5e72e20e74d11766e273fb7f811394269584c889,48385e53f6d91b1332b0700d5e72e20e74d11766e273fb7f811394269584c889,3834
task178,False,98a9f55319b003dbe5febbc1c9bfb06f6a6d690dad81a9328054bb50dca58beb,98a9f55319b003dbe5febbc1c9bfb06f6a6d690dad81a9328054bb50dca58beb,6628
task179,False,bde695a21a93b9e2084a9b7e8a8bee5f2cdc694baa71a12d1c34ae921a89cb87,bde695a21a93b9e2084a9b7e8a8bee5f2cdc694baa71a12d1c34ae921a89cb87,170
task180,False,8f6b55aa41b48daa3c5bde2cf091752666c75e5b3b9acd0b61ce5c378a8988a7,8f6b55aa41b48daa3c5bde2cf091752666c75e5b3b9acd0b61ce5c378a8988a7,2525
task181,False,d5e423513a6d975dcf970b7fa00306491312801ed8b9c3232bddaa05e5217ae9,d5e423513a6d975dcf970b7fa00306491312801ed8b9c3232bddaa05e5217ae9,3083
task182,False,fb75b348e67470b2e2a6c5f3f165fe745ddb156f0b733be45879e713df338413,fb75b348e67470b2e2a6c5f3f165fe745ddb156f0b733be45879e713df338413,11272
task183,False,46ceea84568fb834441d4df8e55844ba3122e38f8a91006e113ea40c89bebb55,46ceea84568fb834441d4df8e55844ba3122e38f8a91006e113ea40c89bebb55,4690
task184,False,e2dcc9362cac03db34174d9cfe83b4528b95b776befd30fdd1cdc73bfb758161,e2dcc9362cac03db34174d9cfe83b4528b95b776befd30fdd1cdc73bfb758161,43202
task185,False,dbc48d1e31979b5114d5df411783ca8989f9ae9c4bd063f24eb529ea5d5b1dae,dbc48d1e31979b5114d5df411783ca8989f9ae9c4bd063f24eb529ea5d5b1dae,18881
task186,False,500e74b13c3bfa38bb19ab519a9d4faeea8ac6f8f8cfb0b10a18dc1cdc422463,500e74b13c3bfa38bb19ab519a9d4faeea8ac6f8f8cfb0b10a18dc1cdc422463,1210
task187,False,a12ff26344d3636a415f318272f96b57a7e6c98ebd9e5bd92bc9465f8ff342d7,a12ff26344d3636a415f318272f96b57a7e6c98ebd9e5bd92bc9465f8ff342d7,5758
task188,False,b5aedf9a8411d84cd20d8bded8746b6a16044a019d7d5352e049a9c98ef96837,b5aedf9a8411d84cd20d8bded8746b6a16044a019d7d5352e049a9c98ef96837,3259
task189,False,8feb91f1cc27fca0b315416ca074d36c658d8f9683b58d95609bba625e80b4ad,8feb91f1cc27fca0b315416ca074d36c658d8f9683b58d95609bba625e80b4ad,6704
task190,False,0a31ba38881a6fc4af83224d1aa59f0a876aea5808f55f95707b8c5975ac4c06,0a31ba38881a6fc4af83224d1aa59f0a876aea5808f55f95707b8c5975ac4c06,8781
task191,False,8f231f31c61a82aa371f6c469ad28fd033eed2d425c2b79af3e4aece127e776f,8f231f31c61a82aa371f6c469ad28fd033eed2d425c2b79af3e4aece127e776f,95203
task192,False,8ca8e0dfe5e1780fb8f8e1b017a6bdedce7f675cb73bd13439edadd57e244e85,8ca8e0dfe5e1780fb8f8e1b017a6bdedce7f675cb73bd13439edadd57e244e85,1501
task193,False,1184ed012012ee9bc87677fea86382acea9bc6b8979f087a5b3500492d6138dd,1184ed012012ee9bc87677fea86382acea9bc6b8979f087a5b3500492d6138dd,1925
task194,False,5a188032e9933c63bea9816c0846001d769eb356d00653af9e5e766ff62bb53b,5a188032e9933c63bea9816c0846001d769eb356d00653af9e5e766ff62bb53b,7454
task195,False,ba4b722b42ea9bdbffbe4fcf38c90d387045eee91e245e77f502c246c158e0dd,ba4b722b42ea9bdbffbe4fcf38c90d387045eee91e245e77f502c246c158e0dd,5381
task196,False,89719c41cdbc1176e45d78565003ab2f9feb673cd43fcf7fef4c3ff8a4a302e1,89719c41cdbc1176e45d78565003ab2f9feb673cd43fcf7fef4c3ff8a4a302e1,2417
task197,False,d2fb46801935583882f6a460471b563ccee60a53661cb17003fc2b60f17ba1ea,d2fb46801935583882f6a460471b563ccee60a53661cb17003fc2b60f17ba1ea,1223
task198,False,a1cd099e3d965fb4506eded8d4bde77ea202357df70e9212b36911ca002c8cb1,a1cd099e3d965fb4506eded8d4bde77ea202357df70e9212b36911ca002c8cb1,6979
task199,False,7f8ae82add1995ce631f2596ebf18e50b694cb8ec8d56a776cb6b1f393d891fa,7f8ae82add1995ce631f2596ebf18e50b694cb8ec8d56a776cb6b1f393d891fa,2948
task200,False,d2fe6f0296052465deb2186c2997c4d7936b47171fb7681a34fb771b1b028a18,d2fe6f0296052465deb2186c2997c4d7936b47171fb7681a34fb771b1b028a18,3689
task201,False,38bd02d717e5ab0a9e14bc97fdda66c68e8a52c2b2686fbb9411671b3abf5da8,38bd02d717e5ab0a9e14bc97fdda66c68e8a52c2b2686fbb9411671b3abf5da8,9668
task202,False,548ea01a96ba723d596f57386963dc208eac1c74ee9c8ad978597704d8065f5d,548ea01a96ba723d596f57386963dc208eac1c74ee9c8ad978597704d8065f5d,3582
task203,False,5e20d646f42a0e37716c52947ac6230d99af86046000ae1df17b6bc17e0f4311,5e20d646f42a0e37716c52947ac6230d99af86046000ae1df17b6bc17e0f4311,6433
task204,False,87a846db4022321bc8e15e64f2e70df56729e9a336b1361e278b89b4260192a8,87a846db4022321bc8e15e64f2e70df56729e9a336b1361e278b89b4260192a8,11457
task205,False,2a4f5ed7bf3bcf7620d0153daf840adbadf561dc5a43d0c9382375daf0250df6,2a4f5ed7bf3bcf7620d0153daf840adbadf561dc5a43d0c9382375daf0250df6,33555
task206,False,6d2e2caf63b2b8ee014e0df959395bfc42df14c2f6bc7f7bb1fcdd330df2bd1d,6d2e2caf63b2b8ee014e0df959395bfc42df14c2f6bc7f7bb1fcdd330df2bd1d,4022
task207,False,eb31b69d46ecc34c73b17ad80493c10002468aa9196475e6c9e12fcf46ff8235,eb31b69d46ecc34c73b17ad80493c10002468aa9196475e6c9e12fcf46ff8235,1979
task208,False,5d341124008dfd310bc5a123793ff6f9beaeead1fd98692f86f798a8f1e3f4a1,5d341124008dfd310bc5a123793ff6f9beaeead1fd98692f86f798a8f1e3f4a1,15885
task209,False,48b195ddeb7b50631463bf8b95e46d83e1f72c664a535113731c6b2220146a9f,48b195ddeb7b50631463bf8b95e46d83e1f72c664a535113731c6b2220146a9f,12395
task210,False,aa923630b6479cf1a1f5e7b7bfe2e4947e1c8ba8edba4f31d250b0b2f0c98dde,aa923630b6479cf1a1f5e7b7bfe2e4947e1c8ba8edba4f31d250b0b2f0c98dde,479
task211,False,3c58a51ab06ee25bf3c54539284f6def4bc6e10c364246d45f5533df0905fd17,3c58a51ab06ee25bf3c54539284f6def4bc6e10c364246d45f5533df0905fd17,7454
task212,False,e0d35281ab42a5512d94c197cd35136e014ae6e7ed1a41b07e9ee2016119e2fc,e0d35281ab42a5512d94c197cd35136e014ae6e7ed1a41b07e9ee2016119e2fc,4512
task213,False,10daeca5b708851b3e54ddd8ccde3c509d7f8b92bb053a386ddb2c7063dfa284,10daeca5b708851b3e54ddd8ccde3c509d7f8b92bb053a386ddb2c7063dfa284,26541
task214,False,476030b9c3c916862c896b22ae9f1ee46d6bedd703bd39deeb4fe1a9a7cf6c54,476030b9c3c916862c896b22ae9f1ee46d6bedd703bd39deeb4fe1a9a7cf6c54,7454
task215,False,9df10befe9f9e08ddca43e150a77856f17e582cfec8aa4df96de2e4296e49821,9df10befe9f9e08ddca43e150a77856f17e582cfec8aa4df96de2e4296e49821,1688
task216,False,8736d30a18de065d1250ea21affacb0eccba6097e3139d7e8ebfee451365a4d4,8736d30a18de065d1250ea21affacb0eccba6097e3139d7e8ebfee451365a4d4,11049
task217,False,2f029d300d82fefb5d96fa4be293ae596ae1de0026dacc64e63b73ed6b788d33,2f029d300d82fefb5d96fa4be293ae596ae1de0026dacc64e63b73ed6b788d33,1350
task218,False,14bb6c5e5fa3712e4f556142985fa03de40ba2accd475bb596ee538d3c10c60e,14bb6c5e5fa3712e4f556142985fa03de40ba2accd475bb596ee538d3c10c60e,9594
task219,False,2233a9547c0670d0b4b7e6ac3edd743b85503bd42a197698c61f63cb18051d8f,2233a9547c0670d0b4b7e6ac3edd743b85503bd42a197698c61f63cb18051d8f,17210
task220,False,924ca3ff6b3c2190ebdd92b73e0c33ac441a7e64b5924bb34b2faa596a40dd55,924ca3ff6b3c2190ebdd92b73e0c33ac441a7e64b5924bb34b2faa596a40dd55,3798
task221,False,997f4a5baa3b8c19ac1f9b62918fba1c4d8ade1e9bc43b277d4051f3dc09bc96,997f4a5baa3b8c19ac1f9b62918fba1c4d8ade1e9bc43b277d4051f3dc09bc96,13313
task222,False,f82b35de1de8377a5dd17f94de623872a1021443ff972be6e0765c6d21c5595a,f82b35de1de8377a5dd17f94de623872a1021443ff972be6e0765c6d21c5595a,2578
task223,False,51cd95a032c661ce28fa653ad0e727fb33cf6a709a5747e02a8ab323190ae968,51cd95a032c661ce28fa653ad0e727fb33cf6a709a5747e02a8ab323190ae968,7454
task224,False,1e4af401b9b3fe63a2cb91cb665445ec3c54bc3c6b116d921d049b210a151c08,1e4af401b9b3fe63a2cb91cb665445ec3c54bc3c6b116d921d049b210a151c08,4199
task225,False,29a76e5536c419ef3e3747f899f51614ee6699ad35ad5fb9b073ba5d5f52d257,29a76e5536c419ef3e3747f899f51614ee6699ad35ad5fb9b073ba5d5f52d257,5688
task226,False,5d115fec7e34ea6013b743620d1addba979258bf37902350608a4c3438346438,5d115fec7e34ea6013b743620d1addba979258bf37902350608a4c3438346438,3203
task227,False,1c70db9caee31b32d02ae1630c5ef3991ddbf82fedb750d43b515fab048d6dec,1c70db9caee31b32d02ae1630c5ef3991ddbf82fedb750d43b515fab048d6dec,1135
task228,False,a8a923f21fecee5512861159a89a0ecf2a9f276985c45face926d3b953bdb4fe,a8a923f21fecee5512861159a89a0ecf2a9f276985c45face926d3b953bdb4fe,2649
task229,False,acbf2dc745d4a717148c274f1e25cdd3fce8e718787f72530d661d60044ad805,acbf2dc745d4a717148c274f1e25cdd3fce8e718787f72530d661d60044ad805,1379
task230,False,1444325f9990947c4e2b6bd66f2ce611d8efc4be97b595c4bf2ad63e9e166ad0,1444325f9990947c4e2b6bd66f2ce611d8efc4be97b595c4bf2ad63e9e166ad0,3798
task231,False,1efb149ef1446460b1cfefffe74d5270b10fdf5ad49235c5056a1df43b7891fe,1efb149ef1446460b1cfefffe74d5270b10fdf5ad49235c5056a1df43b7891fe,4473
task232,False,b416c4b9864f9c0ee3021d3e0d536638459295310003e1612ea60837e5e1fc02,b416c4b9864f9c0ee3021d3e0d536638459295310003e1612ea60837e5e1fc02,1616
task233,False,38a4c821a2a3413b747ebf0b60d8a9287b4917a16706083eaeeed16b6c6d122c,38a4c821a2a3413b747ebf0b60d8a9287b4917a16706083eaeeed16b6c6d122c,271505
task234,False,89328211cfc49e1d6b7788e2c884ed883a744cf19e27a7b8393aa0d1549217b6,89328211cfc49e1d6b7788e2c884ed883a744cf19e27a7b8393aa0d1549217b6,4106
task235,False,145a71990206ef301f3afe77bf333b27bcf2298f5cc1bb3c7340933ef7cf059b,145a71990206ef301f3afe77bf333b27bcf2298f5cc1bb3c7340933ef7cf059b,4028
task236,False,f7be9f78d6bbee169cfe1c08d5bbf556144ffb21d4a4e366e01a172144d7c8ea,f7be9f78d6bbee169cfe1c08d5bbf556144ffb21d4a4e366e01a172144d7c8ea,619
task237,False,9d3baf9e04284ace2238abe88eae62477296ee34499efa7b0146d799717804fc,9d3baf9e04284ace2238abe88eae62477296ee34499efa7b0146d799717804fc,1637
task238,False,3208dbc8cec5a6a6874fb45bdf74920c0447b6b2745454a2ca76efdd5aa83d45,3208dbc8cec5a6a6874fb45bdf74920c0447b6b2745454a2ca76efdd5aa83d45,11927
task239,False,2abd421624d88b12e8a63904b214d06678543cf0231b040cc10fec704aac503f,2abd421624d88b12e8a63904b214d06678543cf0231b040cc10fec704aac503f,4143
task240,False,1523763d7dfbc0d5685f2e61040714cae78fa8f43abb7da6efb94f6f1aea8f15,1523763d7dfbc0d5685f2e61040714cae78fa8f43abb7da6efb94f6f1aea8f15,39452
task241,False,bde695a21a93b9e2084a9b7e8a8bee5f2cdc694baa71a12d1c34ae921a89cb87,bde695a21a93b9e2084a9b7e8a8bee5f2cdc694baa71a12d1c34ae921a89cb87,170
task242,False,beed8e7a6b84fa7c89b7d5ec9cba5867a87a8ac3b612eee21d427fb75c0223b0,beed8e7a6b84fa7c89b7d5ec9cba5867a87a8ac3b612eee21d427fb75c0223b0,1736
task243,False,8c58cc318fa9f59c3692654d50085f7b92b0511a745028cf7bca8bfc694b9ca1,8c58cc318fa9f59c3692654d50085f7b92b0511a745028cf7bca8bfc694b9ca1,16583
task244,False,5e89a791b71f0f02607e18873dffc8cf0cd4f287aee429d36e29feb7d843867f,5e89a791b71f0f02607e18873dffc8cf0cd4f287aee429d36e29feb7d843867f,6790
task245,False,a168fddef6bf4863dc427e20ddecffe94c7171eec59e1a93a91337cb42250e31,a168fddef6bf4863dc427e20ddecffe94c7171eec59e1a93a91337cb42250e31,2756
task246,False,379b5a73e3dee6f56eedab3ab0bd0ed8414179c6e7ae1edd0a948060d6401309,379b5a73e3dee6f56eedab3ab0bd0ed8414179c6e7ae1edd0a948060d6401309,3824
task247,False,19562cb18f62167e2ce8c355377d9b1a3136c17fb7116b8c9110b15d4734e4dc,19562cb18f62167e2ce8c355377d9b1a3136c17fb7116b8c9110b15d4734e4dc,2056
task248,False,1fd506e6d8ac665b0f2665d488d6c315698b1dc074ddffd92d539a66f89b41ce,1fd506e6d8ac665b0f2665d488d6c315698b1dc074ddffd92d539a66f89b41ce,2311
task249,False,dde855774ef1a32a1960a4696e54abf617eebe91340c70355f303440b7758f6b,dde855774ef1a32a1960a4696e54abf617eebe91340c70355f303440b7758f6b,1912
task250,False,a597d41fb3635cef1fb65c5c4818682efa2468a8b8b38ce1e86c82df9be4df2a,a597d41fb3635cef1fb65c5c4818682efa2468a8b8b38ce1e86c82df9be4df2a,7749
task251,False,82d350374d90693c70187cdf979ebb574c69cda11c9c56813abeb372eed8e78f,82d350374d90693c70187cdf979ebb574c69cda11c9c56813abeb372eed8e78f,5106
task252,False,f94f1914ddc282177a848c90a7aac926b6095d8fffc5a863c722843121c979c3,f94f1914ddc282177a848c90a7aac926b6095d8fffc5a863c722843121c979c3,3201
task253,False,2538ea53b1aad1e6365055ee14f48dccb49ef632cce416086075b33d42366bad,2538ea53b1aad1e6365055ee14f48dccb49ef632cce416086075b33d42366bad,3510
task254,False,cce96782d9b4b1065b63ebb4a84c1ba6253724c3cd2a387838d205cf71eaae5f,cce96782d9b4b1065b63ebb4a84c1ba6253724c3cd2a387838d205cf71eaae5f,4960
task255,False,c7132d2d67b0f96526e0c64eb75bc750fad5f64f693e357a9f3021bd03f62e59,c7132d2d67b0f96526e0c64eb75bc750fad5f64f693e357a9f3021bd03f62e59,304897
task256,False,c62955c5ac4951f368900ad06f3a5ed4fa9817b2e3f8f0a049b5ef354c21fc4f,c62955c5ac4951f368900ad06f3a5ed4fa9817b2e3f8f0a049b5ef354c21fc4f,4780
task257,False,316eaaf4e1a47569341378a8a58e40559f938a7fe5ae659867c0f2117bf8e021,316eaaf4e1a47569341378a8a58e40559f938a7fe5ae659867c0f2117bf8e021,1369
task258,False,9cf85f5ef87760197eaab665af872adc9c2a38a6b9c2133f506deb1e51402d09,9cf85f5ef87760197eaab665af872adc9c2a38a6b9c2133f506deb1e51402d09,880
task259,False,cd8f2883b4e59672ccd19f5a5b45fc92a1c48a4e736beaa179e62ce6d6dd7a07,cd8f2883b4e59672ccd19f5a5b45fc92a1c48a4e736beaa179e62ce6d6dd7a07,3882
task260,False,a0c625eeabd30f89f6f16ae6be445f721bbc7059d940e63069a03d74b0fc06a4,a0c625eeabd30f89f6f16ae6be445f721bbc7059d940e63069a03d74b0fc06a4,2263
task261,False,6104690685d52f02ca149095658b51c2d448d252f763922efdb0fd69749b630f,6104690685d52f02ca149095658b51c2d448d252f763922efdb0fd69749b630f,995
task262,False,0e242b2a1418fb93332fc01ff90e906403df0499e49baf091447cb02afec05aa,0e242b2a1418fb93332fc01ff90e906403df0499e49baf091447cb02afec05aa,903
task263,False,2396bdd0797f69ae5e0281ce27c9964eb2adba67e7d5f2d8286d6cd1ccdc46b3,2396bdd0797f69ae5e0281ce27c9964eb2adba67e7d5f2d8286d6cd1ccdc46b3,7427
task264,False,b7e962bb13add0ec5a62c31e9071c86846bc92ddd6060245f1c41f5593aa4992,b7e962bb13add0ec5a62c31e9071c86846bc92ddd6060245f1c41f5593aa4992,9904
task265,False,e44b248f5902d3d38b34e32679474cc70b8ee0d23a58ae93c6e8658e0375fc5d,e44b248f5902d3d38b34e32679474cc70b8ee0d23a58ae93c6e8658e0375fc5d,3110
task266,False,491258de81aba00b6aa06f223356e30346665751690278693288e858450c8563,491258de81aba00b6aa06f223356e30346665751690278693288e858450c8563,3825
task267,False,0c1142f835d5b78bdfecce78168ad1f450e2ffb23e10ffdcc06ee1df2bb5602e,0c1142f835d5b78bdfecce78168ad1f450e2ffb23e10ffdcc06ee1df2bb5602e,1202
task268,False,d6e7655471c32dea89573357bb31df7dc7c23396d2d8a7318ea2e17508b7d609,d6e7655471c32dea89573357bb31df7dc7c23396d2d8a7318ea2e17508b7d609,13356
task269,False,947f2c17a6b1d44a9f4ad789f9351b4edfb84e0298e879c258d5034b09e12f72,947f2c17a6b1d44a9f4ad789f9351b4edfb84e0298e879c258d5034b09e12f72,2336
task270,False,b73a12746408a64fc660309ec22c45ab3d2fdb4874d20e70981ac3d877927cba,b73a12746408a64fc660309ec22c45ab3d2fdb4874d20e70981ac3d877927cba,13845
task271,False,1d303e94d417fc4786c4e80dee5be764e57f981905d0bf8f5e5fdf48595b19ed,1d303e94d417fc4786c4e80dee5be764e57f981905d0bf8f5e5fdf48595b19ed,1993
task272,False,bb44a1717b5f9b6f1cd8f6bdd32aa6a40d88b17db3e200a8cb6f7806bb2c658d,bb44a1717b5f9b6f1cd8f6bdd32aa6a40d88b17db3e200a8cb6f7806bb2c658d,3825
task273,False,ef481d8f02832385edb2ae3838215e1c01c80ebc407639a5d04a17ab09227a4e,ef481d8f02832385edb2ae3838215e1c01c80ebc407639a5d04a17ab09227a4e,2414
task274,False,05e714a8af955d6f5061cbf93ea6964c368b3f5c164831d0bff7c9a31b8986d6,05e714a8af955d6f5061cbf93ea6964c368b3f5c164831d0bff7c9a31b8986d6,3619
task275,False,b05c9d902d60b5e03aa3436e187c874a4948bffc12b2ce6c86fd8ed957970680,b05c9d902d60b5e03aa3436e187c874a4948bffc12b2ce6c86fd8ed957970680,24193
task276,False,2a3e881ae92099c36f1955bdf96ca1e9f77a4ef3d1d3eb58c63eccc80a655c7e,2a3e881ae92099c36f1955bdf96ca1e9f77a4ef3d1d3eb58c63eccc80a655c7e,217
task277,False,cdd58c9156822d0c5c668ebff763d57659136b9c3169c7db59aad321bb92dad1,cdd58c9156822d0c5c668ebff763d57659136b9c3169c7db59aad321bb92dad1,6687
task278,False,0c14b78590ad46420b694424fb879d1c8bdef545b3a92cd9ef5a15278e77cf1e,0c14b78590ad46420b694424fb879d1c8bdef545b3a92cd9ef5a15278e77cf1e,2285
task279,False,77ad3d002b2c64888991d763c754fc018247f352e78c562d64fca7db08032314,77ad3d002b2c64888991d763c754fc018247f352e78c562d64fca7db08032314,10314
task280,False,0ba0568bbb48a9b051c258201debcd346d773a5d71ba1a149f8fd8b615f4c7a0,0ba0568bbb48a9b051c258201debcd346d773a5d71ba1a149f8fd8b615f4c7a0,10565
task281,False,ca2a1537dd3fbe42f2138c372b482af55ba9bacf05230c700a13f8ac7caf45df,ca2a1537dd3fbe42f2138c372b482af55ba9bacf05230c700a13f8ac7caf45df,7659
task282,False,3b69ffb73c79f09e8523073931061610e74b3e0d32534378317960c9557acd0d,3b69ffb73c79f09e8523073931061610e74b3e0d32534378317960c9557acd0d,3798
task283,False,b0e2a1e5a77dc63e5c2faa69d44120f7fe0e8773160760e68b7f5912591f4c60,b0e2a1e5a77dc63e5c2faa69d44120f7fe0e8773160760e68b7f5912591f4c60,3825
task284,False,c62db018d92766a4766f259ff8fed87498687d66f484804eb7217d619a04639a,c62db018d92766a4766f259ff8fed87498687d66f484804eb7217d619a04639a,23013
task285,False,a7b6460a76896e8eabafd5d99bbac88a6a49d21bcf62107026bdf33a4e0f0c22,a7b6460a76896e8eabafd5d99bbac88a6a49d21bcf62107026bdf33a4e0f0c22,36534
task286,False,91641d3dce315529001fbcca26bce7b3be3f885abf2d219b66728a428db1c152,91641d3dce315529001fbcca26bce7b3be3f885abf2d219b66728a428db1c152,19603
task287,False,4cdbdb8ebc51362af348b4c6b27acc968618f39eb23639e05932f58cfd196831,4cdbdb8ebc51362af348b4c6b27acc968618f39eb23639e05932f58cfd196831,1686
task288,False,0e48931aebec1eb0659c9be80508c8650400244b0f49af19d8698dd8b162a3cb,0e48931aebec1eb0659c9be80508c8650400244b0f49af19d8698dd8b162a3cb,5948
task289,False,00049ab3fa944a3759833dc85ccfb83f4f4ae7a1ab800664e74423dfb9c7b6d9,00049ab3fa944a3759833dc85ccfb83f4f4ae7a1ab800664e74423dfb9c7b6d9,2041
task290,False,f1086fcddc1287e8f751349bbcc1c1bc72e816011cd787def2fc61971684f688,f1086fcddc1287e8f751349bbcc1c1bc72e816011cd787def2fc61971684f688,3323
task291,False,f97257c9bae5cbdf0614cf4f6d0aeda2c0db164b44f4861fc829c00eae636b67,f97257c9bae5cbdf0614cf4f6d0aeda2c0db164b44f4861fc829c00eae636b67,6009
task292,False,e07b37f22f098e404b58d7607ce39d0fe5eddd0d9460f62732e9ce79fdb66757,e07b37f22f098e404b58d7607ce39d0fe5eddd0d9460f62732e9ce79fdb66757,1065
task293,False,2e7bfffcf5118fe59a8696a7973cfea6de63af4180130714f9f63788434cd556,2e7bfffcf5118fe59a8696a7973cfea6de63af4180130714f9f63788434cd556,8093
task294,False,247179b0cb2fab9e792e9f91da564f6ee1f8d4059046fabd7bfd7e7d3d010cd9,247179b0cb2fab9e792e9f91da564f6ee1f8d4059046fabd7bfd7e7d3d010cd9,3825
task295,True,5a049215df9c118110ba1217eb55447b5d335f09e93a9526e6862ff5b585b365,7b18d0ee9b04afa6db8393104484e5cd2834a81a6c49a74fa98bb59c57eecbd7,1889
task296,False,ef3bf836cbc30e5283b2fc94870db8ddcd570778c46a325a0760ed3c9e736da5,ef3bf836cbc30e5283b2fc94870db8ddcd570778c46a325a0760ed3c9e736da5,2803
task297,False,d627eca68b90f28a02781a8682497d5d894ddf8ff7e163243e795361ab962953,d627eca68b90f28a02781a8682497d5d894ddf8ff7e163243e795361ab962953,2373
task298,False,e0f93c454b454560cd1f5607a2e7c137c10f6257ed0016ef5d0ffc0de801e652,e0f93c454b454560cd1f5607a2e7c137c10f6257ed0016ef5d0ffc0de801e652,4436
task299,False,1e9708846864c2782d5c9d4b378034e7f20bd2a610abbcfb0712b83b3179cd2a,1e9708846864c2782d5c9d4b378034e7f20bd2a610abbcfb0712b83b3179cd2a,1405
task300,False,636b174c4333259b7ef746830a9768013b6f733d02576aeabe427095253be1e8,636b174c4333259b7ef746830a9768013b6f733d02576aeabe427095253be1e8,4454
task301,False,3207cb212d524b262aad2e4254037f5a963e3d95621cfdc5897ce0bc6908049c,3207cb212d524b262aad2e4254037f5a963e3d95621cfdc5897ce0bc6908049c,19355
task302,False,fc0c4095ee26f99dfa28593219832fb1744068c9c08b4b65293674194a176ad1,fc0c4095ee26f99dfa28593219832fb1744068c9c08b4b65293674194a176ad1,4372
task303,False,f1388ccd300d0326ef77e32e80a1bdcb15c39bd24649153f5208eb8cc0962cc6,f1388ccd300d0326ef77e32e80a1bdcb15c39bd24649153f5208eb8cc0962cc6,2084
task304,False,06814b3c9e89e0e99a7912ec3975a71e82891a22624fa4ed401a2bdfb2d9560c,06814b3c9e89e0e99a7912ec3975a71e82891a22624fa4ed401a2bdfb2d9560c,1814
task305,False,9f735899c445d2de0753685201dbbaa448ff1306c5f52d568270b4588d8e242d,9f735899c445d2de0753685201dbbaa448ff1306c5f52d568270b4588d8e242d,1865
task306,False,7b49df67bd4c3733ab36737bab5b236e6f62b7b3928698f735fa95db0f9366f5,7b49df67bd4c3733ab36737bab5b236e6f62b7b3928698f735fa95db0f9366f5,4155
task307,False,badc5326d1acd892c77212fc876a3f3192e5b67a9806ab111d1e9589eff70706,badc5326d1acd892c77212fc876a3f3192e5b67a9806ab111d1e9589eff70706,7454
task308,False,e76949fcdfaa88a3b3eae511c94c6e9db2bf6aba836667a9d88aa735a8730ae1,e76949fcdfaa88a3b3eae511c94c6e9db2bf6aba836667a9d88aa735a8730ae1,5898
task309,False,c47b834e65872a11ec0cda3c8246948b8365f81f916610b49ed07267815733d9,c47b834e65872a11ec0cda3c8246948b8365f81f916610b49ed07267815733d9,217
task310,False,9456e21fd271f0a84660fec5554753d105c6ab2d03ef08b086922cf1214f946e,9456e21fd271f0a84660fec5554753d105c6ab2d03ef08b086922cf1214f946e,3379
task311,False,250771b94d3db4658d4ac04e3bd9a0740f2af0f3aba0bb9b5df4d6181bb470d4,250771b94d3db4658d4ac04e3bd9a0740f2af0f3aba0bb9b5df4d6181bb470d4,479
task312,False,5f8662413159b881c8dff97e5c51ca63270ea3b1609d0f333539af73166348ff,5f8662413159b881c8dff97e5c51ca63270ea3b1609d0f333539af73166348ff,1202
task313,False,c14057973f9e425bfce0e5c4fcba390d7e2468949cc8cf0f53d31343d354042e,c14057973f9e425bfce0e5c4fcba390d7e2468949cc8cf0f53d31343d354042e,21754
task314,False,6de48aa8380bfa9f60145881280cb81f0649f178f1a74456c5c40334004417b4,6de48aa8380bfa9f60145881280cb81f0649f178f1a74456c5c40334004417b4,24532
task315,False,e90e9fdba6c27023c8aa0b2a5551bb93b6b95f46075245fed650566d7e77cd51,e90e9fdba6c27023c8aa0b2a5551bb93b6b95f46075245fed650566d7e77cd51,1167
task316,False,670f53af3ed1c6f43de6839e8ccdb28b13e22a3c916f608f375ce5b0edbba135,670f53af3ed1c6f43de6839e8ccdb28b13e22a3c916f608f375ce5b0edbba135,5546
task317,False,54ad9bc9831f0f3a781e65116809c2c60f3246bbdc84fc6c0fa8064fecb5d8c5,54ad9bc9831f0f3a781e65116809c2c60f3246bbdc84fc6c0fa8064fecb5d8c5,3798
task318,False,c3bad4dd178480e49327942b997d1e6816254aec1d649c8cae0bb01da1c39ae1,c3bad4dd178480e49327942b997d1e6816254aec1d649c8cae0bb01da1c39ae1,704
task319,False,7aa1d78fddf09c815ef6fceff0f357f98b235f69bf1dc39d1217d2e0af60ecbe,7aa1d78fddf09c815ef6fceff0f357f98b235f69bf1dc39d1217d2e0af60ecbe,5710
task320,False,b5f9d264034aafc2780289baeb60a45e338fd6478233a720f13b79faa2d6b39f,b5f9d264034aafc2780289baeb60a45e338fd6478233a720f13b79faa2d6b39f,2183
task321,False,2e36977fc386c76ebb921b21626cb0733b08b8f40969cc3ff8635f327f718f5e,2e36977fc386c76ebb921b21626cb0733b08b8f40969cc3ff8635f327f718f5e,1733
task322,False,fbd58feccde37b1a76b01f690c4e9c77a3893b33f6eff62285b9ddeac2aef02d,fbd58feccde37b1a76b01f690c4e9c77a3893b33f6eff62285b9ddeac2aef02d,515
task323,False,730233a73b9e6e98e25c77baf2e139a562e458088de6d66cb6f5a0090c133eb5,730233a73b9e6e98e25c77baf2e139a562e458088de6d66cb6f5a0090c133eb5,2497
task324,False,022afd33a6e9b0c37a3e2c3f23437cabe9e10ec07aab1b41f9431b047f33a6c9,022afd33a6e9b0c37a3e2c3f23437cabe9e10ec07aab1b41f9431b047f33a6c9,6861
task325,False,703958452270456b7d0aa9d4685a3bb4279c1a189050c3b1c4c5c0ef26767373,703958452270456b7d0aa9d4685a3bb4279c1a189050c3b1c4c5c0ef26767373,5072
task326,False,d8c069fbf425d2fc92a051625cd6ab3ed7942bb3f87ef81c26b098ca464da222,d8c069fbf425d2fc92a051625cd6ab3ed7942bb3f87ef81c26b098ca464da222,251
task327,False,28e407c04689606a975670fd8f7da26d5ce7a9a10400265cc54eca46e5504bed,28e407c04689606a975670fd8f7da26d5ce7a9a10400265cc54eca46e5504bed,1638
task328,False,8b59da6bec33268828441211f57cf70afff81536073372c30cb9394b8010d3c9,8b59da6bec33268828441211f57cf70afff81536073372c30cb9394b8010d3c9,16275
task329,False,b3983c3bd8c099ce71cb48e09938e0328cc29853d73d956c35e125db9bcd43ef,b3983c3bd8c099ce71cb48e09938e0328cc29853d73d956c35e125db9bcd43ef,1652
task330,False,defa06f30b9df97f6bcb5baef57d32ff1bcfc724125eac4cab4951c3b54ed3e8,defa06f30b9df97f6bcb5baef57d32ff1bcfc724125eac4cab4951c3b54ed3e8,12033
task331,False,159b7db4377d2a7d75a15aa8f84344e6d919741566944220da8f361aa1da572a,159b7db4377d2a7d75a15aa8f84344e6d919741566944220da8f361aa1da572a,3836
task332,False,ff9ef4a3514237bbffcf3d8e6f5c881bc68b8ae01f73f3abb8a70a57d0fe7f4a,ff9ef4a3514237bbffcf3d8e6f5c881bc68b8ae01f73f3abb8a70a57d0fe7f4a,3735
task333,False,3d2a0cf5f315ce4c79444681a1dd03ce03f8bb64d70709003d2d750a60d8d23f,3d2a0cf5f315ce4c79444681a1dd03ce03f8bb64d70709003d2d750a60d8d23f,4058
task334,False,a5f6ffb6be0ddc49db3ce5998c7cae13bfa5a4f830eb89e47e9f2875f71895c0,a5f6ffb6be0ddc49db3ce5998c7cae13bfa5a4f830eb89e47e9f2875f71895c0,889
task335,False,df7e9b8596d842b5ccccb92f6dbade8c446c1be3167bc5a0d2345a2a5f0d1e52,df7e9b8596d842b5ccccb92f6dbade8c446c1be3167bc5a0d2345a2a5f0d1e52,3440
task336,False,66605e39204e06dd97980e812e93d14e7dab3eb0d815b075ac29202827cc6a4e,66605e39204e06dd97980e812e93d14e7dab3eb0d815b075ac29202827cc6a4e,5276
task337,False,c276f5799bf0f2f77bbc0c31f5ed97472afbff9a946326286e229929029e2484,c276f5799bf0f2f77bbc0c31f5ed97472afbff9a946326286e229929029e2484,159
task338,False,c4e2d784490156e8a4ba7ee3f80c9706021d7bca46e83c27c2aaab16a43710e1,c4e2d784490156e8a4ba7ee3f80c9706021d7bca46e83c27c2aaab16a43710e1,8884
task339,False,23c555a9d5193597ba509db3b965cb39be9f02febeded3f074acb8768e013f1b,23c555a9d5193597ba509db3b965cb39be9f02febeded3f074acb8768e013f1b,1588
task340,False,1b13c5518a579f9d9b93f9db0c46aaf5bb1cc3caef23e4e322ac6aebd1d2a111,1b13c5518a579f9d9b93f9db0c46aaf5bb1cc3caef23e4e322ac6aebd1d2a111,6409
task341,False,564fae20dee0f5a54330c3170bfad5824556165d5a206e82a19c9264faaaaf05,564fae20dee0f5a54330c3170bfad5824556165d5a206e82a19c9264faaaaf05,8743
task342,False,cd69f1c3c3bd5d7c51afa7008425c54e8c0a232fd18449de9a9bff304cea90ec,cd69f1c3c3bd5d7c51afa7008425c54e8c0a232fd18449de9a9bff304cea90ec,3200
task343,False,7d9fd50c151181852757e8561c8433d9c675826ceb14e650adf7d42e3fdacc5a,7d9fd50c151181852757e8561c8433d9c675826ceb14e650adf7d42e3fdacc5a,8142
task344,False,a23999c886c62393d115371628fbee6b6043de7a35bed72285639240d6def4fd,a23999c886c62393d115371628fbee6b6043de7a35bed72285639240d6def4fd,10236
task345,False,c33a5f6e78916a4a95040832dd427c7877e2b85de975738a8cdcb55dea726ae7,c33a5f6e78916a4a95040832dd427c7877e2b85de975738a8cdcb55dea726ae7,10079
task346,False,e127612bc10915231c09b9a410db00be87b798db0d06b4ac227cf3a1d03dbfa9,e127612bc10915231c09b9a410db00be87b798db0d06b4ac227cf3a1d03dbfa9,1580
task347,False,1d85d68af1f6fb61d48534f26940146d8c8cd26d1252ac47c295167acd8a62b6,1d85d68af1f6fb61d48534f26940146d8c8cd26d1252ac47c295167acd8a62b6,753
task348,False,a6dd8eb329ee1c4b5ee60a6985610b6685bad770c76a14d12eb9e9665303821e,a6dd8eb329ee1c4b5ee60a6985610b6685bad770c76a14d12eb9e9665303821e,3000
task349,False,b50e0447d1f40836eccb91855a41e449322185a06d32042a4a24c1bb1945303d,b50e0447d1f40836eccb91855a41e449322185a06d32042a4a24c1bb1945303d,8067
task350,False,0a4953ef042161b10533c2687cf95494f213b8913fe824d49955a6077178c613,0a4953ef042161b10533c2687cf95494f213b8913fe824d49955a6077178c613,1437
task351,False,c17c4a24fd333fa82a77f43e4a5127d7eb81187a15ad4b7f8a1bb21664a5d49d,c17c4a24fd333fa82a77f43e4a5127d7eb81187a15ad4b7f8a1bb21664a5d49d,3049
task352,False,f3b9bb985cfb0478df981c689aab9f22dc5bb177e02b6f3b6a3b330669eef601,f3b9bb985cfb0478df981c689aab9f22dc5bb177e02b6f3b6a3b330669eef601,1398
task353,False,1639de1c1d4d3ee61a8454a02d3b5af4d359f13f2fb1c963687d4cd76b280a8b,1639de1c1d4d3ee61a8454a02d3b5af4d359f13f2fb1c963687d4cd76b280a8b,3244
task354,False,72097d91360fee677a7cedfcb6a9f81d203f7ed48b510491a32767048d687447,72097d91360fee677a7cedfcb6a9f81d203f7ed48b510491a32767048d687447,2710
task355,False,ad09d6515b0ea120e8214015b5a7dd13fe14644812fd3be9b33471c171932a2f,ad09d6515b0ea120e8214015b5a7dd13fe14644812fd3be9b33471c171932a2f,3971
task356,False,551900e26ac21ba20631069f1a4268e5b9992eabbfd9cde50643affea19fc2f0,551900e26ac21ba20631069f1a4268e5b9992eabbfd9cde50643affea19fc2f0,2344
task357,False,6f016be04e3411dcac0352a418b9fbb112c20cf7af507ed65575bcf4792392f0,6f016be04e3411dcac0352a418b9fbb112c20cf7af507ed65575bcf4792392f0,2311
task358,False,a3895456e9085eead79b9253690c3017a887f390547c9c7695d037e9e4c61ee9,a3895456e9085eead79b9253690c3017a887f390547c9c7695d037e9e4c61ee9,10783
task359,False,1c4683356c52e5f1ca1b725734fdf8932a57c9fe9c74559da7a2378c9f86293c,1c4683356c52e5f1ca1b725734fdf8932a57c9fe9c74559da7a2378c9f86293c,1184
task360,False,288d8ec599a9f336ad8b8ece878231f6009143fcb0788f52136b48e7bdc42237,288d8ec599a9f336ad8b8ece878231f6009143fcb0788f52136b48e7bdc42237,1271
task361,False,58c2988d1f57c0e95d5ac624593c05c1ec9521459d3f9f66e1c052a23f3c961f,58c2988d1f57c0e95d5ac624593c05c1ec9521459d3f9f66e1c052a23f3c961f,6018
task362,False,809f348845562e3a2af3412a38f9a7bf492e320a45d1adebf5e278757bb88f21,809f348845562e3a2af3412a38f9a7bf492e320a45d1adebf5e278757bb88f21,1696
task363,False,6e60b75eb2a617fb45f2cc1daf935b01cb600c56f3c9339f9b9940b7c3ddfb8b,6e60b75eb2a617fb45f2cc1daf935b01cb600c56f3c9339f9b9940b7c3ddfb8b,7690
task364,False,19c76d070f8150bce68cfff6c1d1904fad351bb30d17d6e0b6a21d04072d261b,19c76d070f8150bce68cfff6c1d1904fad351bb30d17d6e0b6a21d04072d261b,10636
task365,False,b5433fef2a486e434f677cabc36a073d21f90962bd37a741806cbce8ba33a836,b5433fef2a486e434f677cabc36a073d21f90962bd37a741806cbce8ba33a836,16991
task366,False,5ac529bc5ea238922eb6224354f53dba28b9c4b3b6d487ee129eea9cf4f1a3ca,5ac529bc5ea238922eb6224354f53dba28b9c4b3b6d487ee129eea9cf4f1a3ca,90138
task367,False,d714af254dd574b2ee6e4d9a7da38d254cc1cedf344e671171b3198e6677f3e9,d714af254dd574b2ee6e4d9a7da38d254cc1cedf344e671171b3198e6677f3e9,9982
task368,False,fb13ef89494b35d91e797f4295a7a89ef8111ed8b5d8f62974f2ce5be08e16a8,fb13ef89494b35d91e797f4295a7a89ef8111ed8b5d8f62974f2ce5be08e16a8,8950
task369,False,41510d5508f7ee00bea219692bf4efbbac40ae5b20300daa5ec4f01d4b6816a5,41510d5508f7ee00bea219692bf4efbbac40ae5b20300daa5ec4f01d4b6816a5,2940
task370,False,b1b46a857c98012f3a7a98855a96a142bf2570da5f6bcd408720761359d016df,b1b46a857c98012f3a7a98855a96a142bf2570da5f6bcd408720761359d016df,15228
task371,False,55f3e4edea862a77001eaa66f9ce4cd37bbc3eaaaad9315a16360ce4d1d01bfe,55f3e4edea862a77001eaa66f9ce4cd37bbc3eaaaad9315a16360ce4d1d01bfe,1810
task372,False,49debbd524f6003bd2accc773182b09a6122b202f854be799ea472d199ff510b,49debbd524f6003bd2accc773182b09a6122b202f854be799ea472d199ff510b,640
task373,False,febd0e663c6704afa5d637e656bb7decaf87e1523de97cd6fac5a3db41f7c234,febd0e663c6704afa5d637e656bb7decaf87e1523de97cd6fac5a3db41f7c234,581
task374,False,339db4c37b98491914562d733c9adb7b8806f170bb42f46211b291bbbc530645,339db4c37b98491914562d733c9adb7b8806f170bb42f46211b291bbbc530645,5728
task375,False,509686d607b3126316a284357799deb369829fe56865a1b05609fa3447c4c5d7,509686d607b3126316a284357799deb369829fe56865a1b05609fa3447c4c5d7,2214
task376,False,a0598286ff472392ee4b56cece1c00b820ecfa693ab0b51c8260410e1f8229e2,a0598286ff472392ee4b56cece1c00b820ecfa693ab0b51c8260410e1f8229e2,2623
task377,False,50d51acee58e84195c70fdab79e3579292b15de336c03f0e4033c5f0b5720e29,50d51acee58e84195c70fdab79e3579292b15de336c03f0e4033c5f0b5720e29,15257
task378,False,83b85af797290c872bb4445a649a62c3dbb79def4efe2837004cc95fe7d9308f,83b85af797290c872bb4445a649a62c3dbb79def4efe2837004cc95fe7d9308f,5481
task379,False,b5d2b20c584301f7abc010c463188b248a1cf46e8115c8d81cb5f0e30db38e33,b5d2b20c584301f7abc010c463188b248a1cf46e8115c8d81cb5f0e30db38e33,9996
task380,False,5738b9a32c4e060390dd4e9616533654a3951ef69af2721854b0ba55a010d39c,5738b9a32c4e060390dd4e9616533654a3951ef69af2721854b0ba55a010d39c,396
task381,False,a16d4bb356919ad3bf517a438093a449db108057e19f9536dcfb509f93eef5c8,a16d4bb356919ad3bf517a438093a449db108057e19f9536dcfb509f93eef5c8,3749
task382,False,14b9a8cc2a3b6c3865bf63db9bd731226657d36477d972681299eb6da25e5bff,14b9a8cc2a3b6c3865bf63db9bd731226657d36477d972681299eb6da25e5bff,19986
task383,False,d1ef7468a9e40cc10bb8d8292394e3dd8447e350bf16cac2de25abaa0683fce8,d1ef7468a9e40cc10bb8d8292394e3dd8447e350bf16cac2de25abaa0683fce8,4981
task384,False,f0df167c63399347edeca26b04c3bf18712c68fa26dccbbe266d4e5755d907cf,f0df167c63399347edeca26b04c3bf18712c68fa26dccbbe266d4e5755d907cf,4308
task385,False,629a5673b6a8e745a4c5b1b5afcf3c5e7214f2fd7c54d7f5da27eb3e788ea5d1,629a5673b6a8e745a4c5b1b5afcf3c5e7214f2fd7c54d7f5da27eb3e788ea5d1,175
task386,False,30e6c4f44c318f69f5aa740f9a98bbe61bdd21fa4b3253758b8e8fa0adb2b849,30e6c4f44c318f69f5aa740f9a98bbe61bdd21fa4b3253758b8e8fa0adb2b849,793
task387,False,922ce5bde5319cc313a3bd536efe5ad0870456361b80db7b5e806f0adc4a9188,922ce5bde5319cc313a3bd536efe5ad0870456361b80db7b5e806f0adc4a9188,12388
task388,False,8afccfc448cdf82a4975b45c7b556477083e29728ac00da51d92d2da1aefe4cc,8afccfc448cdf82a4975b45c7b556477083e29728ac00da51d92d2da1aefe4cc,6536
task389,False,5d19a4d137ddfa5d5e278378f5210bdd9ffd9225b6b7ca3cfb0a823a86ca0be9,5d19a4d137ddfa5d5e278378f5210bdd9ffd9225b6b7ca3cfb0a823a86ca0be9,1421
task390,False,8beebca53dbcb17ddb3257f25febefec6a9f7212108ea7bd3d5155b14ea933c9,8beebca53dbcb17ddb3257f25febefec6a9f7212108ea7bd3d5155b14ea933c9,4736
task391,False,1582c8e52095b42ea4800ff8753f6e9fcb62f2e7b65b1642a469835c6548bf80,1582c8e52095b42ea4800ff8753f6e9fcb62f2e7b65b1642a469835c6548bf80,2841
task392,False,286bbe96e893d8985bbc76084a277ad5864297316cf38f4ba6edf4007112e4c5,286bbe96e893d8985bbc76084a277ad5864297316cf38f4ba6edf4007112e4c5,8330
task393,False,ca611d444767651339521e15512433dff1dccbf80f21572d62cfc02d5924cb48,ca611d444767651339521e15512433dff1dccbf80f21572d62cfc02d5924cb48,1538
task394,False,6f9e76b487f97c594199199e75fc55402957e97ede7b3c08c5059ae6412a4a45,6f9e76b487f97c594199199e75fc55402957e97ede7b3c08c5059ae6412a4a45,3787
task395,False,19fd478858c781c596e2ca2f7e34d4e1bcfa8798379225afbe1efd44d2841ac0,19fd478858c781c596e2ca2f7e34d4e1bcfa8798379225afbe1efd44d2841ac0,1179
task396,False,2afd7f3d83b6439b6731e3b143c854786a7735e2b23603d13849d0a039835209,2afd7f3d83b6439b6731e3b143c854786a7735e2b23603d13849d0a039835209,25265
task397,False,ec9b058741eaf99344ec4924d5f8477c3c76806ed7bdd2e9f5e72d470c7b0255,ec9b058741eaf99344ec4924d5f8477c3c76806ed7bdd2e9f5e72d470c7b0255,7145
task398,False,5e22b113b5a8af360aa7e552fdd71f3ec955ca68744a8b5c21726a900f34e263,5e22b113b5a8af360aa7e552fdd71f3ec955ca68744a8b5c21726a900f34e263,7459
task399,False,f8e72c2228ae91a54d38c5a7f101356edc42d906cda234321b13bfc87a5ff38f,f8e72c2228ae91a54d38c5a7f101356edc42d906cda234321b13bfc87a5ff38f,1907
task400,False,85a9828beec5f14034326e3d758cb7a93f61e66437df97f60e5b4a304af62110,85a9828beec5f14034326e3d758cb7a93f61e66437df97f60e5b4a304af62110,3021
