source,task_id,pass,total,score,cost,anchor_score,anchor_cost,delta,error,path
biohack44_superior,1,268,268,17.04107350694989,2861,17.04107350694989,2861,0.0,,submissions/biohack44_superior_onnx/task001.onnx
biohack44_superior,2,268,268,13.5104148124377,97693,13.514517676859928,97293,-0.004102864422227626,,submissions/biohack44_superior_onnx/task002.onnx
biohack44_superior,3,265,265,15.883750551423413,9102,15.883530843633888,9104,0.0002197077895242927,,submissions/biohack44_superior_onnx/task003.onnx
biohack44_superior,4,265,265,14.084547965521434,55020,14.084547965521434,55020,0.0,,submissions/biohack44_superior_onnx/task004.onnx
biohack44_superior,5,266,266,13.328149556042213,117225,13.328149556042213,117225,0.0,,submissions/biohack44_superior_onnx/task005.onnx
biohack44_superior,6,266,266,17.603051397378987,1631,17.603051397378987,1631,0.0,,submissions/biohack44_superior_onnx/task006.onnx
biohack44_superior,7,266,266,15.981910315895657,8251,16.108350887349943,7271,-0.12644057145428533,,submissions/biohack44_superior_onnx/task007.onnx
biohack44_superior,8,266,266,14.94426357492621,23289,14.94426357492621,23289,0.0,,submissions/biohack44_superior_onnx/task008.onnx
biohack44_superior,9,265,265,13.69482467517415,81241,13.69482467517415,81241,0.0,,submissions/biohack44_superior_onnx/task009.onnx
biohack44_superior,10,265,265,16.479611917687244,5016,16.479611917687244,5016,0.0,,submissions/biohack44_superior_onnx/task010.onnx
biohack44_superior,11,267,267,13.898854540195707,66247,13.898854540195707,66247,0.0,,submissions/biohack44_superior_onnx/task011.onnx
biohack44_superior,12,265,265,15.555378332299151,12640,15.556090611226026,12631,-0.0007122789268745322,,submissions/biohack44_superior_onnx/task012.onnx
biohack44_superior,13,267,267,13.3310798421544,116882,13.3310798421544,116882,0.0,,submissions/biohack44_superior_onnx/task013.onnx
biohack44_superior,14,266,266,14.344789801999697,42413,14.427427453254685,39049,-0.08263765125498779,,submissions/biohack44_superior_onnx/task014.onnx
biohack44_superior,15,265,265,18.197605236675688,900,18.197605236675688,900,0.0,,submissions/biohack44_superior_onnx/task015.onnx
biohack44_superior,16,267,267,22.697414907005953,10,22.697414907005953,10,0.0,,submissions/biohack44_superior_onnx/task016.onnx
biohack44_superior,17,266,266,14.527540564604424,35329,14.545245701700358,34709,-0.01770513709593402,,submissions/biohack44_superior_onnx/task017.onnx
biohack44_superior,18,0,266,11.926438286831228,476185,11.926438286831228,476185,0.0,,submissions/biohack44_superior_onnx/task018.onnx
biohack44_superior,19,267,267,13.16583196905603,137884,13.69353305881371,81346,-0.527701089757679,,submissions/biohack44_superior_onnx/task019.onnx
biohack44_superior,20,266,266,13.590958363748854,90133,13.590958363748854,90133,0.0,,submissions/biohack44_superior_onnx/task020.onnx
biohack44_superior,21,0,266,0.0,,14.225072648727613,47807,-14.225072648727613,"Traceback (most recent call last): |   File ""$HOME/Desktop/kaggleonnx/tools/neurogolf_local.py"", line 286, in score_onnx |     output = session.run([""output""], {""input"": encode_grid(example[""input""])})[0] |                                                ~~~~~~~~~~~^^^^^^^^^^^^^^^^^^ |   File ""$HOME/Desktop/kaggleonnx/tools/neurogolf_local.py"", line 57, in encode_grid |     out[0, color, row, col] = 1.0 |     ~~~^^^^^^^^^^^^^^^^^^^^ | IndexError: index 30 is out of bounds for axis 3 with size 30",submissions/biohack44_superior_onnx/task021.onnx
biohack44_superior,22,266,266,14.287673304907853,44906,14.542024067963268,34821,-0.25435076305541493,,submissions/biohack44_superior_onnx/task022.onnx
biohack44_superior,23,266,266,13.798953676207402,73207,13.807114523589679,72612,-0.008160847382276515,,submissions/biohack44_superior_onnx/task023.onnx
biohack44_superior,24,266,266,15.88617052840466,9080,15.88617052840466,9080,0.0,,submissions/biohack44_superior_onnx/task024.onnx
biohack44_superior,25,266,266,13.149938233234366,140093,13.149938233234366,140093,0.0,,submissions/biohack44_superior_onnx/task025.onnx
biohack44_superior,26,268,268,18.39605617539953,738,18.415208607614282,724,-0.019152432214752935,,submissions/biohack44_superior_onnx/task026.onnx
biohack44_superior,27,265,265,14.486991470971319,36791,14.486991470971319,36791,0.0,,submissions/biohack44_superior_onnx/task027.onnx
biohack44_superior,28,265,265,15.896131872534333,8990,15.896131872534333,8990,0.0,,submissions/biohack44_superior_onnx/task028.onnx
biohack44_superior,29,266,266,13.516328283804857,97117,13.516328283804857,97117,0.0,,submissions/biohack44_superior_onnx/task029.onnx
biohack44_superior,30,266,266,14.270430927480199,45687,15.77240927461729,10174,-1.5019783471370918,,submissions/biohack44_superior_onnx/task030.onnx
biohack44_superior,31,266,266,15.168223295017873,18616,15.168223295017873,18616,0.0,,submissions/biohack44_superior_onnx/task031.onnx
biohack44_superior,32,266,266,16.86699978141639,3405,16.86699978141639,3405,0.0,,submissions/biohack44_superior_onnx/task032.onnx
biohack44_superior,33,265,265,14.081988539178049,55161,14.081988539178049,55161,0.0,,submissions/biohack44_superior_onnx/task033.onnx
biohack44_superior,34,267,267,13.425828929592994,106316,13.421324248376678,106796,0.0045046812163160865,,submissions/biohack44_superior_onnx/task034.onnx
biohack44_superior,35,266,266,15.36028269986934,15363,15.36028269986934,15363,0.0,,submissions/biohack44_superior_onnx/task035.onnx
biohack44_superior,36,265,265,13.71033059267258,79991,13.710918331458375,79944,-0.0005877387857946559,,submissions/biohack44_superior_onnx/task036.onnx
biohack44_superior,37,266,266,13.937652078450405,63726,13.937652078450405,63726,0.0,,submissions/biohack44_superior_onnx/task037.onnx
biohack44_superior,38,266,266,17.306974251582112,2193,17.306974251582112,2193,0.0,,submissions/biohack44_superior_onnx/task038.onnx
biohack44_superior,39,264,264,16.04171718950267,7772,16.04171718950267,7772,0.0,,submissions/biohack44_superior_onnx/task039.onnx
biohack44_superior,40,266,266,16.02944082049105,7868,16.02944082049105,7868,0.0,,submissions/biohack44_superior_onnx/task040.onnx
biohack44_superior,41,266,266,15.626775765122337,11769,15.626775765122337,11769,0.0,,submissions/biohack44_superior_onnx/task041.onnx
biohack44_superior,42,266,266,15.940366245448521,8601,15.950063149516842,8518,-0.009696904068320578,,submissions/biohack44_superior_onnx/task042.onnx
biohack44_superior,43,266,266,16.129477454896126,7119,16.129477454896126,7119,0.0,,submissions/biohack44_superior_onnx/task043.onnx
biohack44_superior,44,266,266,14.251782166202938,46547,14.30926035860212,43947,-0.057478192399182504,,submissions/biohack44_superior_onnx/task044.onnx
biohack44_superior,45,265,265,16.0404313464555,7782,16.0873920363291,7425,-0.04696068987360036,,submissions/biohack44_superior_onnx/task045.onnx
biohack44_superior,46,267,267,14.58291068075113,33426,14.58291068075113,33426,0.0,,submissions/biohack44_superior_onnx/task046.onnx
biohack44_superior,47,265,265,16.985664262700574,3024,16.985664262700574,3024,0.0,,submissions/biohack44_superior_onnx/task047.onnx
biohack44_superior,48,270,270,16.367872270491663,5609,16.36858566449374,5605,-0.000713394002076484,,submissions/biohack44_superior_onnx/task048.onnx
biohack44_superior,49,268,268,14.674878758194124,30489,14.674878758194124,30489,0.0,,submissions/biohack44_superior_onnx/task049.onnx
biohack44_superior,50,271,271,15.843587970049374,9475,15.843587970049374,9475,0.0,,submissions/biohack44_superior_onnx/task050.onnx
biohack44_superior,51,265,265,13.866331106969804,68437,13.866448009633856,68429,-0.00011690266405217642,,submissions/biohack44_superior_onnx/task051.onnx
biohack44_superior,52,267,267,17.886857891292912,1228,17.886857891292912,1228,0.0,,submissions/biohack44_superior_onnx/task052.onnx
biohack44_superior,53,60,60,21.598802618337846,30,21.598802618337846,30,0.0,,submissions/biohack44_superior_onnx/task053.onnx
biohack44_superior,54,266,266,12.943890149076013,172148,13.07796275080141,150548,-0.13407260172539637,,submissions/biohack44_superior_onnx/task054.onnx
biohack44_superior,55,0,265,0.0,,14.815477417733884,26490,-14.815477417733884,"Traceback (most recent call last): |   File ""$HOME/Desktop/kaggleonnx/tools/neurogolf_local.py"", line 286, in score_onnx |     output = session.run([""output""], {""input"": encode_grid(example[""input""])})[0] |                                                ~~~~~~~~~~~^^^^^^^^^^^^^^^^^^ |   File ""$HOME/Desktop/kaggleonnx/tools/neurogolf_local.py"", line 57, in encode_grid |     out[0, color, row, col] = 1.0 |     ~~~^^^^^^^^^^^^^^^^^^^^ | IndexError: index 30 is out of bounds for axis 2 with size 30",submissions/biohack44_superior_onnx/task055.onnx
biohack44_superior,56,46,46,18.672063216270807,560,19.638707834290575,213,-0.9666446180197674,,submissions/biohack44_superior_onnx/task056.onnx
biohack44_superior,57,265,265,14.470333403835719,37409,14.71452069554135,29304,-0.24418729170563047,,submissions/biohack44_superior_onnx/task057.onnx
biohack44_superior,58,22,22,15.313114938234701,16105,15.314295392535985,16086,-0.0011804543012843283,,submissions/biohack44_superior_onnx/task058.onnx
biohack44_superior,59,266,266,15.077347278202861,20387,15.076170749805957,20411,0.0011765283969040752,,submissions/biohack44_superior_onnx/task059.onnx
biohack44_superior,60,265,265,16.372876749211567,5581,16.372876749211567,5581,0.0,,submissions/biohack44_superior_onnx/task060.onnx
biohack44_superior,61,267,267,15.152342332424542,18914,15.152342332424542,18914,0.0,,submissions/biohack44_superior_onnx/task061.onnx
biohack44_superior,62,267,267,14.670950637656585,30609,14.670950637656585,30609,0.0,,submissions/biohack44_superior_onnx/task062.onnx
biohack44_superior,63,266,266,14.666940264012474,30732,14.666940264012474,30732,0.0,,submissions/biohack44_superior_onnx/task063.onnx
biohack44_superior,64,267,267,13.354705067178468,114153,13.354705067178468,114153,0.0,,submissions/biohack44_superior_onnx/task064.onnx
biohack44_superior,65,266,266,14.533787213157124,35109,14.543691118245864,34763,-0.009903905088739506,,submissions/biohack44_superior_onnx/task065.onnx
biohack44_superior,66,266,266,12.758048758434928,207306,13.489738079116012,99734,-0.7316893206810846,,submissions/biohack44_superior_onnx/task066.onnx
biohack44_superior,67,266,266,19.247427361174367,315,19.247427361174367,315,0.0,,submissions/biohack44_superior_onnx/task067.onnx
biohack44_superior,68,266,266,15.55942130423374,12589,15.55942130423374,12589,0.0,,submissions/biohack44_superior_onnx/task068.onnx
biohack44_superior,69,264,264,13.647595461864874,85170,13.667997070910019,83450,-0.020401609045144653,,submissions/biohack44_superior_onnx/task069.onnx
biohack44_superior,70,266,266,13.90050125280863,66138,13.90050125280863,66138,0.0,,submissions/biohack44_superior_onnx/task070.onnx
biohack44_superior,71,265,265,13.22640401182484,129780,13.22640401182484,129780,0.0,,submissions/biohack44_superior_onnx/task071.onnx
biohack44_superior,72,268,268,17.801068759311825,1338,17.8229812340901,1309,-0.021912474778275737,,submissions/biohack44_superior_onnx/task072.onnx
biohack44_superior,73,15,15,18.186555400489105,910,18.186555400489105,910,0.0,,submissions/biohack44_superior_onnx/task073.onnx
biohack44_superior,74,267,267,15.009188619292196,21825,15.009188619292196,21825,0.0,,submissions/biohack44_superior_onnx/task074.onnx
biohack44_superior,75,265,265,14.742796878157792,28487,14.742796878157792,28487,0.0,,submissions/biohack44_superior_onnx/task075.onnx
biohack44_superior,76,266,266,12.128894195350027,388911,12.303529973656687,326593,-0.17463577830666033,,submissions/biohack44_superior_onnx/task076.onnx
biohack44_superior,77,266,266,13.030200472556263,157913,13.032857358715912,157494,-0.0026568861596487636,,submissions/biohack44_superior_onnx/task077.onnx
biohack44_superior,78,266,266,15.65024557224114,11496,15.65024557224114,11496,0.0,,submissions/biohack44_superior_onnx/task078.onnx
biohack44_superior,79,266,266,15.029648507210364,21383,15.029648507210364,21383,0.0,,submissions/biohack44_superior_onnx/task079.onnx
biohack44_superior,80,0,266,0.0,,14.353266435603462,42055,-14.353266435603462,"Traceback (most recent call last): |   File ""$HOME/Desktop/kaggleonnx/tools/neurogolf_local.py"", line 286, in score_onnx |     output = session.run([""output""], {""input"": encode_grid(example[""input""])})[0] |                                                ~~~~~~~~~~~^^^^^^^^^^^^^^^^^^ |   File ""$HOME/Desktop/kaggleonnx/tools/neurogolf_local.py"", line 57, in encode_grid |     out[0, color, row, col] = 1.0 |     ~~~^^^^^^^^^^^^^^^^^^^^ | IndexError: index 30 is out of bounds for axis 3 with size 30",submissions/biohack44_superior_onnx/task080.onnx
biohack44_superior,81,264,264,17.256296741826247,2307,17.256296741826247,2307,0.0,,submissions/biohack44_superior_onnx/task081.onnx
biohack44_superior,82,265,265,14.936138316402742,23479,14.936138316402742,23479,0.0,,submissions/biohack44_superior_onnx/task082.onnx
biohack44_superior,83,266,266,17.504458056115745,1800,17.504458056115745,1800,0.0,,submissions/biohack44_superior_onnx/task083.onnx
biohack44_superior,84,175,175,15.121163810905001,19513,15.121163810905001,19513,0.0,,submissions/biohack44_superior_onnx/task084.onnx
biohack44_superior,85,265,265,13.36328292042622,113178,13.36328292042622,113178,0.0,,submissions/biohack44_superior_onnx/task085.onnx
biohack44_superior,86,266,266,14.83966336368449,25857,14.88523906872015,24705,-0.04557570503565955,,submissions/biohack44_superior_onnx/task086.onnx
biohack44_superior,87,266,266,19.070410856610106,376,19.09191706183107,368,-0.02150620522096247,,submissions/biohack44_superior_onnx/task087.onnx
biohack44_superior,88,267,267,13.468468702037654,101878,13.80499590787612,72766,-0.3365272058384665,,submissions/biohack44_superior_onnx/task088.onnx
biohack44_superior,89,267,267,14.186179427563964,49703,14.179382068192274,50042,0.006797359371690348,,submissions/biohack44_superior_onnx/task089.onnx
biohack44_superior,90,267,267,13.94350667496543,63354,13.94350667496543,63354,0.0,,submissions/biohack44_superior_onnx/task090.onnx
biohack44_superior,91,266,266,14.150760005440098,51495,14.151323325547068,51466,-0.0005633201069699112,,submissions/biohack44_superior_onnx/task091.onnx
biohack44_superior,92,265,265,13.071487493631263,151526,14.473546344027687,37289,-1.4020588503964238,,submissions/biohack44_superior_onnx/task092.onnx
biohack44_superior,93,265,265,15.354118052333183,15458,15.354118052333183,15458,0.0,,submissions/biohack44_superior_onnx/task093.onnx
biohack44_superior,94,265,265,15.745355702467293,10453,15.745355702467293,10453,0.0,,submissions/biohack44_superior_onnx/task094.onnx
biohack44_superior,95,265,265,18.186555400489105,910,18.186555400489105,910,0.0,,submissions/biohack44_superior_onnx/task095.onnx
biohack44_superior,96,266,266,12.825227121311157,193837,12.873890898610211,184630,-0.0486637772990548,,submissions/biohack44_superior_onnx/task096.onnx
biohack44_superior,97,267,267,13.85348240488441,69322,14.07029165621752,55810,-0.21680925133311035,,submissions/biohack44_superior_onnx/task097.onnx
biohack44_superior,98,266,266,18.186555400489105,910,18.186555400489105,910,0.0,,submissions/biohack44_superior_onnx/task098.onnx
biohack44_superior,99,265,265,16.500970779211436,4910,16.500970779211436,4910,0.0,,submissions/biohack44_superior_onnx/task099.onnx
biohack44_superior,100,266,266,16.21491936346016,6536,16.21491936346016,6536,0.0,,submissions/biohack44_superior_onnx/task100.onnx
biohack44_superior,101,266,266,12.166823827190758,374436,12.166837180696787,374431,-1.3353506028934703e-05,,submissions/biohack44_superior_onnx/task101.onnx
biohack44_superior,102,267,267,15.55799250576873,12607,15.55799250576873,12607,0.0,,submissions/biohack44_superior_onnx/task102.onnx
biohack44_superior,103,223,223,19.454822555520437,256,19.758252984940356,189,-0.3034304294199188,,submissions/biohack44_superior_onnx/task103.onnx
biohack44_superior,104,7,7,16.767293990139024,3762,16.788788638206977,3682,-0.021494648067953648,,submissions/biohack44_superior_onnx/task104.onnx
biohack44_superior,105,266,266,16.138082995764783,7058,16.138508135713085,7055,-0.00042513994830173374,,submissions/biohack44_superior_onnx/task105.onnx
biohack44_superior,106,266,266,17.940382371708615,1164,17.940382371708615,1164,0.0,,submissions/biohack44_superior_onnx/task106.onnx
biohack44_superior,107,266,266,13.799992367549814,73131,13.806577566471388,72651,-0.0065851989215737206,,submissions/biohack44_superior_onnx/task107.onnx
biohack44_superior,108,266,266,17.504458056115745,1800,17.504458056115745,1800,0.0,,submissions/biohack44_superior_onnx/task108.onnx
biohack44_superior,109,266,266,13.53934725626767,94907,13.542354713857948,94622,-0.0030074575902787615,,submissions/biohack44_superior_onnx/task109.onnx
biohack44_superior,110,266,266,13.399054500239831,109201,13.41143844532834,107857,-0.012383945088508597,,submissions/biohack44_superior_onnx/task110.onnx
biohack44_superior,111,265,265,18.319145321209785,797,18.319145321209785,797,0.0,,submissions/biohack44_superior_onnx/task111.onnx
biohack44_superior,112,266,266,14.010141445218116,59270,14.010141445218116,59270,0.0,,submissions/biohack44_superior_onnx/task112.onnx
biohack44_superior,113,265,265,21.598802618337846,30,21.598802618337846,30,0.0,,submissions/biohack44_superior_onnx/task113.onnx
biohack44_superior,114,266,266,17.865906278807135,1254,17.869101169703654,1250,-0.0031948908965198086,,submissions/biohack44_superior_onnx/task114.onnx
biohack44_superior,115,266,266,16.675906238549594,4122,16.67663430556392,4119,-0.0007280670143252621,,submissions/biohack44_superior_onnx/task115.onnx
biohack44_superior,116,267,267,21.598802618337846,30,21.598802618337846,30,0.0,,submissions/biohack44_superior_onnx/task116.onnx
biohack44_superior,117,265,265,15.1769635718615,18454,15.219584445053867,17684,-0.042620873192367625,,submissions/biohack44_superior_onnx/task117.onnx
biohack44_superior,118,267,267,13.009146139854565,161273,13.336553290785615,116244,-0.3274071509310499,,submissions/biohack44_superior_onnx/task118.onnx
biohack44_superior,119,266,266,14.224215401275607,47848,15.280435285624801,16640,-1.0562198843491934,,submissions/biohack44_superior_onnx/task119.onnx
biohack44_superior,120,266,266,18.186555400489105,910,18.186555400489105,910,0.0,,submissions/biohack44_superior_onnx/task120.onnx
biohack44_superior,121,266,266,16.215837777729526,6530,16.215837777729526,6530,0.0,,submissions/biohack44_superior_onnx/task121.onnx
biohack44_superior,122,266,266,17.17196196787417,2510,17.17196196787417,2510,0.0,,submissions/biohack44_superior_onnx/task122.onnx
biohack44_superior,123,265,265,16.680282613149394,4104,16.680282613149394,4104,0.0,,submissions/biohack44_superior_onnx/task123.onnx
biohack44_superior,124,267,267,15.634966238347337,11673,15.70596206900225,10873,-0.07099583065491366,,submissions/biohack44_superior_onnx/task124.onnx
biohack44_superior,125,265,265,15.495722161409528,13417,15.495722161409528,13417,0.0,,submissions/biohack44_superior_onnx/task125.onnx
biohack44_superior,126,266,266,13.636839844664504,86091,13.636839844664504,86091,0.0,,submissions/biohack44_superior_onnx/task126.onnx
biohack44_superior,127,267,267,18.197605236675688,900,18.197605236675688,900,0.0,,submissions/biohack44_superior_onnx/task127.onnx
biohack44_superior,128,266,266,13.537925821853902,95042,13.538115229744358,95024,-0.00018940789045629458,,submissions/biohack44_superior_onnx/task128.onnx
biohack44_superior,129,265,265,18.306676331730053,807,18.293137663397253,818,0.013538668332799375,,submissions/biohack44_superior_onnx/task129.onnx
biohack44_superior,130,265,265,15.322911291498754,15948,15.322911291498754,15948,0.0,,submissions/biohack44_superior_onnx/task130.onnx
biohack44_superior,131,266,266,14.295632567101045,44550,14.295632567101045,44550,0.0,,submissions/biohack44_superior_onnx/task131.onnx
biohack44_superior,132,267,267,14.709279200950512,29458,14.709279200950512,29458,0.0,,submissions/biohack44_superior_onnx/task132.onnx
biohack44_superior,133,267,267,11.522101528038489,713472,12.810666678474124,196680,-1.2885651504356357,,submissions/biohack44_superior_onnx/task133.onnx
biohack44_superior,134,266,266,15.575516458906906,12388,15.576162453761413,12380,-0.0006459948545067817,,submissions/biohack44_superior_onnx/task134.onnx
biohack44_superior,135,266,266,19.097366666598635,366,19.113895968549844,360,-0.016529301951209163,,submissions/biohack44_superior_onnx/task135.onnx
biohack44_superior,136,266,266,16.5093561438173,4869,16.515950027177016,4837,-0.006593883359716557,,submissions/biohack44_superior_onnx/task136.onnx
biohack44_superior,137,266,266,13.809044440650876,72472,14.031215675327037,58034,-0.22217123467616062,,submissions/biohack44_superior_onnx/task137.onnx
biohack44_superior,138,266,266,12.804765879650821,197844,14.41850428574673,39399,-1.6137384060959086,,submissions/biohack44_superior_onnx/task138.onnx
biohack44_superior,139,265,265,16.803012072741105,3630,16.803012072741105,3630,0.0,,submissions/biohack44_superior_onnx/task139.onnx
biohack44_superior,140,265,265,19.070410856610106,376,19.09191706183107,368,-0.02150620522096247,,submissions/biohack44_superior_onnx/task140.onnx
biohack44_superior,141,265,265,15.33103297180142,15819,15.33103297180142,15819,0.0,,submissions/biohack44_superior_onnx/task141.onnx
biohack44_superior,142,266,266,17.504458056115745,1800,17.504458056115745,1800,0.0,,submissions/biohack44_superior_onnx/task142.onnx
biohack44_superior,143,266,266,15.12486048297936,19441,15.12486048297936,19441,0.0,,submissions/biohack44_superior_onnx/task143.onnx
biohack44_superior,144,267,267,18.333043207570793,786,18.35231162643667,771,-0.01926841886587738,,submissions/biohack44_superior_onnx/task144.onnx
biohack44_superior,145,267,267,13.847226946929018,69757,13.847226946929018,69757,0.0,,submissions/biohack44_superior_onnx/task145.onnx
biohack44_superior,146,267,267,17.27865138738205,2256,17.27865138738205,2256,0.0,,submissions/biohack44_superior_onnx/task146.onnx
biohack44_superior,147,267,267,18.186555400489105,910,18.186555400489105,910,0.0,,submissions/biohack44_superior_onnx/task147.onnx
biohack44_superior,148,266,266,14.99988495388028,22029,14.99988495388028,22029,0.0,,submissions/biohack44_superior_onnx/task148.onnx
biohack44_superior,149,267,267,16.45538621300777,5139,19.85833644349734,171,-3.4029502304895693,,submissions/biohack44_superior_onnx/task149.onnx
biohack44_superior,150,266,266,18.078341815848873,1014,18.27616755917879,832,-0.19782574332991842,,submissions/biohack44_superior_onnx/task150.onnx
biohack44_superior,151,266,266,18.186555400489105,910,18.186555400489105,910,0.0,,submissions/biohack44_superior_onnx/task151.onnx
biohack44_superior,152,267,267,17.504458056115745,1800,17.504458056115745,1800,0.0,,submissions/biohack44_superior_onnx/task152.onnx
biohack44_superior,153,265,265,15.056186575992307,20823,15.056186575992307,20823,0.0,,submissions/biohack44_superior_onnx/task153.onnx
biohack44_superior,154,266,266,14.27290734254795,45574,14.322200112486419,43382,-0.04929276993846976,,submissions/biohack44_superior_onnx/task154.onnx
biohack44_superior,155,266,266,18.078341815848873,1014,18.27616755917879,832,-0.19782574332991842,,submissions/biohack44_superior_onnx/task155.onnx
biohack44_superior,156,265,265,14.81313964660019,26552,14.82454063746774,26251,-0.011400990867549865,,submissions/biohack44_superior_onnx/task156.onnx
biohack44_superior,157,265,265,10.28397408971704,2460871,13.779460989086141,74648,-3.4954868993691015,,submissions/biohack44_superior_onnx/task157.onnx
biohack44_superior,158,266,266,11.947690056279944,466172,12.838380935224132,191304,-0.8906908789441879,,submissions/biohack44_superior_onnx/task158.onnx
biohack44_superior,159,265,265,13.597994922615115,89501,13.597994922615115,89501,0.0,,submissions/biohack44_superior_onnx/task159.onnx
biohack44_superior,160,265,265,16.56923653658215,4586,16.56923653658215,4586,0.0,,submissions/biohack44_superior_onnx/task160.onnx
biohack44_superior,161,266,266,13.178061591876162,136208,13.923426777221719,64639,-0.7453651853455572,,submissions/biohack44_superior_onnx/task161.onnx
biohack44_superior,162,266,266,13.944501582071068,63291,13.944501582071068,63291,0.0,,submissions/biohack44_superior_onnx/task162.onnx
biohack44_superior,163,267,267,14.910655480935679,24085,14.916318151686092,23949,-0.005662670750412602,,submissions/biohack44_superior_onnx/task163.onnx
biohack44_superior,164,267,267,21.598802618337846,30,21.598802618337846,30,0.0,,submissions/biohack44_superior_onnx/task164.onnx
biohack44_superior,165,265,265,13.87976163077872,67524,13.87976163077872,67524,0.0,,submissions/biohack44_superior_onnx/task165.onnx
biohack44_superior,166,266,266,14.881844714630706,24789,14.881844714630706,24789,0.0,,submissions/biohack44_superior_onnx/task166.onnx
biohack44_superior,167,268,268,18.470581161737776,685,18.470581161737776,685,0.0,,submissions/biohack44_superior_onnx/task167.onnx
biohack44_superior,168,265,265,15.071673504116953,20503,15.076562772156251,20403,-0.004889268039297789,,submissions/biohack44_superior_onnx/task168.onnx
biohack44_superior,169,266,266,14.928754764230396,23653,14.929769949800432,23629,-0.0010151855700364365,,submissions/biohack44_superior_onnx/task169.onnx
biohack44_superior,170,266,266,13.683941363265761,82130,13.728331141770909,78564,-0.04438977850514725,,submissions/biohack44_superior_onnx/task170.onnx
biohack44_superior,171,54,54,18.186555400489105,910,18.186555400489105,910,0.0,,submissions/biohack44_superior_onnx/task171.onnx
biohack44_superior,172,267,267,21.598802618337846,30,21.598802618337846,30,0.0,,submissions/biohack44_superior_onnx/task172.onnx
biohack44_superior,173,266,266,12.926071138839562,175243,12.926071138839562,175243,0.0,,submissions/biohack44_superior_onnx/task173.onnx
biohack44_superior,174,266,266,14.140635684557754,52019,14.140635684557754,52019,0.0,,submissions/biohack44_superior_onnx/task174.onnx
biohack44_superior,175,266,266,13.619909027688353,87561,13.61923543863211,87620,0.0006735890562428182,,submissions/biohack44_superior_onnx/task175.onnx
biohack44_superior,176,25,25,16.022853515191528,7920,16.022853515191528,7920,0.0,,submissions/biohack44_superior_onnx/task176.onnx
biohack44_superior,177,265,265,13.778697696714815,74705,14.000804371943152,59826,-0.22210667522833738,,submissions/biohack44_superior_onnx/task177.onnx
biohack44_superior,178,268,268,14.713599743826219,29331,14.715374185513443,29279,-0.001774441687224737,,submissions/biohack44_superior_onnx/task178.onnx
biohack44_superior,179,267,267,25.0,0,25.0,0,0.0,,submissions/biohack44_superior_onnx/task179.onnx
biohack44_superior,180,268,268,16.084030688626395,7450,16.084030688626395,7450,0.0,,submissions/biohack44_superior_onnx/task180.onnx
biohack44_superior,181,266,266,17.91493570604745,1194,17.91493570604745,1194,0.0,,submissions/biohack44_superior_onnx/task181.onnx
biohack44_superior,182,267,267,12.76537877106541,205792,14.229685106325308,47587,-1.4643063352598968,,submissions/biohack44_superior_onnx/task182.onnx
biohack44_superior,183,265,265,14.87826084223009,24878,14.87922601563406,24854,-0.0009651734039710647,,submissions/biohack44_superior_onnx/task183.onnx
biohack44_superior,184,0,266,0.0,,14.432407952356657,38855,-14.432407952356657,"Traceback (most recent call last): |   File ""$HOME/Desktop/kaggleonnx/tools/neurogolf_local.py"", line 286, in score_onnx |     output = session.run([""output""], {""input"": encode_grid(example[""input""])})[0] |                                                ~~~~~~~~~~~^^^^^^^^^^^^^^^^^^ |   File ""$HOME/Desktop/kaggleonnx/tools/neurogolf_local.py"", line 57, in encode_grid |     out[0, color, row, col] = 1.0 |     ~~~^^^^^^^^^^^^^^^^^^^^ | IndexError: index 30 is out of bounds for axis 2 with size 30",submissions/biohack44_superior_onnx/task184.onnx
biohack44_superior,185,267,267,14.00485763936326,59584,14.00485763936326,59584,0.0,,submissions/biohack44_superior_onnx/task185.onnx
biohack44_superior,186,267,267,18.547951045562776,634,19.113895968549844,360,-0.5659449229870681,,submissions/biohack44_superior_onnx/task186.onnx
biohack44_superior,187,266,266,13.435307852707972,105313,13.435307852707972,105313,0.0,,submissions/biohack44_superior_onnx/task187.onnx
biohack44_superior,188,266,266,15.725371138141455,10664,15.725371138141455,10664,0.0,,submissions/biohack44_superior_onnx/task188.onnx
biohack44_superior,189,266,266,14.886089460559042,24684,14.887508389303385,24649,-0.0014189287443429066,,submissions/biohack44_superior_onnx/task189.onnx
biohack44_superior,190,266,266,15.675973863620001,11204,15.675973863620001,11204,0.0,,submissions/biohack44_superior_onnx/task190.onnx
biohack44_superior,191,227,267,13.638839729058745,85919,11.553610084813071,691342,2.0852296442456737,,submissions/biohack44_superior_onnx/task191.onnx
biohack44_superior,192,265,265,14.093402023637157,54535,14.566825816056962,33968,-0.4734237924198048,,submissions/biohack44_superior_onnx/task192.onnx
biohack44_superior,193,266,266,14.109558240338645,53661,14.109558240338645,53661,0.0,,submissions/biohack44_superior_onnx/task193.onnx
biohack44_superior,194,266,266,17.504458056115745,1800,17.504458056115745,1800,0.0,,submissions/biohack44_superior_onnx/task194.onnx
biohack44_superior,195,265,265,15.436962585454308,14229,15.436962585454308,14229,0.0,,submissions/biohack44_superior_onnx/task195.onnx
biohack44_superior,196,266,266,14.618974770564057,32242,14.618974770564057,32242,0.0,,submissions/biohack44_superior_onnx/task196.onnx
biohack44_superior,197,267,267,14.166555524825903,50688,14.166555524825903,50688,0.0,,submissions/biohack44_superior_onnx/task197.onnx
biohack44_superior,198,266,266,13.449576458609688,103821,13.449576458609688,103821,0.0,,submissions/biohack44_superior_onnx/task198.onnx
biohack44_superior,199,266,266,15.30989132872317,16157,15.30989132872317,16157,0.0,,submissions/biohack44_superior_onnx/task199.onnx
biohack44_superior,200,84,84,15.975266575809302,8306,15.976591797375455,8295,-0.001325221566153445,,submissions/biohack44_superior_onnx/task200.onnx
biohack44_superior,201,266,266,13.556167411517057,93324,13.562876248446054,92700,-0.006708836928996931,,submissions/biohack44_superior_onnx/task201.onnx
biohack44_superior,202,0,267,0.0,,13.258187509088495,125720,-13.258187509088495,"Traceback (most recent call last): |   File ""$HOME/Desktop/kaggleonnx/tools/neurogolf_local.py"", line 286, in score_onnx |     output = session.run([""output""], {""input"": encode_grid(example[""input""])})[0] |                                                ~~~~~~~~~~~^^^^^^^^^^^^^^^^^^ |   File ""$HOME/Desktop/kaggleonnx/tools/neurogolf_local.py"", line 57, in encode_grid |     out[0, color, row, col] = 1.0 |     ~~~^^^^^^^^^^^^^^^^^^^^ | IndexError: index 30 is out of bounds for axis 3 with size 30",submissions/biohack44_superior_onnx/task202.onnx
biohack44_superior,203,267,267,13.610350127195805,88402,13.631707320725468,86534,-0.021357193529663476,,submissions/biohack44_superior_onnx/task203.onnx
biohack44_superior,204,268,268,13.206001755917926,132455,13.314416183646774,118846,-0.10841442772884768,,submissions/biohack44_superior_onnx/task204.onnx
biohack44_superior,205,266,266,12.814502580143285,195927,13.45448150576291,103313,-0.6399789256196247,,submissions/biohack44_superior_onnx/task205.onnx
biohack44_superior,206,266,266,13.89534357047067,66480,13.975062924893004,61386,-0.07971935442233402,,submissions/biohack44_superior_onnx/task206.onnx
biohack44_superior,207,265,265,17.463636061595487,1875,17.463636061595487,1875,0.0,,submissions/biohack44_superior_onnx/task207.onnx
biohack44_superior,208,266,266,13.56749314667969,92273,13.566031166031484,92408,0.001461980648205241,,submissions/biohack44_superior_onnx/task208.onnx
biohack44_superior,209,266,266,12.494619375528089,269785,13.361711412073099,113356,-0.8670920365450101,,submissions/biohack44_superior_onnx/task209.onnx
biohack44_superior,210,266,266,21.598802618337846,30,21.598802618337846,30,0.0,,submissions/biohack44_superior_onnx/task210.onnx
biohack44_superior,211,266,266,17.504458056115745,1800,17.504458056115745,1800,0.0,,submissions/biohack44_superior_onnx/task211.onnx
biohack44_superior,212,265,265,15.792764442977296,9969,15.792664137044117,9970,0.00010030593317900127,,submissions/biohack44_superior_onnx/task212.onnx
biohack44_superior,213,265,265,14.17549291401663,50237,14.17788444912623,50117,-0.00239153510960044,,submissions/biohack44_superior_onnx/task213.onnx
biohack44_superior,214,266,266,17.504458056115745,1800,17.504458056115745,1800,0.0,,submissions/biohack44_superior_onnx/task214.onnx
biohack44_superior,215,265,265,14.321347587694286,43419,14.721712753666592,29094,-0.40036516597230687,,submissions/biohack44_superior_onnx/task215.onnx
biohack44_superior,216,266,266,13.451977697992342,103572,13.449663150031625,103812,0.0023145479607169506,,submissions/biohack44_superior_onnx/task216.onnx
biohack44_superior,217,266,266,13.747647405002935,77061,15.206104124093967,17924,-1.458456719091032,,submissions/biohack44_superior_onnx/task217.onnx
biohack44_superior,218,266,266,14.948006239164648,23202,14.948006239164648,23202,0.0,,submissions/biohack44_superior_onnx/task218.onnx
biohack44_superior,219,265,265,8.6399959636544,12736775,13.681837161994336,82303,-5.041841198339936,,submissions/biohack44_superior_onnx/task219.onnx
biohack44_superior,220,267,267,18.197605236675688,900,18.197605236675688,900,0.0,,submissions/biohack44_superior_onnx/task220.onnx
biohack44_superior,221,267,267,14.069235056400384,55869,14.069306655018561,55865,-7.15986181774042e-05,,submissions/biohack44_superior_onnx/task221.onnx
biohack44_superior,222,266,266,14.031198444197276,58035,14.031198444197276,58035,0.0,,submissions/biohack44_superior_onnx/task222.onnx
biohack44_superior,223,265,265,17.504458056115745,1800,17.504458056115745,1800,0.0,,submissions/biohack44_superior_onnx/task223.onnx
biohack44_superior,224,266,266,14.275455898281896,45458,14.274048995433871,45522,0.0014069028480250267,,submissions/biohack44_superior_onnx/task224.onnx
biohack44_superior,225,265,265,15.68728356140695,11078,15.68728356140695,11078,0.0,,submissions/biohack44_superior_onnx/task225.onnx
biohack44_superior,226,133,133,16.37682648504653,5559,16.37682648504653,5559,0.0,,submissions/biohack44_superior_onnx/task226.onnx
biohack44_superior,227,267,267,17.018266713308115,2927,17.018266713308115,2927,0.0,,submissions/biohack44_superior_onnx/task227.onnx
biohack44_superior,228,266,266,14.86993479941538,25086,14.86993479941538,25086,0.0,,submissions/biohack44_superior_onnx/task228.onnx
biohack44_superior,229,267,267,17.74936448810132,1409,17.74936448810132,1409,0.0,,submissions/biohack44_superior_onnx/task229.onnx
biohack44_superior,230,0,266,18.197605236675688,900,18.197605236675688,900,0.0,,submissions/biohack44_superior_onnx/task230.onnx
biohack44_superior,231,266,266,14.445698819920006,38342,14.448885782205735,38220,-0.0031869622857296775,,submissions/biohack44_superior_onnx/task231.onnx
biohack44_superior,232,266,266,14.707956157758622,29497,14.707956157758622,29497,0.0,,submissions/biohack44_superior_onnx/task232.onnx
biohack44_superior,233,266,266,10.677923076043767,1659583,10.81240050639769,1450762,-0.13447743035392357,,submissions/biohack44_superior_onnx/task233.onnx
biohack44_superior,234,266,266,13.151052399688943,139937,13.689154000119816,81703,-0.5381016004308723,,submissions/biohack44_superior_onnx/task234.onnx
biohack44_superior,235,69,69,17.801068759311825,1338,17.81007782925419,1326,-0.0090090699423655,,submissions/biohack44_superior_onnx/task235.onnx
biohack44_superior,236,267,267,18.417974861107176,722,18.53697054307933,641,-0.11899568197215515,,submissions/biohack44_superior_onnx/task236.onnx
biohack44_superior,237,266,266,15.430308268881676,14324,15.430308268881676,14324,0.0,,submissions/biohack44_superior_onnx/task237.onnx
biohack44_superior,238,266,266,13.927565965061614,64372,13.927565965061614,64372,0.0,,submissions/biohack44_superior_onnx/task238.onnx
biohack44_superior,239,267,267,13.54388830238479,94477,13.525015267707683,96277,0.01887303467710666,,submissions/biohack44_superior_onnx/task239.onnx
biohack44_superior,240,266,266,14.22660078877651,47734,14.99318900523197,22177,-0.7665882164554603,,submissions/biohack44_superior_onnx/task240.onnx
biohack44_superior,241,266,266,25.0,0,25.0,0,0.0,,submissions/biohack44_superior_onnx/task241.onnx
biohack44_superior,242,266,266,15.046580078715662,21024,15.090580078810763,20119,-0.0440000000951013,,submissions/biohack44_superior_onnx/task242.onnx
biohack44_superior,243,265,265,13.395179270325515,109625,13.401199636921024,108967,-0.006020366595508975,,submissions/biohack44_superior_onnx/task243.onnx
biohack44_superior,244,266,266,14.633344629227418,31782,14.633722272736438,31770,-0.0003776435090205865,,submissions/biohack44_superior_onnx/task244.onnx
biohack44_superior,245,267,267,14.724431783375291,29015,14.724535183516696,29012,-0.00010340014140552967,,submissions/biohack44_superior_onnx/task245.onnx
biohack44_superior,246,266,266,15.497661881504435,13391,15.497661881504435,13391,0.0,,submissions/biohack44_superior_onnx/task246.onnx
biohack44_superior,247,269,269,14.999794168587435,22031,14.99327919282222,22175,0.006514975765215425,,submissions/biohack44_superior_onnx/task247.onnx
biohack44_superior,248,13,13,16.208058011543883,6581,16.208058011543883,6581,0.0,,submissions/biohack44_superior_onnx/task248.onnx
biohack44_superior,249,265,265,15.895131260966052,8999,15.895131260966052,8999,0.0,,submissions/biohack44_superior_onnx/task249.onnx
biohack44_superior,250,265,265,15.496915389979772,13401,15.595656566456025,12141,-0.09874117647625269,,submissions/biohack44_superior_onnx/task250.onnx
biohack44_superior,251,266,266,13.47239284049379,101479,13.481291290274044,100580,-0.008898449780254225,,submissions/biohack44_superior_onnx/task251.onnx
biohack44_superior,252,266,266,14.447160426903599,38286,14.453028311923028,38062,-0.005867885019428698,,submissions/biohack44_superior_onnx/task252.onnx
biohack44_superior,253,265,265,14.215455188361384,48269,14.215455188361384,48269,0.0,,submissions/biohack44_superior_onnx/task253.onnx
biohack44_superior,254,265,265,16.018318360026136,7956,16.018318360026136,7956,0.0,,submissions/biohack44_superior_onnx/task254.onnx
biohack44_superior,255,265,265,10.661365750459474,1687290,10.718955788261443,1592864,-0.05759003780196892,,submissions/biohack44_superior_onnx/task255.onnx
biohack44_superior,256,266,266,15.033960272806908,21291,15.041882226812756,21123,-0.007921954005848164,,submissions/biohack44_superior_onnx/task256.onnx
biohack44_superior,257,269,269,18.01806532284361,1077,18.01806532284361,1077,0.0,,submissions/biohack44_superior_onnx/task257.onnx
biohack44_superior,258,266,266,19.924826184766175,160,19.924826184766175,160,0.0,,submissions/biohack44_superior_onnx/task258.onnx
biohack44_superior,259,266,266,16.169018489047502,6843,16.169018489047502,6843,0.0,,submissions/biohack44_superior_onnx/task259.onnx
biohack44_superior,260,266,266,15.568598242913932,12474,15.568598242913932,12474,0.0,,submissions/biohack44_superior_onnx/task260.onnx
biohack44_superior,261,265,265,19.701682633451963,200,19.701682633451963,200,0.0,,submissions/biohack44_superior_onnx/task261.onnx
biohack44_superior,262,11,11,16.086315175274706,7433,16.765169719557946,3770,-0.6788545442832401,,submissions/biohack44_superior_onnx/task262.onnx
biohack44_superior,263,267,267,16.006075858588602,8054,16.0058275656016,8056,0.0002482929870026851,,submissions/biohack44_superior_onnx/task263.onnx
biohack44_superior,264,265,265,13.154639006390818,139436,13.155212910966242,139356,-0.0005739045754236116,,submissions/biohack44_superior_onnx/task264.onnx
biohack44_superior,265,266,266,14.424537832136728,39162,14.408076346634045,39812,0.016461485502683004,,submissions/biohack44_superior_onnx/task265.onnx
biohack44_superior,266,20,20,18.186555400489105,910,18.186555400489105,910,0.0,,submissions/biohack44_superior_onnx/task266.onnx
biohack44_superior,267,264,264,17.865109148434115,1255,17.904106778902467,1207,-0.038997630468351474,,submissions/biohack44_superior_onnx/task267.onnx
biohack44_superior,268,266,266,14.983764287772118,22387,14.983764287772118,22387,0.0,,submissions/biohack44_superior_onnx/task268.onnx
biohack44_superior,269,266,266,15.940249986656319,8602,15.940249986656319,8602,0.0,,submissions/biohack44_superior_onnx/task269.onnx
biohack44_superior,270,266,266,14.749559610423375,28295,14.785321389461183,27301,-0.03576177903780753,,submissions/biohack44_superior_onnx/task270.onnx
biohack44_superior,271,267,267,14.725259284025897,28991,14.725259284025897,28991,0.0,,submissions/biohack44_superior_onnx/task271.onnx
biohack44_superior,272,267,267,18.186555400489105,910,18.186555400489105,910,0.0,,submissions/biohack44_superior_onnx/task272.onnx
biohack44_superior,273,266,266,16.311040765729324,5937,16.294337521203573,6037,0.01670324452575045,,submissions/biohack44_superior_onnx/task273.onnx
biohack44_superior,274,269,269,15.942694264192879,8581,15.942694264192879,8581,0.0,,submissions/biohack44_superior_onnx/task274.onnx
biohack44_superior,275,266,266,13.662869436848247,83879,13.66280982894899,83884,5.960789925651966e-05,,submissions/biohack44_superior_onnx/task275.onnx
biohack44_superior,276,266,266,22.697414907005953,10,22.697414907005953,10,0.0,,submissions/biohack44_superior_onnx/task276.onnx
biohack44_superior,277,266,266,15.410059486110708,14617,15.410059486110708,14617,0.0,,submissions/biohack44_superior_onnx/task277.onnx
biohack44_superior,278,265,265,14.55468246483519,34383,14.55468246483519,34383,0.0,,submissions/biohack44_superior_onnx/task278.onnx
biohack44_superior,279,266,266,14.7808991100834,27422,14.821535747509644,26330,-0.04063663742624435,,submissions/biohack44_superior_onnx/task279.onnx
biohack44_superior,280,267,267,13.156002567937232,139246,13.586828574167079,90506,-0.43082600622984657,,submissions/biohack44_superior_onnx/task280.onnx
biohack44_superior,281,266,266,13.60794357751076,88615,13.597168457826845,89575,0.01077511968391498,,submissions/biohack44_superior_onnx/task281.onnx
biohack44_superior,282,0,265,18.197605236675688,900,18.197605236675688,900,0.0,,submissions/biohack44_superior_onnx/task282.onnx
biohack44_superior,283,265,265,18.186555400489105,910,18.186555400489105,910,0.0,,submissions/biohack44_superior_onnx/task283.onnx
biohack44_superior,284,266,266,13.466958231444947,102032,13.475808238755878,101133,-0.008850007310931218,,submissions/biohack44_superior_onnx/task284.onnx
biohack44_superior,285,265,265,11.90344070263721,487263,12.305212379433542,326044,-0.4017716767963311,,submissions/biohack44_superior_onnx/task285.onnx
biohack44_superior,286,265,265,13.00341457933655,162200,13.011269019324953,160931,-0.007854439988403072,,submissions/biohack44_superior_onnx/task286.onnx
biohack44_superior,287,267,267,14.975800372301608,22566,14.975800372301608,22566,0.0,,submissions/biohack44_superior_onnx/task287.onnx
biohack44_superior,288,267,267,14.632558329669694,31807,14.632558329669694,31807,0.0,,submissions/biohack44_superior_onnx/task288.onnx
biohack44_superior,289,268,268,14.874489523818365,24972,14.86017630236368,25332,0.014313221454685277,,submissions/biohack44_superior_onnx/task289.onnx
biohack44_superior,290,266,266,15.631972352188223,11708,15.631972352188223,11708,0.0,,submissions/biohack44_superior_onnx/task290.onnx
biohack44_superior,291,265,265,16.627370259775116,4327,16.627370259775116,4327,0.0,,submissions/biohack44_superior_onnx/task291.onnx
biohack44_superior,292,28,28,16.244577619851512,6345,16.250901751600978,6305,-0.006324131749465778,,submissions/biohack44_superior_onnx/task292.onnx
biohack44_superior,293,267,267,14.882571106914462,24771,14.882894117374734,24763,-0.00032301046027249924,,submissions/biohack44_superior_onnx/task293.onnx
biohack44_superior,294,265,265,18.186555400489105,910,18.186555400489105,910,0.0,,submissions/biohack44_superior_onnx/task294.onnx
biohack44_superior,295,268,268,15.58867988941133,12226,15.591628777524683,12190,-0.002948888113353476,,submissions/biohack44_superior_onnx/task295.onnx
biohack44_superior,296,268,268,16.67760588688883,4115,16.67955188604344,4107,-0.0019459991546106892,,submissions/biohack44_superior_onnx/task296.onnx
biohack44_superior,297,265,265,15.876089356022204,9172,15.876089356022204,9172,0.0,,submissions/biohack44_superior_onnx/task297.onnx
biohack44_superior,298,267,267,15.387667209394625,14948,15.390078463074628,14912,-0.002411253680003611,,submissions/biohack44_superior_onnx/task298.onnx
biohack44_superior,299,21,21,17.5100291011652,1790,17.5100291011652,1790,0.0,,submissions/biohack44_superior_onnx/task299.onnx
biohack44_superior,300,267,267,13.74099951068342,77575,13.741373412351637,77546,-0.0003739016682171581,,submissions/biohack44_superior_onnx/task300.onnx
biohack44_superior,301,266,266,13.91804208355036,64988,14.004689823155179,59594,-0.08664773960481931,,submissions/biohack44_superior_onnx/task301.onnx
biohack44_superior,302,266,266,16.03863393937255,7796,16.03863393937255,7796,0.0,,submissions/biohack44_superior_onnx/task302.onnx
biohack44_superior,303,265,265,13.701382237681582,80710,13.701382237681582,80710,0.0,,submissions/biohack44_superior_onnx/task303.onnx
biohack44_superior,304,266,266,15.413005601769772,14574,15.418509950330773,14494,-0.005504348561000683,,submissions/biohack44_superior_onnx/task304.onnx
biohack44_superior,305,266,266,16.71802294113224,3952,16.71802294113224,3952,0.0,,submissions/biohack44_superior_onnx/task305.onnx
biohack44_superior,306,265,265,13.926448091389123,64444,13.926448091389123,64444,0.0,,submissions/biohack44_superior_onnx/task306.onnx
biohack44_superior,307,266,266,17.504458056115745,1800,17.504458056115745,1800,0.0,,submissions/biohack44_superior_onnx/task307.onnx
biohack44_superior,308,266,266,14.200179554930664,49012,15.104595023657227,19839,-0.9044154687265635,,submissions/biohack44_superior_onnx/task308.onnx
biohack44_superior,309,265,265,22.697414907005953,10,22.697414907005953,10,0.0,,submissions/biohack44_superior_onnx/task309.onnx
biohack44_superior,310,266,266,14.81732888526699,26441,14.844237369643414,25739,-0.026908484376424013,,submissions/biohack44_superior_onnx/task310.onnx
biohack44_superior,311,266,266,21.598802618337846,30,21.598802618337846,30,0.0,,submissions/biohack44_superior_onnx/task311.onnx
biohack44_superior,312,265,265,15.791761836115688,9979,15.791761836115688,9979,0.0,,submissions/biohack44_superior_onnx/task312.onnx
biohack44_superior,313,266,266,13.666536185257858,83572,13.760196456150222,76100,-0.0936602708923644,,submissions/biohack44_superior_onnx/task313.onnx
biohack44_superior,314,266,266,15.941180435665059,8594,15.941180435665059,8594,0.0,,submissions/biohack44_superior_onnx/task314.onnx
biohack44_superior,315,266,266,15.469099027006097,13779,15.83497085073382,9557,-0.36587182372772276,,submissions/biohack44_superior_onnx/task315.onnx
biohack44_superior,316,266,266,16.658351381098694,4195,16.82727089513453,3543,-0.16891951403583505,,submissions/biohack44_superior_onnx/task316.onnx
biohack44_superior,317,0,265,18.197605236675688,900,18.197605236675688,900,0.0,,submissions/biohack44_superior_onnx/task317.onnx
biohack44_superior,318,267,267,18.374607631992042,754,18.397412107810663,737,-0.022804475818620773,,submissions/biohack44_superior_onnx/task318.onnx
biohack44_superior,319,267,267,11.48839033131088,737934,14.5804605047263,33508,-3.0920701734154203,,submissions/biohack44_superior_onnx/task319.onnx
biohack44_superior,320,266,266,16.445511023840066,5190,16.445511023840066,5190,0.0,,submissions/biohack44_superior_onnx/task320.onnx
biohack44_superior,321,267,267,16.385498626116764,5511,16.385498626116764,5511,0.0,,submissions/biohack44_superior_onnx/task321.onnx
biohack44_superior,322,266,266,18.046315789129462,1047,18.23727049306812,865,-0.1909547039386581,,submissions/biohack44_superior_onnx/task322.onnx
biohack44_superior,323,172,172,16.58086074905915,4533,16.58086074905915,4533,0.0,,submissions/biohack44_superior_onnx/task323.onnx
biohack44_superior,324,266,266,12.836881829444488,191591,14.203081009735799,48870,-1.3661991802913107,,submissions/biohack44_superior_onnx/task324.onnx
biohack44_superior,325,266,266,14.330533108254256,43022,14.330533108254256,43022,0.0,,submissions/biohack44_superior_onnx/task325.onnx
biohack44_superior,326,266,266,19.888012211643456,166,19.924826184766175,160,-0.036813973122718835,,submissions/biohack44_superior_onnx/task326.onnx
biohack44_superior,327,265,265,16.07096209351156,7548,16.07096209351156,7548,0.0,,submissions/biohack44_superior_onnx/task327.onnx
biohack44_superior,328,267,267,13.847011937861975,69772,13.884006157119696,67238,-0.036994219257721284,,submissions/biohack44_superior_onnx/task328.onnx
biohack44_superior,329,266,266,15.76399188127524,10260,15.76399188127524,10260,0.0,,submissions/biohack44_superior_onnx/task329.onnx
biohack44_superior,330,266,266,14.014300580163543,59024,14.014300580163543,59024,0.0,,submissions/biohack44_superior_onnx/task330.onnx
biohack44_superior,331,265,265,18.186555400489105,910,18.186555400489105,910,0.0,,submissions/biohack44_superior_onnx/task331.onnx
biohack44_superior,332,267,267,15.896131872534333,8990,15.952178557521592,8500,-0.05604668498725829,,submissions/biohack44_superior_onnx/task332.onnx
biohack44_superior,333,265,265,14.877658081568091,24893,14.947532254452554,23213,-0.06987417288446274,,submissions/biohack44_superior_onnx/task333.onnx
biohack44_superior,334,271,271,18.157316717761578,937,18.588181732290103,609,-0.4308650145285249,,submissions/biohack44_superior_onnx/task334.onnx
biohack44_superior,335,266,266,14.217674392640369,48162,14.258204878914801,46249,-0.040530486274432675,,submissions/biohack44_superior_onnx/task335.onnx
biohack44_superior,336,31,31,16.294503180112258,6036,16.294503180112258,6036,0.0,,submissions/biohack44_superior_onnx/task336.onnx
biohack44_superior,337,266,266,22.697414907005953,10,22.697414907005953,10,0.0,,submissions/biohack44_superior_onnx/task337.onnx
biohack44_superior,338,267,267,14.271263020021859,45649,14.285226738886886,45016,-0.013963718865026564,,submissions/biohack44_superior_onnx/task338.onnx
biohack44_superior,339,266,266,18.215542937362358,884,18.215542937362358,884,0.0,,submissions/biohack44_superior_onnx/task339.onnx
biohack44_superior,340,266,266,13.83887566105239,70342,13.885434941408004,67142,-0.04655928035561452,,submissions/biohack44_superior_onnx/task340.onnx
biohack44_superior,341,266,266,15.15493636760159,18865,15.15493636760159,18865,0.0,,submissions/biohack44_superior_onnx/task341.onnx
biohack44_superior,342,266,266,15.5946686681292,12153,15.5946686681292,12153,0.0,,submissions/biohack44_superior_onnx/task342.onnx
biohack44_superior,343,266,266,14.736881875699506,28656,14.741253505583026,28531,-0.004371629883520356,,submissions/biohack44_superior_onnx/task343.onnx
biohack44_superior,344,266,266,17.17196196787417,2510,17.17196196787417,2510,0.0,,submissions/biohack44_superior_onnx/task344.onnx
biohack44_superior,345,264,264,14.2821437053151,45155,15.631289292052376,11716,-1.3491455867372757,,submissions/biohack44_superior_onnx/task345.onnx
biohack44_superior,346,267,267,15.875435405045222,9178,15.875435405045222,9178,0.0,,submissions/biohack44_superior_onnx/task346.onnx
biohack44_superior,347,269,269,17.603051397378987,1631,17.619120964435883,1605,-0.01606956705689555,,submissions/biohack44_superior_onnx/task347.onnx
biohack44_superior,348,265,265,16.11719194507556,7207,16.103411928208782,7307,0.013780016866778766,,submissions/biohack44_superior_onnx/task348.onnx
biohack44_superior,349,267,267,13.115635124234073,144982,14.190676173493577,49480,-1.0750410492595037,,submissions/biohack44_superior_onnx/task349.onnx
biohack44_superior,350,267,267,15.10499835111417,19831,15.10499835111417,19831,0.0,,submissions/biohack44_superior_onnx/task350.onnx
biohack44_superior,351,265,265,14.532506311227156,35154,14.532506311227156,35154,0.0,,submissions/biohack44_superior_onnx/task351.onnx
biohack44_superior,352,266,266,16.20124341714016,6626,16.20124341714016,6626,0.0,,submissions/biohack44_superior_onnx/task352.onnx
biohack44_superior,353,271,271,16.403810802357263,5411,16.403810802357263,5411,0.0,,submissions/biohack44_superior_onnx/task353.onnx
biohack44_superior,354,266,266,15.258619697007587,17007,15.258619697007587,17007,0.0,,submissions/biohack44_superior_onnx/task354.onnx
biohack44_superior,355,267,267,15.624569008158225,11795,15.624569008158225,11795,0.0,,submissions/biohack44_superior_onnx/task355.onnx
biohack44_superior,356,266,266,16.482406888562437,5002,16.482406888562437,5002,0.0,,submissions/biohack44_superior_onnx/task356.onnx
biohack44_superior,357,13,13,16.208058011543883,6581,16.208058011543883,6581,0.0,,submissions/biohack44_superior_onnx/task357.onnx
biohack44_superior,358,265,265,13.356055044591665,113999,13.371400388183703,112263,-0.015345343592038319,,submissions/biohack44_superior_onnx/task358.onnx
biohack44_superior,359,266,266,14.156974048870026,51176,14.347150353576192,42313,-0.1901763047061653,,submissions/biohack44_superior_onnx/task359.onnx
biohack44_superior,360,266,266,15.681164031870518,11146,15.680267251252621,11156,0.0008967806178965532,,submissions/biohack44_superior_onnx/task360.onnx
biohack44_superior,361,266,266,15.324794176634205,15918,15.351856412003707,15493,-0.027062235369502474,,submissions/biohack44_superior_onnx/task361.onnx
biohack44_superior,362,267,267,15.604176407892284,12038,15.612434368654611,11939,-0.008257960762326988,,submissions/biohack44_superior_onnx/task362.onnx
biohack44_superior,363,265,265,13.604788823049327,88895,13.625050073974103,87112,-0.02026125092477571,,submissions/biohack44_superior_onnx/task363.onnx
biohack44_superior,364,266,266,13.737126902901199,77876,13.754457371489742,76538,-0.01733046858854337,,submissions/biohack44_superior_onnx/task364.onnx
biohack44_superior,365,266,266,14.01786479921536,58814,14.01786479921536,58814,0.0,,submissions/biohack44_superior_onnx/task365.onnx
biohack44_superior,366,0,266,0.0,,11.493032942114981,734516,-11.493032942114981,"Traceback (most recent call last): |   File ""$HOME/Desktop/kaggleonnx/tools/neurogolf_local.py"", line 286, in score_onnx |     output = session.run([""output""], {""input"": encode_grid(example[""input""])})[0] |                                                ~~~~~~~~~~~^^^^^^^^^^^^^^^^^^ |   File ""$HOME/Desktop/kaggleonnx/tools/neurogolf_local.py"", line 57, in encode_grid |     out[0, color, row, col] = 1.0 |     ~~~^^^^^^^^^^^^^^^^^^^^ | IndexError: index 30 is out of bounds for axis 3 with size 30",submissions/biohack44_superior_onnx/task366.onnx
biohack44_superior,367,266,266,12.575318067412313,248869,13.125192173257059,143603,-0.5498741058447454,,submissions/biohack44_superior_onnx/task367.onnx
biohack44_superior,368,265,265,14.615970788806473,32339,14.615970788806473,32339,0.0,,submissions/biohack44_superior_onnx/task368.onnx
biohack44_superior,369,265,265,16.04726523289313,7729,16.04726523289313,7729,0.0,,submissions/biohack44_superior_onnx/task369.onnx
biohack44_superior,370,266,266,13.023818620491419,158924,13.417492503798178,107206,-0.393673883306759,,submissions/biohack44_superior_onnx/task370.onnx
biohack44_superior,371,266,266,15.039140167606002,21181,15.039140167606002,21181,0.0,,submissions/biohack44_superior_onnx/task371.onnx
biohack44_superior,372,266,266,15.633510945533885,11690,16.02817065646915,7878,-0.3946597109352652,,submissions/biohack44_superior_onnx/task372.onnx
biohack44_superior,373,75,75,18.559053459367078,627,18.738508315678956,524,-0.17945485631187807,,submissions/biohack44_superior_onnx/task373.onnx
biohack44_superior,374,267,267,14.140289716998371,52037,15.69053853715601,11042,-1.5502488201576394,,submissions/biohack44_superior_onnx/task374.onnx
biohack44_superior,375,58,58,15.372793097191211,15172,15.372793097191211,15172,0.0,,submissions/biohack44_superior_onnx/task375.onnx
biohack44_superior,376,39,39,14.388895461309366,40583,15.424114143916897,14413,-1.0352186826075318,,submissions/biohack44_superior_onnx/task376.onnx
biohack44_superior,377,266,266,13.923395836627657,64641,14.175751720918266,50224,-0.2523558842906084,,submissions/biohack44_superior_onnx/task377.onnx
biohack44_superior,378,267,267,14.378672654313554,41000,14.428477967719003,39008,-0.04980531340544836,,submissions/biohack44_superior_onnx/task378.onnx
biohack44_superior,379,266,266,13.808671952355807,72499,13.808671952355807,72499,0.0,,submissions/biohack44_superior_onnx/task379.onnx
biohack44_superior,380,267,267,18.397412107810663,737,18.409698951803314,728,-0.012286843992651342,,submissions/biohack44_superior_onnx/task380.onnx
biohack44_superior,381,265,265,16.788788638206977,3682,16.78906026662098,3681,-0.00027162841400141247,,submissions/biohack44_superior_onnx/task381.onnx
biohack44_superior,382,266,266,13.351722301143313,114494,13.416112936092428,107354,-0.06439063494911501,,submissions/biohack44_superior_onnx/task382.onnx
biohack44_superior,383,266,266,13.239121304806988,128140,13.23196730851017,129060,0.0071539962968181214,,submissions/biohack44_superior_onnx/task383.onnx
biohack44_superior,384,266,266,13.77808213091013,74751,13.778470160860206,74722,-0.00038802995007536367,,submissions/biohack44_superior_onnx/task384.onnx
biohack44_superior,385,265,265,21.598802618337846,30,21.598802618337846,30,0.0,,submissions/biohack44_superior_onnx/task385.onnx
biohack44_superior,386,268,268,17.300610593743265,2207,17.31246123379837,2181,-0.011850640055104833,,submissions/biohack44_superior_onnx/task386.onnx
biohack44_superior,387,266,266,13.935222743441669,63881,13.940291846175448,63558,-0.005069102733779474,,submissions/biohack44_superior_onnx/task387.onnx
biohack44_superior,388,266,266,16.225377779303003,6468,16.225377779303003,6468,0.0,,submissions/biohack44_superior_onnx/task388.onnx
biohack44_superior,389,266,266,17.451444020830127,1898,17.451444020830127,1898,0.0,,submissions/biohack44_superior_onnx/task389.onnx
biohack44_superior,390,266,266,14.884591636172143,24721,14.885765416486214,24692,-0.0011737803140707825,,submissions/biohack44_superior_onnx/task390.onnx
biohack44_superior,391,267,267,15.787561829941671,10021,15.787561829941671,10021,0.0,,submissions/biohack44_superior_onnx/task391.onnx
biohack44_superior,392,266,266,14.662459882503795,30870,14.662459882503795,30870,0.0,,submissions/biohack44_superior_onnx/task392.onnx
biohack44_superior,393,265,265,16.321879144477478,5873,18.870949789939456,459,-2.5490706454619776,,submissions/biohack44_superior_onnx/task393.onnx
biohack44_superior,394,266,266,16.53346872338599,4753,16.53346872338599,4753,0.0,,submissions/biohack44_superior_onnx/task394.onnx
biohack44_superior,395,268,268,17.581219117249205,1667,17.581219117249205,1667,0.0,,submissions/biohack44_superior_onnx/task395.onnx
biohack44_superior,396,266,266,12.967995068137443,168048,13.21180923259308,131688,-0.24381416445563708,,submissions/biohack44_superior_onnx/task396.onnx
biohack44_superior,397,266,266,15.045771805760689,21041,15.040983137671391,21142,0.004788668089297232,,submissions/biohack44_superior_onnx/task397.onnx
biohack44_superior,398,268,268,13.657922169750098,84295,13.658254391724892,84267,-0.00033222197479432225,,submissions/biohack44_superior_onnx/task398.onnx
biohack44_superior,399,273,273,17.48302277539568,1839,17.48302277539568,1839,0.0,,submissions/biohack44_superior_onnx/task399.onnx
biohack44_superior,400,266,266,14.532534757896764,35153,14.532534757896764,35153,0.0,,submissions/biohack44_superior_onnx/task400.onnx
