task_id,pass,total,score,cost,anchor_score,anchor_cost,delta,error,path
1,268,268,17.047384888349,2843,17.04107350694989,2861,0.006311381399111582,,/tmp/ng_seddik_precision/submission/task001.onnx
2,268,268,13.514517676859928,97293,13.514517676859928,97293,0.0,,/tmp/ng_seddik_precision/submission/task002.onnx
3,265,265,15.786066092513687,10036,15.883750551423413,9102,-0.09768445890972544,,/tmp/ng_seddik_precision/submission/task003.onnx
4,265,265,14.084547965521434,55020,14.084547965521434,55020,0.0,,/tmp/ng_seddik_precision/submission/task004.onnx
5,266,266,13.328149556042213,117225,13.328149556042213,117225,0.0,,/tmp/ng_seddik_precision/submission/task005.onnx
6,266,266,17.4404405039923,1919,17.603051397378987,1631,-0.1626108933866881,,/tmp/ng_seddik_precision/submission/task006.onnx
7,266,266,16.108350887349943,7271,16.108350887349943,7271,0.0,,/tmp/ng_seddik_precision/submission/task007.onnx
8,266,266,14.94426357492621,23289,14.94426357492621,23289,0.0,,/tmp/ng_seddik_precision/submission/task008.onnx
9,265,265,13.69482467517415,81241,13.69482467517415,81241,0.0,,/tmp/ng_seddik_precision/submission/task009.onnx
10,265,265,16.479611917687244,5016,16.479611917687244,5016,0.0,,/tmp/ng_seddik_precision/submission/task010.onnx
11,267,267,13.898854540195707,66247,13.898854540195707,66247,0.0,,/tmp/ng_seddik_precision/submission/task011.onnx
12,265,265,15.555457449352874,12639,15.556090611226026,12631,-0.0006331618731518773,,/tmp/ng_seddik_precision/submission/task012.onnx
13,267,267,13.3310798421544,116882,13.3310798421544,116882,0.0,,/tmp/ng_seddik_precision/submission/task013.onnx
14,266,266,14.427427453254685,39049,14.427427453254685,39049,0.0,,/tmp/ng_seddik_precision/submission/task014.onnx
15,265,265,18.197605236675688,900,18.197605236675688,900,0.0,,/tmp/ng_seddik_precision/submission/task015.onnx
16,267,267,22.697414907005953,10,22.697414907005953,10,0.0,,/tmp/ng_seddik_precision/submission/task016.onnx
17,266,266,14.540073127737525,34889,14.545245701700358,34709,-0.005172573962832772,,/tmp/ng_seddik_precision/submission/task017.onnx
18,0,266,11.926440386857584,476184,11.926438286831228,476185,2.100026355478235e-06,,/tmp/ng_seddik_precision/submission/task018.onnx
19,267,267,13.69353305881371,81346,13.69353305881371,81346,0.0,,/tmp/ng_seddik_precision/submission/task019.onnx
20,266,266,13.590958363748854,90133,13.590958363748854,90133,0.0,,/tmp/ng_seddik_precision/submission/task020.onnx
21,0,266,0.0,,14.225072648727613,47807,-14.225072648727613,"Traceback (most recent call last): |   File ""$HOME/Desktop/kaggleonnx/tools/neurogolf_local.py"", line 286, in score_onnx |     output = session.run([""output""], {""input"": encode_grid(example[""input""])})[0] |                                                ~~~~~~~~~~~^^^^^^^^^^^^^^^^^^ |   File ""$HOME/Desktop/kaggleonnx/tools/neurogolf_local.py"", line 57, in encode_grid |     out[0, color, row, col] = 1.0 |     ~~~^^^^^^^^^^^^^^^^^^^^ | IndexError: index 30 is out of bounds for axis 3 with size 30",/tmp/ng_seddik_precision/submission/task021.onnx
22,266,266,14.542024067963268,34821,14.542024067963268,34821,0.0,,/tmp/ng_seddik_precision/submission/task022.onnx
23,266,266,13.807114523589679,72612,13.807114523589679,72612,0.0,,/tmp/ng_seddik_precision/submission/task023.onnx
24,266,266,15.88617052840466,9080,15.88617052840466,9080,0.0,,/tmp/ng_seddik_precision/submission/task024.onnx
25,266,266,13.149938233234366,140093,13.149938233234366,140093,0.0,,/tmp/ng_seddik_precision/submission/task025.onnx
26,268,268,18.415208607614282,724,18.415208607614282,724,0.0,,/tmp/ng_seddik_precision/submission/task026.onnx
27,265,265,14.486991470971319,36791,14.486991470971319,36791,0.0,,/tmp/ng_seddik_precision/submission/task027.onnx
28,265,265,15.896131872534333,8990,15.896131872534333,8990,0.0,,/tmp/ng_seddik_precision/submission/task028.onnx
29,266,266,13.516328283804857,97117,13.516328283804857,97117,0.0,,/tmp/ng_seddik_precision/submission/task029.onnx
30,266,266,15.607504751786962,11998,15.77240927461729,10174,-0.1649045228303283,,/tmp/ng_seddik_precision/submission/task030.onnx
31,266,266,15.168223295017873,18616,15.168223295017873,18616,0.0,,/tmp/ng_seddik_precision/submission/task031.onnx
32,266,266,16.86699978141639,3405,16.86699978141639,3405,0.0,,/tmp/ng_seddik_precision/submission/task032.onnx
33,265,265,14.081988539178049,55161,14.081988539178049,55161,0.0,,/tmp/ng_seddik_precision/submission/task033.onnx
34,267,267,13.421324248376678,106796,13.425828929592994,106316,-0.0045046812163160865,,/tmp/ng_seddik_precision/submission/task034.onnx
35,266,266,15.36028269986934,15363,15.36028269986934,15363,0.0,,/tmp/ng_seddik_precision/submission/task035.onnx
36,265,265,13.710918331458375,79944,13.710918331458375,79944,0.0,,/tmp/ng_seddik_precision/submission/task036.onnx
37,266,266,13.937652078450405,63726,13.937652078450405,63726,0.0,,/tmp/ng_seddik_precision/submission/task037.onnx
38,266,266,17.306974251582112,2193,17.306974251582112,2193,0.0,,/tmp/ng_seddik_precision/submission/task038.onnx
39,264,264,16.04171718950267,7772,16.04171718950267,7772,0.0,,/tmp/ng_seddik_precision/submission/task039.onnx
40,266,266,16.02944082049105,7868,16.02944082049105,7868,0.0,,/tmp/ng_seddik_precision/submission/task040.onnx
41,266,266,15.626775765122337,11769,15.626775765122337,11769,0.0,,/tmp/ng_seddik_precision/submission/task041.onnx
42,266,266,15.950063149516842,8518,15.950063149516842,8518,0.0,,/tmp/ng_seddik_precision/submission/task042.onnx
43,266,266,16.129477454896126,7119,16.129477454896126,7119,0.0,,/tmp/ng_seddik_precision/submission/task043.onnx
44,266,266,14.252104473063342,46532,14.30926035860212,43947,-0.05715588553877815,,/tmp/ng_seddik_precision/submission/task044.onnx
45,265,265,16.0873920363291,7425,16.0873920363291,7425,0.0,,/tmp/ng_seddik_precision/submission/task045.onnx
46,267,267,14.58291068075113,33426,14.58291068075113,33426,0.0,,/tmp/ng_seddik_precision/submission/task046.onnx
47,265,265,16.985664262700574,3024,16.985664262700574,3024,0.0,,/tmp/ng_seddik_precision/submission/task047.onnx
48,270,270,16.367872270491663,5609,16.36858566449374,5605,-0.000713394002076484,,/tmp/ng_seddik_precision/submission/task048.onnx
49,268,268,14.674878758194124,30489,14.674878758194124,30489,0.0,,/tmp/ng_seddik_precision/submission/task049.onnx
50,271,271,15.752845654901101,10375,15.843587970049374,9475,-0.09074231514827247,,/tmp/ng_seddik_precision/submission/task050.onnx
51,265,265,13.866448009633856,68429,13.866448009633856,68429,0.0,,/tmp/ng_seddik_precision/submission/task051.onnx
52,267,267,17.886857891292912,1228,17.886857891292912,1228,0.0,,/tmp/ng_seddik_precision/submission/task052.onnx
53,60,60,21.598802618337846,30,21.598802618337846,30,0.0,,/tmp/ng_seddik_precision/submission/task053.onnx
54,266,266,13.07796275080141,150548,13.07796275080141,150548,0.0,,/tmp/ng_seddik_precision/submission/task054.onnx
55,0,265,0.0,,14.815477417733884,26490,-14.815477417733884,"Traceback (most recent call last): |   File ""$HOME/Desktop/kaggleonnx/tools/neurogolf_local.py"", line 286, in score_onnx |     output = session.run([""output""], {""input"": encode_grid(example[""input""])})[0] |                                                ~~~~~~~~~~~^^^^^^^^^^^^^^^^^^ |   File ""$HOME/Desktop/kaggleonnx/tools/neurogolf_local.py"", line 57, in encode_grid |     out[0, color, row, col] = 1.0 |     ~~~^^^^^^^^^^^^^^^^^^^^ | IndexError: index 30 is out of bounds for axis 2 with size 30",/tmp/ng_seddik_precision/submission/task055.onnx
56,46,46,19.638707834290575,213,19.638707834290575,213,0.0,,/tmp/ng_seddik_precision/submission/task056.onnx
57,265,265,14.71452069554135,29304,14.71452069554135,29304,0.0,,/tmp/ng_seddik_precision/submission/task057.onnx
58,22,22,15.311563828880745,16130,15.314295392535985,16086,-0.002731563655240521,,/tmp/ng_seddik_precision/submission/task058.onnx
59,266,266,15.076170749805957,20411,15.077347278202861,20387,-0.0011765283969040752,,/tmp/ng_seddik_precision/submission/task059.onnx
60,265,265,16.372876749211567,5581,16.372876749211567,5581,0.0,,/tmp/ng_seddik_precision/submission/task060.onnx
61,267,267,15.152342332424542,18914,15.152342332424542,18914,0.0,,/tmp/ng_seddik_precision/submission/task061.onnx
62,267,267,14.670950637656585,30609,14.670950637656585,30609,0.0,,/tmp/ng_seddik_precision/submission/task062.onnx
63,266,266,14.666940264012474,30732,14.666940264012474,30732,0.0,,/tmp/ng_seddik_precision/submission/task063.onnx
64,267,267,13.354705067178468,114153,13.354705067178468,114153,0.0,,/tmp/ng_seddik_precision/submission/task064.onnx
65,266,266,14.534186050835478,35095,14.543691118245864,34763,-0.009505067410385593,,/tmp/ng_seddik_precision/submission/task065.onnx
66,266,266,13.455382088297283,103220,13.489738079116012,99734,-0.034355990818729865,,/tmp/ng_seddik_precision/submission/task066.onnx
67,266,266,19.247427361174367,315,19.247427361174367,315,0.0,,/tmp/ng_seddik_precision/submission/task067.onnx
68,266,266,15.55942130423374,12589,15.55942130423374,12589,0.0,,/tmp/ng_seddik_precision/submission/task068.onnx
69,264,264,13.658456151785392,84250,13.667997070910019,83450,-0.009540919124626512,,/tmp/ng_seddik_precision/submission/task069.onnx
70,266,266,13.90050125280863,66138,13.90050125280863,66138,0.0,,/tmp/ng_seddik_precision/submission/task070.onnx
71,265,265,13.22640401182484,129780,13.22640401182484,129780,0.0,,/tmp/ng_seddik_precision/submission/task071.onnx
72,268,268,17.8229812340901,1309,17.8229812340901,1309,0.0,,/tmp/ng_seddik_precision/submission/task072.onnx
73,15,15,18.186555400489105,910,18.186555400489105,910,0.0,,/tmp/ng_seddik_precision/submission/task073.onnx
74,267,267,15.009188619292196,21825,15.009188619292196,21825,0.0,,/tmp/ng_seddik_precision/submission/task074.onnx
75,265,265,14.742796878157792,28487,14.742796878157792,28487,0.0,,/tmp/ng_seddik_precision/submission/task075.onnx
76,266,266,12.292867258634116,330094,12.303529973656687,326593,-0.010662715022570879,,/tmp/ng_seddik_precision/submission/task076.onnx
77,266,266,13.032857358715912,157494,13.032857358715912,157494,0.0,,/tmp/ng_seddik_precision/submission/task077.onnx
78,266,266,15.65024557224114,11496,15.65024557224114,11496,0.0,,/tmp/ng_seddik_precision/submission/task078.onnx
79,266,266,15.029648507210364,21383,15.029648507210364,21383,0.0,,/tmp/ng_seddik_precision/submission/task079.onnx
80,0,266,0.0,,14.353266435603462,42055,-14.353266435603462,"Traceback (most recent call last): |   File ""$HOME/Desktop/kaggleonnx/tools/neurogolf_local.py"", line 286, in score_onnx |     output = session.run([""output""], {""input"": encode_grid(example[""input""])})[0] |                                                ~~~~~~~~~~~^^^^^^^^^^^^^^^^^^ |   File ""$HOME/Desktop/kaggleonnx/tools/neurogolf_local.py"", line 57, in encode_grid |     out[0, color, row, col] = 1.0 |     ~~~^^^^^^^^^^^^^^^^^^^^ | IndexError: index 30 is out of bounds for axis 3 with size 30",/tmp/ng_seddik_precision/submission/task080.onnx
81,264,264,17.256296741826247,2307,17.256296741826247,2307,0.0,,/tmp/ng_seddik_precision/submission/task081.onnx
82,265,265,14.936138316402742,23479,14.936138316402742,23479,0.0,,/tmp/ng_seddik_precision/submission/task082.onnx
83,266,266,17.504458056115745,1800,17.504458056115745,1800,0.0,,/tmp/ng_seddik_precision/submission/task083.onnx
84,175,175,15.121163810905001,19513,15.121163810905001,19513,0.0,,/tmp/ng_seddik_precision/submission/task084.onnx
85,265,265,13.36328292042622,113178,13.36328292042622,113178,0.0,,/tmp/ng_seddik_precision/submission/task085.onnx
86,266,266,14.83966336368449,25857,14.88523906872015,24705,-0.04557570503565955,,/tmp/ng_seddik_precision/submission/task086.onnx
87,266,266,19.09191706183107,368,19.09191706183107,368,0.0,,/tmp/ng_seddik_precision/submission/task087.onnx
88,267,267,13.80499590787612,72766,13.80499590787612,72766,0.0,,/tmp/ng_seddik_precision/submission/task088.onnx
89,267,267,14.179382068192274,50042,14.186179427563964,49703,-0.006797359371690348,,/tmp/ng_seddik_precision/submission/task089.onnx
90,267,267,13.94350667496543,63354,13.94350667496543,63354,0.0,,/tmp/ng_seddik_precision/submission/task090.onnx
91,266,266,14.151323325547068,51466,14.151323325547068,51466,0.0,,/tmp/ng_seddik_precision/submission/task091.onnx
92,265,265,14.25734036914603,46289,14.473546344027687,37289,-0.21620597488165672,,/tmp/ng_seddik_precision/submission/task092.onnx
93,265,265,15.354118052333183,15458,15.354118052333183,15458,0.0,,/tmp/ng_seddik_precision/submission/task093.onnx
94,265,265,15.745355702467293,10453,15.745355702467293,10453,0.0,,/tmp/ng_seddik_precision/submission/task094.onnx
95,265,265,18.186555400489105,910,18.186555400489105,910,0.0,,/tmp/ng_seddik_precision/submission/task095.onnx
96,266,266,12.827184286371278,193458,12.873890898610211,184630,-0.04670661223893369,,/tmp/ng_seddik_precision/submission/task096.onnx
97,267,267,14.070255820987903,55812,14.07029165621752,55810,-3.583522961747576e-05,,/tmp/ng_seddik_precision/submission/task097.onnx
98,266,266,18.186555400489105,910,18.186555400489105,910,0.0,,/tmp/ng_seddik_precision/submission/task098.onnx
99,265,265,16.500970779211436,4910,16.500970779211436,4910,0.0,,/tmp/ng_seddik_precision/submission/task099.onnx
100,266,266,16.21491936346016,6536,16.21491936346016,6536,0.0,,/tmp/ng_seddik_precision/submission/task100.onnx
101,266,266,12.166837180696787,374431,12.166837180696787,374431,0.0,,/tmp/ng_seddik_precision/submission/task101.onnx
102,267,267,15.55799250576873,12607,15.55799250576873,12607,0.0,,/tmp/ng_seddik_precision/submission/task102.onnx
103,223,223,19.737309811095116,193,19.758252984940356,189,-0.02094317384523947,,/tmp/ng_seddik_precision/submission/task103.onnx
104,7,7,16.788788638206977,3682,16.788788638206977,3682,0.0,,/tmp/ng_seddik_precision/submission/task104.onnx
105,266,266,16.138508135713085,7055,16.138508135713085,7055,0.0,,/tmp/ng_seddik_precision/submission/task105.onnx
106,266,266,17.940382371708615,1164,17.940382371708615,1164,0.0,,/tmp/ng_seddik_precision/submission/task106.onnx
107,266,266,13.799992367549814,73131,13.806577566471388,72651,-0.0065851989215737206,,/tmp/ng_seddik_precision/submission/task107.onnx
108,266,266,17.504458056115745,1800,17.504458056115745,1800,0.0,,/tmp/ng_seddik_precision/submission/task108.onnx
109,266,266,13.539652865248629,94878,13.542354713857948,94622,-0.002701848609319768,,/tmp/ng_seddik_precision/submission/task109.onnx
110,266,266,13.40677647534595,108361,13.41143844532834,107857,-0.004661969982389991,,/tmp/ng_seddik_precision/submission/task110.onnx
111,265,265,18.319145321209785,797,18.319145321209785,797,0.0,,/tmp/ng_seddik_precision/submission/task111.onnx
112,266,266,14.010141445218116,59270,14.010141445218116,59270,0.0,,/tmp/ng_seddik_precision/submission/task112.onnx
113,265,265,21.598802618337846,30,21.598802618337846,30,0.0,,/tmp/ng_seddik_precision/submission/task113.onnx
114,266,266,17.869101169703654,1250,17.869101169703654,1250,0.0,,/tmp/ng_seddik_precision/submission/task114.onnx
115,266,266,16.67663430556392,4119,16.67663430556392,4119,0.0,,/tmp/ng_seddik_precision/submission/task115.onnx
116,267,267,21.598802618337846,30,21.598802618337846,30,0.0,,/tmp/ng_seddik_precision/submission/task116.onnx
117,265,265,15.202317506360849,17992,15.219584445053867,17684,-0.017266938693017764,,/tmp/ng_seddik_precision/submission/task117.onnx
118,267,267,13.336192047071197,116286,13.336553290785615,116244,-0.0003612437144173697,,/tmp/ng_seddik_precision/submission/task118.onnx
119,266,266,15.280435285624801,16640,15.280435285624801,16640,0.0,,/tmp/ng_seddik_precision/submission/task119.onnx
120,266,266,18.186555400489105,910,18.186555400489105,910,0.0,,/tmp/ng_seddik_precision/submission/task120.onnx
121,266,266,16.215837777729526,6530,16.215837777729526,6530,0.0,,/tmp/ng_seddik_precision/submission/task121.onnx
122,266,266,17.17196196787417,2510,17.17196196787417,2510,0.0,,/tmp/ng_seddik_precision/submission/task122.onnx
123,265,265,16.630379173050898,4314,16.680282613149394,4104,-0.04990344009849679,,/tmp/ng_seddik_precision/submission/task123.onnx
124,267,267,15.634966238347337,11673,15.70596206900225,10873,-0.07099583065491366,,/tmp/ng_seddik_precision/submission/task124.onnx
125,265,265,15.495722161409528,13417,15.495722161409528,13417,0.0,,/tmp/ng_seddik_precision/submission/task125.onnx
126,266,266,13.636839844664504,86091,13.636839844664504,86091,0.0,,/tmp/ng_seddik_precision/submission/task126.onnx
127,267,267,18.197605236675688,900,18.197605236675688,900,0.0,,/tmp/ng_seddik_precision/submission/task127.onnx
128,266,266,13.538115229744358,95024,13.538115229744358,95024,0.0,,/tmp/ng_seddik_precision/submission/task128.onnx
129,265,265,18.258299305347947,847,18.306676331730053,807,-0.048377026382105726,,/tmp/ng_seddik_precision/submission/task129.onnx
130,265,265,15.322911291498754,15948,15.322911291498754,15948,0.0,,/tmp/ng_seddik_precision/submission/task130.onnx
131,266,266,14.295632567101045,44550,14.295632567101045,44550,0.0,,/tmp/ng_seddik_precision/submission/task131.onnx
132,267,267,14.709279200950512,29458,14.709279200950512,29458,0.0,,/tmp/ng_seddik_precision/submission/task132.onnx
133,267,267,12.810626004092878,196688,12.810666678474124,196680,-4.067438124621958e-05,,/tmp/ng_seddik_precision/submission/task133.onnx
134,266,266,15.576162453761413,12380,15.576162453761413,12380,0.0,,/tmp/ng_seddik_precision/submission/task134.onnx
135,266,266,19.113895968549844,360,19.113895968549844,360,0.0,,/tmp/ng_seddik_precision/submission/task135.onnx
136,266,266,16.515950027177016,4837,16.515950027177016,4837,0.0,,/tmp/ng_seddik_precision/submission/task136.onnx
137,266,266,13.809044440650876,72472,14.031215675327037,58034,-0.22217123467616062,,/tmp/ng_seddik_precision/submission/task137.onnx
138,266,266,14.211361567031112,48467,14.41850428574673,39399,-0.20714271871561785,,/tmp/ng_seddik_precision/submission/task138.onnx
139,265,265,16.803012072741105,3630,16.803012072741105,3630,0.0,,/tmp/ng_seddik_precision/submission/task139.onnx
140,265,265,19.09191706183107,368,19.09191706183107,368,0.0,,/tmp/ng_seddik_precision/submission/task140.onnx
141,265,265,15.33103297180142,15819,15.33103297180142,15819,0.0,,/tmp/ng_seddik_precision/submission/task141.onnx
142,266,266,17.504458056115745,1800,17.504458056115745,1800,0.0,,/tmp/ng_seddik_precision/submission/task142.onnx
143,266,266,15.12486048297936,19441,15.12486048297936,19441,0.0,,/tmp/ng_seddik_precision/submission/task143.onnx
144,267,267,18.35231162643667,771,18.35231162643667,771,0.0,,/tmp/ng_seddik_precision/submission/task144.onnx
145,267,267,13.796906788126128,73357,13.847226946929018,69757,-0.05032015880289009,,/tmp/ng_seddik_precision/submission/task145.onnx
146,267,267,17.27865138738205,2256,17.27865138738205,2256,0.0,,/tmp/ng_seddik_precision/submission/task146.onnx
147,267,267,18.186555400489105,910,18.186555400489105,910,0.0,,/tmp/ng_seddik_precision/submission/task147.onnx
148,266,266,14.99988495388028,22029,14.99988495388028,22029,0.0,,/tmp/ng_seddik_precision/submission/task148.onnx
149,267,267,19.54041448585584,235,19.85833644349734,171,-0.31792195764149866,,/tmp/ng_seddik_precision/submission/task149.onnx
150,266,266,18.078341815848873,1014,18.27616755917879,832,-0.19782574332991842,,/tmp/ng_seddik_precision/submission/task150.onnx
151,266,266,18.186555400489105,910,18.186555400489105,910,0.0,,/tmp/ng_seddik_precision/submission/task151.onnx
152,267,267,17.504458056115745,1800,17.504458056115745,1800,0.0,,/tmp/ng_seddik_precision/submission/task152.onnx
153,265,265,15.018672163345535,21619,15.056186575992307,20823,-0.03751441264677169,,/tmp/ng_seddik_precision/submission/task153.onnx
154,266,266,14.27290734254795,45574,14.322200112486419,43382,-0.04929276993846976,,/tmp/ng_seddik_precision/submission/task154.onnx
155,266,266,18.078341815848873,1014,18.27616755917879,832,-0.19782574332991842,,/tmp/ng_seddik_precision/submission/task155.onnx
156,265,265,14.81313964660019,26552,14.82454063746774,26251,-0.011400990867549865,,/tmp/ng_seddik_precision/submission/task156.onnx
157,265,265,13.654428664701939,84590,13.779460989086141,74648,-0.1250323243842022,,/tmp/ng_seddik_precision/submission/task157.onnx
158,266,266,12.8281772426697,193266,12.838380935224132,191304,-0.010203692554432209,,/tmp/ng_seddik_precision/submission/task158.onnx
159,265,265,13.597994922615115,89501,13.597994922615115,89501,0.0,,/tmp/ng_seddik_precision/submission/task159.onnx
160,265,265,16.56923653658215,4586,16.56923653658215,4586,0.0,,/tmp/ng_seddik_precision/submission/task160.onnx
161,266,266,13.923426777221719,64639,13.923426777221719,64639,0.0,,/tmp/ng_seddik_precision/submission/task161.onnx
162,266,266,13.944501582071068,63291,13.944501582071068,63291,0.0,,/tmp/ng_seddik_precision/submission/task162.onnx
163,267,267,14.910655480935679,24085,14.916318151686092,23949,-0.005662670750412602,,/tmp/ng_seddik_precision/submission/task163.onnx
164,267,267,21.598802618337846,30,21.598802618337846,30,0.0,,/tmp/ng_seddik_precision/submission/task164.onnx
165,265,265,13.87976163077872,67524,13.87976163077872,67524,0.0,,/tmp/ng_seddik_precision/submission/task165.onnx
166,266,266,14.881844714630706,24789,14.881844714630706,24789,0.0,,/tmp/ng_seddik_precision/submission/task166.onnx
167,268,268,18.294360905139996,817,18.470581161737776,685,-0.17622025659778018,,/tmp/ng_seddik_precision/submission/task167.onnx
168,265,265,15.076562772156251,20403,15.076562772156251,20403,0.0,,/tmp/ng_seddik_precision/submission/task168.onnx
169,266,266,14.929769949800432,23629,14.929769949800432,23629,0.0,,/tmp/ng_seddik_precision/submission/task169.onnx
170,266,266,13.728331141770909,78564,13.728331141770909,78564,0.0,,/tmp/ng_seddik_precision/submission/task170.onnx
171,54,54,18.186555400489105,910,18.186555400489105,910,0.0,,/tmp/ng_seddik_precision/submission/task171.onnx
172,267,267,21.598802618337846,30,21.598802618337846,30,0.0,,/tmp/ng_seddik_precision/submission/task172.onnx
173,266,266,12.926071138839562,175243,12.926071138839562,175243,0.0,,/tmp/ng_seddik_precision/submission/task173.onnx
174,266,266,14.140635684557754,52019,14.140635684557754,52019,0.0,,/tmp/ng_seddik_precision/submission/task174.onnx
175,266,266,13.54026436354389,94820,13.619909027688353,87561,-0.07964466414446214,,/tmp/ng_seddik_precision/submission/task175.onnx
176,25,25,16.022853515191528,7920,16.022853515191528,7920,0.0,,/tmp/ng_seddik_precision/submission/task176.onnx
177,265,265,13.978195575521427,61194,14.000804371943152,59826,-0.022608796421724975,,/tmp/ng_seddik_precision/submission/task177.onnx
178,268,268,14.715374185513443,29279,14.715374185513443,29279,0.0,,/tmp/ng_seddik_precision/submission/task178.onnx
179,267,267,25.0,0,25.0,0,0.0,,/tmp/ng_seddik_precision/submission/task179.onnx
180,268,268,15.910923715516857,8858,16.084030688626395,7450,-0.1731069731095385,,/tmp/ng_seddik_precision/submission/task180.onnx
181,266,266,17.91493570604745,1194,17.91493570604745,1194,0.0,,/tmp/ng_seddik_precision/submission/task181.onnx
182,267,267,14.22901287975965,47619,14.229685106325308,47587,-0.0006722265656584625,,/tmp/ng_seddik_precision/submission/task182.onnx
183,265,265,14.87826084223009,24878,14.87922601563406,24854,-0.0009651734039710647,,/tmp/ng_seddik_precision/submission/task183.onnx
184,0,266,0.0,,14.432407952356657,38855,-14.432407952356657,"Traceback (most recent call last): |   File ""$HOME/Desktop/kaggleonnx/tools/neurogolf_local.py"", line 286, in score_onnx |     output = session.run([""output""], {""input"": encode_grid(example[""input""])})[0] |                                                ~~~~~~~~~~~^^^^^^^^^^^^^^^^^^ |   File ""$HOME/Desktop/kaggleonnx/tools/neurogolf_local.py"", line 57, in encode_grid |     out[0, color, row, col] = 1.0 |     ~~~^^^^^^^^^^^^^^^^^^^^ | IndexError: index 30 is out of bounds for axis 2 with size 30",/tmp/ng_seddik_precision/submission/task184.onnx
185,267,267,14.00485763936326,59584,14.00485763936326,59584,0.0,,/tmp/ng_seddik_precision/submission/task185.onnx
186,267,267,19.10284613236326,364,19.113895968549844,360,-0.01104983618658295,,/tmp/ng_seddik_precision/submission/task186.onnx
187,266,266,13.435307852707972,105313,13.435307852707972,105313,0.0,,/tmp/ng_seddik_precision/submission/task187.onnx
188,266,266,15.692532917293095,11020,15.725371138141455,10664,-0.03283822084835997,,/tmp/ng_seddik_precision/submission/task188.onnx
189,266,266,14.887508389303385,24649,14.887508389303385,24649,0.0,,/tmp/ng_seddik_precision/submission/task189.onnx
190,266,266,15.675973863620001,11204,15.675973863620001,11204,0.0,,/tmp/ng_seddik_precision/submission/task190.onnx
191,227,267,13.602799689576711,89072,11.553610084813071,691342,2.04918960476364,,/tmp/ng_seddik_precision/submission/task191.onnx
192,265,265,14.14161657647865,51968,14.566825816056962,33968,-0.4252092395783116,,/tmp/ng_seddik_precision/submission/task192.onnx
193,266,266,14.109558240338645,53661,14.109558240338645,53661,0.0,,/tmp/ng_seddik_precision/submission/task193.onnx
194,266,266,17.504458056115745,1800,17.504458056115745,1800,0.0,,/tmp/ng_seddik_precision/submission/task194.onnx
195,265,265,15.436962585454308,14229,15.436962585454308,14229,0.0,,/tmp/ng_seddik_precision/submission/task195.onnx
196,266,266,14.618974770564057,32242,14.618974770564057,32242,0.0,,/tmp/ng_seddik_precision/submission/task196.onnx
197,267,267,14.166555524825903,50688,14.166555524825903,50688,0.0,,/tmp/ng_seddik_precision/submission/task197.onnx
198,266,266,13.449576458609688,103821,13.449576458609688,103821,0.0,,/tmp/ng_seddik_precision/submission/task198.onnx
199,266,266,15.30989132872317,16157,15.30989132872317,16157,0.0,,/tmp/ng_seddik_precision/submission/task199.onnx
200,84,84,15.975266575809302,8306,15.976591797375455,8295,-0.001325221566153445,,/tmp/ng_seddik_precision/submission/task200.onnx
201,266,266,13.562876248446054,92700,13.562876248446054,92700,0.0,,/tmp/ng_seddik_precision/submission/task201.onnx
202,0,267,0.0,,13.258187509088495,125720,-13.258187509088495,"Traceback (most recent call last): |   File ""$HOME/Desktop/kaggleonnx/tools/neurogolf_local.py"", line 286, in score_onnx |     output = session.run([""output""], {""input"": encode_grid(example[""input""])})[0] |                                                ~~~~~~~~~~~^^^^^^^^^^^^^^^^^^ |   File ""$HOME/Desktop/kaggleonnx/tools/neurogolf_local.py"", line 57, in encode_grid |     out[0, color, row, col] = 1.0 |     ~~~^^^^^^^^^^^^^^^^^^^^ | IndexError: index 30 is out of bounds for axis 3 with size 30",/tmp/ng_seddik_precision/submission/task202.onnx
203,267,267,13.610350127195805,88402,13.631707320725468,86534,-0.021357193529663476,,/tmp/ng_seddik_precision/submission/task203.onnx
204,268,268,13.307707338062253,119646,13.314416183646774,118846,-0.006708845584521228,,/tmp/ng_seddik_precision/submission/task204.onnx
205,266,266,13.370955104619776,112313,13.45448150576291,103313,-0.08352640114313381,,/tmp/ng_seddik_precision/submission/task205.onnx
206,266,266,13.975062924893004,61386,13.975062924893004,61386,0.0,,/tmp/ng_seddik_precision/submission/task206.onnx
207,265,265,17.463636061595487,1875,17.463636061595487,1875,0.0,,/tmp/ng_seddik_precision/submission/task207.onnx
208,266,266,13.566031166031484,92408,13.56749314667969,92273,-0.001461980648205241,,/tmp/ng_seddik_precision/submission/task208.onnx
209,266,266,13.28530989269121,122356,13.361711412073099,113356,-0.07640151938188922,,/tmp/ng_seddik_precision/submission/task209.onnx
210,266,266,21.598802618337846,30,21.598802618337846,30,0.0,,/tmp/ng_seddik_precision/submission/task210.onnx
211,266,266,17.504458056115745,1800,17.504458056115745,1800,0.0,,/tmp/ng_seddik_precision/submission/task211.onnx
212,265,265,15.792664137044117,9970,15.792764442977296,9969,-0.00010030593317900127,,/tmp/ng_seddik_precision/submission/task212.onnx
213,265,265,14.175731810316865,50225,14.17788444912623,50117,-0.002152638809365115,,/tmp/ng_seddik_precision/submission/task213.onnx
214,266,266,17.504458056115745,1800,17.504458056115745,1800,0.0,,/tmp/ng_seddik_precision/submission/task214.onnx
215,265,265,14.452187931601495,38094,14.721712753666592,29094,-0.2695248220650974,,/tmp/ng_seddik_precision/submission/task215.onnx
216,266,266,13.449663150031625,103812,13.451977697992342,103572,-0.0023145479607169506,,/tmp/ng_seddik_precision/submission/task216.onnx
217,266,266,15.206104124093967,17924,15.206104124093967,17924,0.0,,/tmp/ng_seddik_precision/submission/task217.onnx
218,266,266,14.948006239164648,23202,14.948006239164648,23202,0.0,,/tmp/ng_seddik_precision/submission/task218.onnx
219,265,265,13.651395086474174,84847,13.681837161994336,82303,-0.030442075520161538,,/tmp/ng_seddik_precision/submission/task219.onnx
220,267,267,18.197605236675688,900,18.197605236675688,900,0.0,,/tmp/ng_seddik_precision/submission/task220.onnx
221,267,267,14.069235056400384,55869,14.069306655018561,55865,-7.15986181774042e-05,,/tmp/ng_seddik_precision/submission/task221.onnx
222,266,266,14.031198444197276,58035,14.031198444197276,58035,0.0,,/tmp/ng_seddik_precision/submission/task222.onnx
223,265,265,17.504458056115745,1800,17.504458056115745,1800,0.0,,/tmp/ng_seddik_precision/submission/task223.onnx
224,266,266,14.274048995433871,45522,14.275455898281896,45458,-0.0014069028480250267,,/tmp/ng_seddik_precision/submission/task224.onnx
225,265,265,15.68728356140695,11078,15.68728356140695,11078,0.0,,/tmp/ng_seddik_precision/submission/task225.onnx
226,133,133,16.37682648504653,5559,16.37682648504653,5559,0.0,,/tmp/ng_seddik_precision/submission/task226.onnx
227,267,267,17.018266713308115,2927,17.018266713308115,2927,0.0,,/tmp/ng_seddik_precision/submission/task227.onnx
228,266,266,14.86993479941538,25086,14.86993479941538,25086,0.0,,/tmp/ng_seddik_precision/submission/task228.onnx
229,267,267,17.74936448810132,1409,17.74936448810132,1409,0.0,,/tmp/ng_seddik_precision/submission/task229.onnx
230,0,266,18.197605236675688,900,18.197605236675688,900,0.0,,/tmp/ng_seddik_precision/submission/task230.onnx
231,266,266,14.445542345803112,38348,14.448885782205735,38220,-0.0033434364026234675,,/tmp/ng_seddik_precision/submission/task231.onnx
232,266,266,14.707956157758622,29497,14.707956157758622,29497,0.0,,/tmp/ng_seddik_precision/submission/task232.onnx
233,266,266,10.682450710180536,1652086,10.81240050639769,1450762,-0.1299497962171543,,/tmp/ng_seddik_precision/submission/task233.onnx
234,266,266,13.689154000119816,81703,13.689154000119816,81703,0.0,,/tmp/ng_seddik_precision/submission/task234.onnx
235,69,69,17.801068759311825,1338,17.81007782925419,1326,-0.0090090699423655,,/tmp/ng_seddik_precision/submission/task235.onnx
236,267,267,18.53385527576238,643,18.53697054307933,641,-0.00311526731695011,,/tmp/ng_seddik_precision/submission/task236.onnx
237,266,266,15.430308268881676,14324,15.430308268881676,14324,0.0,,/tmp/ng_seddik_precision/submission/task237.onnx
238,266,266,13.927565965061614,64372,13.927565965061614,64372,0.0,,/tmp/ng_seddik_precision/submission/task238.onnx
239,267,267,13.525015267707683,96277,13.54388830238479,94477,-0.01887303467710666,,/tmp/ng_seddik_precision/submission/task239.onnx
240,266,266,14.765519480374964,27847,14.99318900523197,22177,-0.22766952485700642,,/tmp/ng_seddik_precision/submission/task240.onnx
241,266,266,25.0,0,25.0,0,0.0,,/tmp/ng_seddik_precision/submission/task241.onnx
242,266,266,15.090580078810763,20119,15.090580078810763,20119,0.0,,/tmp/ng_seddik_precision/submission/task242.onnx
243,265,265,13.401199636921024,108967,13.401199636921024,108967,0.0,,/tmp/ng_seddik_precision/submission/task243.onnx
244,266,266,14.633344629227418,31782,14.633722272736438,31770,-0.0003776435090205865,,/tmp/ng_seddik_precision/submission/task244.onnx
245,267,267,14.724535183516696,29012,14.724535183516696,29012,0.0,,/tmp/ng_seddik_precision/submission/task245.onnx
246,266,266,15.497661881504435,13391,15.497661881504435,13391,0.0,,/tmp/ng_seddik_precision/submission/task246.onnx
247,269,269,14.99327919282222,22175,14.999794168587435,22031,-0.006514975765215425,,/tmp/ng_seddik_precision/submission/task247.onnx
248,13,13,16.122199606117427,7171,16.208058011543883,6581,-0.08585840542645684,,/tmp/ng_seddik_precision/submission/task248.onnx
249,265,265,15.740964706485059,10499,15.895131260966052,8999,-0.1541665544809927,,/tmp/ng_seddik_precision/submission/task249.onnx
250,265,265,15.595656566456025,12141,15.595656566456025,12141,0.0,,/tmp/ng_seddik_precision/submission/task250.onnx
251,266,266,13.481291290274044,100580,13.481291290274044,100580,0.0,,/tmp/ng_seddik_precision/submission/task251.onnx
252,266,266,14.453028311923028,38062,14.453028311923028,38062,0.0,,/tmp/ng_seddik_precision/submission/task252.onnx
253,265,265,14.215455188361384,48269,14.215455188361384,48269,0.0,,/tmp/ng_seddik_precision/submission/task253.onnx
254,265,265,15.865029935048593,9274,16.018318360026136,7956,-0.1532884249775428,,/tmp/ng_seddik_precision/submission/task254.onnx
255,265,265,10.663167299970427,1684253,10.718955788261443,1592864,-0.055788488291016236,,/tmp/ng_seddik_precision/submission/task255.onnx
256,266,266,15.041882226812756,21123,15.041882226812756,21123,0.0,,/tmp/ng_seddik_precision/submission/task256.onnx
257,269,269,18.01806532284361,1077,18.01806532284361,1077,0.0,,/tmp/ng_seddik_precision/submission/task257.onnx
258,266,266,19.924826184766175,160,19.924826184766175,160,0.0,,/tmp/ng_seddik_precision/submission/task258.onnx
259,266,266,16.169018489047502,6843,16.169018489047502,6843,0.0,,/tmp/ng_seddik_precision/submission/task259.onnx
260,266,266,15.568598242913932,12474,15.568598242913932,12474,0.0,,/tmp/ng_seddik_precision/submission/task260.onnx
261,265,265,19.701682633451963,200,19.701682633451963,200,0.0,,/tmp/ng_seddik_precision/submission/task261.onnx
262,11,11,16.765169719557946,3770,16.765169719557946,3770,0.0,,/tmp/ng_seddik_precision/submission/task262.onnx
263,267,267,15.981062293553965,8258,16.006075858588602,8054,-0.025013565034637253,,/tmp/ng_seddik_precision/submission/task263.onnx
264,0,265,13.716034971665547,79536,13.155212910966242,139356,0.5608220606993051,,/tmp/ng_seddik_precision/submission/task264.onnx
265,266,266,14.408076346634045,39812,14.424537832136728,39162,-0.016461485502683004,,/tmp/ng_seddik_precision/submission/task265.onnx
266,20,20,18.186555400489105,910,18.186555400489105,910,0.0,,/tmp/ng_seddik_precision/submission/task266.onnx
267,264,264,17.752207418232153,1405,17.904106778902467,1207,-0.1518993606703134,,/tmp/ng_seddik_precision/submission/task267.onnx
268,266,266,14.983764287772118,22387,14.983764287772118,22387,0.0,,/tmp/ng_seddik_precision/submission/task268.onnx
269,266,266,15.940249986656319,8602,15.940249986656319,8602,0.0,,/tmp/ng_seddik_precision/submission/task269.onnx
270,266,266,14.785321389461183,27301,14.785321389461183,27301,0.0,,/tmp/ng_seddik_precision/submission/task270.onnx
271,267,267,14.725259284025897,28991,14.725259284025897,28991,0.0,,/tmp/ng_seddik_precision/submission/task271.onnx
272,267,267,18.186555400489105,910,18.186555400489105,910,0.0,,/tmp/ng_seddik_precision/submission/task272.onnx
273,266,266,16.294337521203573,6037,16.311040765729324,5937,-0.01670324452575045,,/tmp/ng_seddik_precision/submission/task273.onnx
274,269,269,15.942694264192879,8581,15.942694264192879,8581,0.0,,/tmp/ng_seddik_precision/submission/task274.onnx
275,266,266,13.66280982894899,83884,13.662869436848247,83879,-5.960789925651966e-05,,/tmp/ng_seddik_precision/submission/task275.onnx
276,266,266,22.697414907005953,10,22.697414907005953,10,0.0,,/tmp/ng_seddik_precision/submission/task276.onnx
277,266,266,15.410059486110708,14617,15.410059486110708,14617,0.0,,/tmp/ng_seddik_precision/submission/task277.onnx
278,265,265,14.55468246483519,34383,14.55468246483519,34383,0.0,,/tmp/ng_seddik_precision/submission/task278.onnx
279,266,266,14.821535747509644,26330,14.821535747509644,26330,0.0,,/tmp/ng_seddik_precision/submission/task279.onnx
280,267,267,13.586828574167079,90506,13.586828574167079,90506,0.0,,/tmp/ng_seddik_precision/submission/task280.onnx
281,266,266,13.597168457826845,89575,13.60794357751076,88615,-0.01077511968391498,,/tmp/ng_seddik_precision/submission/task281.onnx
282,0,265,18.197605236675688,900,18.197605236675688,900,0.0,,/tmp/ng_seddik_precision/submission/task282.onnx
283,265,265,18.186555400489105,910,18.186555400489105,910,0.0,,/tmp/ng_seddik_precision/submission/task283.onnx
284,266,266,13.475808238755878,101133,13.475808238755878,101133,0.0,,/tmp/ng_seddik_precision/submission/task284.onnx
285,265,265,12.112174847323766,395468,12.305212379433542,326044,-0.19303753210977526,,/tmp/ng_seddik_precision/submission/task285.onnx
286,265,265,13.00342074458367,162199,13.011269019324953,160931,-0.007848274741283134,,/tmp/ng_seddik_precision/submission/task286.onnx
287,267,267,14.975800372301608,22566,14.975800372301608,22566,0.0,,/tmp/ng_seddik_precision/submission/task287.onnx
288,267,267,14.632558329669694,31807,14.632558329669694,31807,0.0,,/tmp/ng_seddik_precision/submission/task288.onnx
289,268,268,14.86017630236368,25332,14.874489523818365,24972,-0.014313221454685277,,/tmp/ng_seddik_precision/submission/task289.onnx
290,266,266,15.631972352188223,11708,15.631972352188223,11708,0.0,,/tmp/ng_seddik_precision/submission/task290.onnx
291,265,265,16.627370259775116,4327,16.627370259775116,4327,0.0,,/tmp/ng_seddik_precision/submission/task291.onnx
292,28,28,16.250901751600978,6305,16.250901751600978,6305,0.0,,/tmp/ng_seddik_precision/submission/task292.onnx
293,267,267,14.882571106914462,24771,14.882894117374734,24763,-0.00032301046027249924,,/tmp/ng_seddik_precision/submission/task293.onnx
294,265,265,18.186555400489105,910,18.186555400489105,910,0.0,,/tmp/ng_seddik_precision/submission/task294.onnx
295,268,268,15.591628777524683,12190,15.591628777524683,12190,0.0,,/tmp/ng_seddik_precision/submission/task295.onnx
296,268,268,16.67955188604344,4107,16.67955188604344,4107,0.0,,/tmp/ng_seddik_precision/submission/task296.onnx
297,265,265,15.876089356022204,9172,15.876089356022204,9172,0.0,,/tmp/ng_seddik_precision/submission/task297.onnx
298,267,267,15.387667209394625,14948,15.390078463074628,14912,-0.002411253680003611,,/tmp/ng_seddik_precision/submission/task298.onnx
299,21,21,17.5100291011652,1790,17.5100291011652,1790,0.0,,/tmp/ng_seddik_precision/submission/task299.onnx
300,267,267,13.741373412351637,77546,13.741373412351637,77546,0.0,,/tmp/ng_seddik_precision/submission/task300.onnx
301,266,266,13.91804208355036,64988,14.004689823155179,59594,-0.08664773960481931,,/tmp/ng_seddik_precision/submission/task301.onnx
302,266,266,16.03863393937255,7796,16.03863393937255,7796,0.0,,/tmp/ng_seddik_precision/submission/task302.onnx
303,265,265,13.701382237681582,80710,13.701382237681582,80710,0.0,,/tmp/ng_seddik_precision/submission/task303.onnx
304,266,266,15.418509950330773,14494,15.418509950330773,14494,0.0,,/tmp/ng_seddik_precision/submission/task304.onnx
305,266,266,16.71802294113224,3952,16.71802294113224,3952,0.0,,/tmp/ng_seddik_precision/submission/task305.onnx
306,265,265,13.926448091389123,64444,13.926448091389123,64444,0.0,,/tmp/ng_seddik_precision/submission/task306.onnx
307,266,266,17.504458056115745,1800,17.504458056115745,1800,0.0,,/tmp/ng_seddik_precision/submission/task307.onnx
308,266,266,15.010380623834585,21799,15.104595023657227,19839,-0.09421439982264168,,/tmp/ng_seddik_precision/submission/task308.onnx
309,265,265,22.697414907005953,10,22.697414907005953,10,0.0,,/tmp/ng_seddik_precision/submission/task309.onnx
310,266,266,14.844237369643414,25739,14.844237369643414,25739,0.0,,/tmp/ng_seddik_precision/submission/task310.onnx
311,266,266,21.598802618337846,30,21.598802618337846,30,0.0,,/tmp/ng_seddik_precision/submission/task311.onnx
312,265,265,15.791761836115688,9979,15.791761836115688,9979,0.0,,/tmp/ng_seddik_precision/submission/task312.onnx
313,266,266,13.666536185257858,83572,13.760196456150222,76100,-0.0936602708923644,,/tmp/ng_seddik_precision/submission/task313.onnx
314,266,266,15.941180435665059,8594,15.941180435665059,8594,0.0,,/tmp/ng_seddik_precision/submission/task314.onnx
315,266,266,15.83497085073382,9557,15.83497085073382,9557,0.0,,/tmp/ng_seddik_precision/submission/task315.onnx
316,266,266,16.730499232819383,3903,16.82727089513453,3543,-0.09677166231514533,,/tmp/ng_seddik_precision/submission/task316.onnx
317,0,265,18.197605236675688,900,18.197605236675688,900,0.0,,/tmp/ng_seddik_precision/submission/task317.onnx
318,267,267,18.394702079051797,739,18.397412107810663,737,-0.0027100287588659455,,/tmp/ng_seddik_precision/submission/task318.onnx
319,267,267,14.5804605047263,33508,14.5804605047263,33508,0.0,,/tmp/ng_seddik_precision/submission/task319.onnx
320,266,266,16.445511023840066,5190,16.445511023840066,5190,0.0,,/tmp/ng_seddik_precision/submission/task320.onnx
321,267,267,16.385498626116764,5511,16.385498626116764,5511,0.0,,/tmp/ng_seddik_precision/submission/task321.onnx
322,266,266,18.23496102321946,867,18.23727049306812,865,-0.0023094698486616494,,/tmp/ng_seddik_precision/submission/task322.onnx
323,172,172,16.58086074905915,4533,16.58086074905915,4533,0.0,,/tmp/ng_seddik_precision/submission/task323.onnx
324,266,266,14.203081009735799,48870,14.203081009735799,48870,0.0,,/tmp/ng_seddik_precision/submission/task324.onnx
325,266,266,14.330533108254256,43022,14.330533108254256,43022,0.0,,/tmp/ng_seddik_precision/submission/task325.onnx
326,266,266,19.924826184766175,160,19.924826184766175,160,0.0,,/tmp/ng_seddik_precision/submission/task326.onnx
327,265,265,16.07096209351156,7548,16.07096209351156,7548,0.0,,/tmp/ng_seddik_precision/submission/task327.onnx
328,267,267,13.871957907660665,68053,13.884006157119696,67238,-0.012048249459031268,,/tmp/ng_seddik_precision/submission/task328.onnx
329,266,266,15.76399188127524,10260,15.76399188127524,10260,0.0,,/tmp/ng_seddik_precision/submission/task329.onnx
330,266,266,13.964707191439999,62025,14.014300580163543,59024,-0.049593388723543796,,/tmp/ng_seddik_precision/submission/task330.onnx
331,265,265,18.186555400489105,910,18.186555400489105,910,0.0,,/tmp/ng_seddik_precision/submission/task331.onnx
332,267,267,15.896131872534333,8990,15.952178557521592,8500,-0.05604668498725829,,/tmp/ng_seddik_precision/submission/task332.onnx
333,265,265,14.877658081568091,24893,14.947532254452554,23213,-0.06987417288446274,,/tmp/ng_seddik_precision/submission/task333.onnx
334,271,271,18.588181732290103,609,18.588181732290103,609,0.0,,/tmp/ng_seddik_precision/submission/task334.onnx
335,266,266,14.258204878914801,46249,14.258204878914801,46249,0.0,,/tmp/ng_seddik_precision/submission/task335.onnx
336,31,31,16.294503180112258,6036,16.294503180112258,6036,0.0,,/tmp/ng_seddik_precision/submission/task336.onnx
337,266,266,22.697414907005953,10,22.697414907005953,10,0.0,,/tmp/ng_seddik_precision/submission/task337.onnx
338,267,267,14.285226738886886,45016,14.285226738886886,45016,0.0,,/tmp/ng_seddik_precision/submission/task338.onnx
339,266,266,18.112447428335383,980,18.215542937362358,884,-0.10309550902697495,,/tmp/ng_seddik_precision/submission/task339.onnx
340,266,266,13.836305823269957,70523,13.885434941408004,67142,-0.049129118138047545,,/tmp/ng_seddik_precision/submission/task340.onnx
341,266,266,15.15493636760159,18865,15.15493636760159,18865,0.0,,/tmp/ng_seddik_precision/submission/task341.onnx
342,266,266,15.499306127016878,13369,15.5946686681292,12153,-0.09536254111232267,,/tmp/ng_seddik_precision/submission/task342.onnx
343,266,266,14.704098807100438,29611,14.741253505583026,28531,-0.037154698482588344,,/tmp/ng_seddik_precision/submission/task343.onnx
344,266,266,17.17196196787417,2510,17.17196196787417,2510,0.0,,/tmp/ng_seddik_precision/submission/task344.onnx
345,264,264,15.631289292052376,11716,15.631289292052376,11716,0.0,,/tmp/ng_seddik_precision/submission/task345.onnx
346,267,267,15.875435405045222,9178,15.875435405045222,9178,0.0,,/tmp/ng_seddik_precision/submission/task346.onnx
347,269,269,17.61787563426249,1607,17.619120964435883,1605,-0.0012453301733934552,,/tmp/ng_seddik_precision/submission/task347.onnx
348,265,265,16.103411928208782,7307,16.11719194507556,7207,-0.013780016866778766,,/tmp/ng_seddik_precision/submission/task348.onnx
349,267,267,14.190676173493577,49480,14.190676173493577,49480,0.0,,/tmp/ng_seddik_precision/submission/task349.onnx
350,267,267,15.10499835111417,19831,15.10499835111417,19831,0.0,,/tmp/ng_seddik_precision/submission/task350.onnx
351,265,265,14.532506311227156,35154,14.532506311227156,35154,0.0,,/tmp/ng_seddik_precision/submission/task351.onnx
352,266,266,16.20124341714016,6626,16.20124341714016,6626,0.0,,/tmp/ng_seddik_precision/submission/task352.onnx
353,271,271,16.403810802357263,5411,16.403810802357263,5411,0.0,,/tmp/ng_seddik_precision/submission/task353.onnx
354,266,266,15.258619697007587,17007,15.258619697007587,17007,0.0,,/tmp/ng_seddik_precision/submission/task354.onnx
355,267,267,15.624569008158225,11795,15.624569008158225,11795,0.0,,/tmp/ng_seddik_precision/submission/task355.onnx
356,266,266,16.482406888562437,5002,16.482406888562437,5002,0.0,,/tmp/ng_seddik_precision/submission/task356.onnx
357,13,13,16.122199606117427,7171,16.208058011543883,6581,-0.08585840542645684,,/tmp/ng_seddik_precision/submission/task357.onnx
358,265,265,13.35654639766505,113943,13.371400388183703,112263,-0.014853990518654214,,/tmp/ng_seddik_precision/submission/task358.onnx
359,266,266,14.347150353576192,42313,14.347150353576192,42313,0.0,,/tmp/ng_seddik_precision/submission/task359.onnx
360,266,266,15.659860190488972,11386,15.681164031870518,11146,-0.021303841381545396,,/tmp/ng_seddik_precision/submission/task360.onnx
361,266,266,15.324857000570146,15917,15.351856412003707,15493,-0.026999411433560994,,/tmp/ng_seddik_precision/submission/task361.onnx
362,267,267,15.612434368654611,11939,15.612434368654611,11939,0.0,,/tmp/ng_seddik_precision/submission/task362.onnx
363,265,265,13.60482257129864,88892,13.625050073974103,87112,-0.02022750267546236,,/tmp/ng_seddik_precision/submission/task363.onnx
364,266,266,13.737345222483407,77859,13.754457371489742,76538,-0.017112149006335287,,/tmp/ng_seddik_precision/submission/task364.onnx
365,266,266,14.01786479921536,58814,14.01786479921536,58814,0.0,,/tmp/ng_seddik_precision/submission/task365.onnx
366,0,266,0.0,,11.493032942114981,734516,-11.493032942114981,"Traceback (most recent call last): |   File ""$HOME/Desktop/kaggleonnx/tools/neurogolf_local.py"", line 286, in score_onnx |     output = session.run([""output""], {""input"": encode_grid(example[""input""])})[0] |                                                ~~~~~~~~~~~^^^^^^^^^^^^^^^^^^ |   File ""$HOME/Desktop/kaggleonnx/tools/neurogolf_local.py"", line 57, in encode_grid |     out[0, color, row, col] = 1.0 |     ~~~^^^^^^^^^^^^^^^^^^^^ | IndexError: index 30 is out of bounds for axis 3 with size 30",/tmp/ng_seddik_precision/submission/task366.onnx
367,266,266,13.125192173257059,143603,13.125192173257059,143603,0.0,,/tmp/ng_seddik_precision/submission/task367.onnx
368,265,265,14.615970788806473,32339,14.615970788806473,32339,0.0,,/tmp/ng_seddik_precision/submission/task368.onnx
369,265,265,16.04726523289313,7729,16.04726523289313,7729,0.0,,/tmp/ng_seddik_precision/submission/task369.onnx
370,266,266,13.407431907377575,108290,13.417492503798178,107206,-0.010060596420602863,,/tmp/ng_seddik_precision/submission/task370.onnx
371,266,266,15.039140167606002,21181,15.039140167606002,21181,0.0,,/tmp/ng_seddik_precision/submission/task371.onnx
372,266,266,16.027916817148075,7880,16.02817065646915,7878,-0.0002538393210755885,,/tmp/ng_seddik_precision/submission/task372.onnx
373,75,75,18.738508315678956,524,18.738508315678956,524,0.0,,/tmp/ng_seddik_precision/submission/task373.onnx
374,267,267,15.335912421297605,15742,15.69053853715601,11042,-0.3546261158584052,,/tmp/ng_seddik_precision/submission/task374.onnx
375,58,58,15.372793097191211,15172,15.372793097191211,15172,0.0,,/tmp/ng_seddik_precision/submission/task375.onnx
376,39,39,14.938953297362508,23413,15.424114143916897,14413,-0.48516084655438974,,/tmp/ng_seddik_precision/submission/task376.onnx
377,266,266,13.966336894339644,61924,14.175751720918266,50224,-0.20941482657862132,,/tmp/ng_seddik_precision/submission/task377.onnx
378,267,267,14.428477967719003,39008,14.428477967719003,39008,0.0,,/tmp/ng_seddik_precision/submission/task378.onnx
379,266,266,13.808671952355807,72499,13.808671952355807,72499,0.0,,/tmp/ng_seddik_precision/submission/task379.onnx
380,267,267,18.409698951803314,728,18.409698951803314,728,0.0,,/tmp/ng_seddik_precision/submission/task380.onnx
381,265,265,16.78906026662098,3681,16.78906026662098,3681,0.0,,/tmp/ng_seddik_precision/submission/task381.onnx
382,266,266,13.416112936092428,107354,13.416112936092428,107354,0.0,,/tmp/ng_seddik_precision/submission/task382.onnx
383,266,266,13.23196730851017,129060,13.239121304806988,128140,-0.0071539962968181214,,/tmp/ng_seddik_precision/submission/task383.onnx
384,266,266,13.778470160860206,74722,13.778470160860206,74722,0.0,,/tmp/ng_seddik_precision/submission/task384.onnx
385,265,265,21.598802618337846,30,21.598802618337846,30,0.0,,/tmp/ng_seddik_precision/submission/task385.onnx
386,268,268,17.311544643450056,2183,17.31246123379837,2181,-0.0009165903483143722,,/tmp/ng_seddik_precision/submission/task386.onnx
387,266,266,13.940291846175448,63558,13.940291846175448,63558,0.0,,/tmp/ng_seddik_precision/submission/task387.onnx
388,266,266,16.225377779303003,6468,16.225377779303003,6468,0.0,,/tmp/ng_seddik_precision/submission/task388.onnx
389,266,266,17.451444020830127,1898,17.451444020830127,1898,0.0,,/tmp/ng_seddik_precision/submission/task389.onnx
390,266,266,14.885765416486214,24692,14.885765416486214,24692,0.0,,/tmp/ng_seddik_precision/submission/task390.onnx
391,267,267,15.787561829941671,10021,15.787561829941671,10021,0.0,,/tmp/ng_seddik_precision/submission/task391.onnx
392,266,266,14.662459882503795,30870,14.662459882503795,30870,0.0,,/tmp/ng_seddik_precision/submission/task392.onnx
393,265,265,18.870949789939456,459,18.870949789939456,459,0.0,,/tmp/ng_seddik_precision/submission/task393.onnx
394,266,266,16.52885074708517,4775,16.53346872338599,4753,-0.004617976300821169,,/tmp/ng_seddik_precision/submission/task394.onnx
395,268,268,17.403607695935804,1991,17.581219117249205,1667,-0.1776114213134008,,/tmp/ng_seddik_precision/submission/task395.onnx
396,266,266,13.126683504302262,143389,13.21180923259308,131688,-0.08512572829081755,,/tmp/ng_seddik_precision/submission/task396.onnx
397,266,266,15.040983137671391,21142,15.045771805760689,21041,-0.004788668089297232,,/tmp/ng_seddik_precision/submission/task397.onnx
398,268,268,13.657922169750098,84295,13.658254391724892,84267,-0.00033222197479432225,,/tmp/ng_seddik_precision/submission/task398.onnx
399,273,273,17.48302277539568,1839,17.48302277539568,1839,0.0,,/tmp/ng_seddik_precision/submission/task399.onnx
400,266,266,14.532534757896764,35153,14.532534757896764,35153,0.0,,/tmp/ng_seddik_precision/submission/task400.onnx
