split,index,component,anchor_color,payload_color,anchor_shape,observed_tiles,completed_tiles,input_tile_count,output_tile_count,is_template
train,0,1,1,3,1x1,-1:-1 0:-2 0:-1 0:0 1:-1,-1:-1 0:-2 0:-1 0:0 1:-1,5,5,1
train,0,2,1,4,2x2,0:-1 0:0,-1:-1 0:-2 0:-1 0:0 1:-1,2,5,0
train,1,1,2,8,1x1,-1:3 0:0 0:1 0:2 0:3 1:3,-1:3 0:0 0:1 0:2 0:3 1:3,6,6,1
train,1,2,2,6,1x1,0:0 0:1,-1:3 0:0 0:1 0:2 0:3 1:3,2,6,0
train,1,3,2,3,1x1,0:0 0:1,-1:3 0:0 0:1 0:2 0:3 1:3,2,6,0
train,2,1,4,1,1x1,-1:-1 -1:0 -1:1 0:-1 0:0 0:1 1:-1 1:1,-1:-1 -1:0 -1:1 0:-1 0:0 0:1 1:-1 1:1,8,8,1
train,2,2,4,8,3x3,-1:0 0:0,-1:-1 -1:0 -1:1 0:-1 0:0 0:1 1:-1 1:1,2,8,0
train,3,1,2,3,1x1,0:-1 0:0,-1:0 0:-2 0:-1 0:0 1:0,2,5,0
train,3,2,2,8,1x1,-1:0 0:-2 0:-1 0:0 1:0,-1:0 0:-2 0:-1 0:0 1:0,5,5,1
train,3,3,2,4,2x2,-1:0 0:0,-1:0 0:-2 0:-1 0:0 1:0,2,5,0
test,0,1,1,8,1x1,-1:0 -1:1 0:-1 0:0 0:1 1:-1 1:0,-1:0 -1:1 0:-1 0:0 0:1 1:-1 1:0,7,7,1
test,0,2,1,4,3x3,0:-1 0:0,0:-1 0:0,2,2,0
test,0,3,1,2,4x4,0:0 0:1,0:0 0:1,2,2,0
test,0,4,1,3,2x2,0:0 1:0,0:0 1:0,2,2,0
arc-gen,0,1,1,4,1x1,0:0 0:1 0:2 1:0 2:0,0:0 0:1 0:2 1:0 2:0,5,5,1
arc-gen,0,2,1,8,3x3,0:0 0:1,0:0 0:1 0:2 1:0 2:0,2,5,0
arc-gen,0,3,1,3,1x1,0:0 1:0,0:0 0:1 0:2 1:0 2:0,2,5,0
arc-gen,0,4,1,5,1x1,0:0 1:0,0:0 0:1 0:2 1:0 2:0,2,5,0
arc-gen,1,1,3,7,2x2,0:0 1:0,0:0 0:1 0:2 1:0 1:1,2,5,0
arc-gen,1,2,3,1,1x1,0:0 0:1 0:2 1:0 1:1,0:0 0:1 0:2 1:0 1:1,5,5,1
arc-gen,2,1,6,7,1x1,0:0 0:1 0:2 1:0 1:2,0:0 0:1 0:2 1:0 1:2,5,5,1
arc-gen,2,2,6,2,3x3,0:0 1:0,0:0 0:1 0:2 1:0 1:2,2,5,0
arc-gen,3,1,5,3,1x1,0:0 0:1 0:2,0:0 0:1 0:2,3,3,1
arc-gen,3,2,5,1,1x1,0:0 0:1,0:0 0:1 0:2,2,3,0
arc-gen,3,3,5,6,4x4,0:0 0:1,0:0 0:1 0:2,2,3,0
arc-gen,4,1,1,4,1x1,0:0 0:1,0:0 0:1 0:2 1:2,2,4,0
arc-gen,4,2,1,3,3x3,0:0 0:1,0:0 0:1 0:2 1:2,2,4,0
arc-gen,4,3,1,7,1x1,0:0 0:1 0:2 1:2,0:0 0:1 0:2 1:2,4,4,1
arc-gen,4,4,1,8,2x2,0:0 0:1,0:0 0:1 0:2 1:2,2,4,0
arc-gen,5,1,9,8,3x3,0:0 0:1,0:0 0:1 0:2 1:1,2,4,0
arc-gen,5,2,9,3,3x3,0:0 0:1,0:0 0:1 0:2 1:1,2,4,0
arc-gen,5,3,9,5,1x1,0:0 0:1 0:2 1:1,0:0 0:1 0:2 1:1,4,4,1
arc-gen,6,1,5,6,1x1,0:0 1:0,0:0 0:1 1:0 1:1 2:1,2,5,0
arc-gen,6,2,5,2,1x1,0:0 0:1 1:0 1:1 2:1,0:0 0:1 1:0 1:1 2:1,5,5,1
arc-gen,6,3,5,9,1x1,0:0 0:1,0:0 0:1 1:0 1:1 2:1,2,5,0
arc-gen,6,4,5,4,2x2,0:0 1:0,0:0 0:1 1:0 1:1 2:1,2,5,0
arc-gen,7,1,1,8,4x4,0:0 1:0,0:0 1:0 1:1 2:0 2:1,2,5,0
arc-gen,7,2,1,4,1x1,0:0 1:0 1:1 2:0 2:1,0:0 1:0 1:1 2:0 2:1,5,5,1
arc-gen,8,1,6,8,1x1,0:0 0:1 0:2 1:0 1:2,0:0 0:1 0:2 1:0 1:2,5,5,1
arc-gen,8,2,6,4,3x3,0:0 1:0,0:0 0:1 0:2 1:0 1:2,2,5,0
arc-gen,8,3,6,9,3x3,0:0 1:0,0:0 0:1 0:2 1:0 1:2,2,5,0
arc-gen,9,1,1,2,1x1,0:0 1:0,0:0 0:1 1:0 1:1,2,4,0
arc-gen,9,2,1,5,1x1,0:0 0:1 1:0 1:1,0:0 0:1 1:0 1:1,4,4,1
arc-gen,10,1,5,3,1x1,0:0 0:1 1:0 1:1 2:1,0:0 0:1 1:0 1:1 2:1,5,5,1
arc-gen,10,2,5,9,1x1,0:0 0:1,0:0 0:1 1:0 1:1 2:1,2,5,0
arc-gen,10,3,5,7,2x2,0:0 0:1,0:0 0:1 1:0 1:1 2:1,2,5,0
arc-gen,11,1,3,4,1x1,0:0 1:0 1:1 1:2,0:0 1:0 1:1 1:2,4,4,1
arc-gen,11,2,3,2,1x1,0:0 1:0,0:0 1:0 1:1 1:2,2,4,0
arc-gen,12,1,4,9,1x1,0:0 1:0,0:0 0:1 1:0 2:0 2:1,2,5,0
arc-gen,12,2,4,1,1x1,0:0 0:1,0:0 0:1 1:0 2:0 2:1,2,5,0
arc-gen,12,3,4,2,1x1,0:0 0:1 1:0 2:0 2:1,0:0 0:1 1:0 2:0 2:1,5,5,1
arc-gen,13,1,6,4,1x1,0:0 0:1,0:0 0:1 1:0 1:1,2,4,0
arc-gen,13,2,6,5,1x1,0:0 0:1 1:0 1:1,0:0 0:1 1:0 1:1,4,4,1
arc-gen,14,1,5,2,3x3,0:0 0:1,0:0 0:1 0:2 1:0 1:2,2,5,0
arc-gen,14,2,5,4,1x1,0:0 0:1 0:2 1:0 1:2,0:0 0:1 0:2 1:0 1:2,5,5,1
arc-gen,14,3,5,9,2x2,0:0 1:0,0:0 0:1 0:2 1:0 1:2,2,5,0
arc-gen,14,4,5,6,2x2,0:0 0:1,0:0 0:1 0:2 1:0 1:2,2,5,0
arc-gen,15,1,3,9,1x1,0:0 1:0,0:0 1:0 1:1 2:0,2,4,0
arc-gen,15,2,3,2,1x1,0:0 1:0 1:1 2:0,0:0 1:0 1:1 2:0,4,4,1
arc-gen,15,3,3,5,1x1,0:0 1:0,0:0 1:0 1:1 2:0,2,4,0
arc-gen,16,1,5,6,2x2,0:0 0:1,0:0 0:1 1:1,2,3,0
arc-gen,16,2,5,7,1x1,0:0 0:1 1:1,0:0 0:1 1:1,3,3,1
arc-gen,17,1,8,9,1x1,0:0 0:1,0:0 0:1 0:2 1:1,2,4,0
arc-gen,17,2,8,4,3x3,0:0 0:1,0:0 0:1 0:2 1:1,2,4,0
arc-gen,17,3,8,5,1x1,0:0 0:1 0:2 1:1,0:0 0:1 0:2 1:1,4,4,1
arc-gen,18,1,2,4,1x1,0:0 0:1 0:2,0:0 0:1 0:2,3,3,1
arc-gen,18,2,2,1,3x3,0:0 0:1,0:0 0:1 0:2,2,3,0
arc-gen,18,3,2,5,1x1,0:0 0:1,0:0 0:1 0:2,2,3,0
arc-gen,19,1,8,5,4x4,0:0 0:1,0:0 0:1 0:2 1:1,2,4,0
arc-gen,19,2,8,2,1x1,0:0 0:1 0:2 1:1,0:0 0:1 0:2 1:1,4,4,1
arc-gen,20,1,7,4,1x1,0:0 0:1 0:2 1:0 1:2,0:0 0:1 0:2 1:0 1:2,5,5,1
arc-gen,20,2,7,6,4x4,0:0 0:1,0:0 0:1 0:2 1:0 1:2,2,5,0
arc-gen,21,1,2,4,1x1,0:0 0:1 0:2,0:0 0:1 0:2,3,3,1
arc-gen,21,2,2,5,4x4,0:0 0:1,0:0 0:1 0:2,2,3,0
arc-gen,21,3,2,3,3x3,0:0 0:1,0:0 0:1 0:2,2,3,0
arc-gen,21,4,2,1,1x1,0:0 0:1,0:0 0:1 0:2,2,3,0
arc-gen,22,1,6,7,1x1,0:0 0:1 1:1,0:0 0:1 1:1,3,3,1
arc-gen,22,2,6,5,2x2,0:0 0:1,0:0 0:1 1:1,2,3,0
arc-gen,22,3,6,3,2x2,0:0 0:1,0:0 0:1 1:1,2,3,0
arc-gen,22,4,6,4,1x1,0:0 0:1,0:0 0:1 1:1,2,3,0
arc-gen,23,1,5,9,1x1,0:0 0:1 1:0 2:0,0:0 0:1 1:0 2:0,4,4,1
arc-gen,23,2,5,1,2x2,0:0 0:1,0:0 0:1 1:0 2:0,2,4,0
arc-gen,23,3,5,3,2x2,0:0 0:1,0:0 0:1 1:0 2:0,2,4,0
arc-gen,24,1,3,9,1x1,0:0 0:1,0:0 0:1 0:2 1:0 1:2,2,5,0
arc-gen,24,2,3,2,1x1,0:0 1:0,0:0 0:1 0:2 1:0 1:2,2,5,0
arc-gen,24,3,3,6,2x2,0:0 0:1,0:0 0:1 0:2 1:0 1:2,2,5,0
arc-gen,24,4,3,8,1x1,0:0 0:1 0:2 1:0 1:2,0:0 0:1 0:2 1:0 1:2,5,5,1
arc-gen,25,1,5,6,3x3,0:0 0:1,0:0 0:1 1:0 1:1 2:0,2,5,0
arc-gen,25,2,5,9,1x1,0:0 1:0,0:0 0:1 1:0 1:1 2:0,2,5,0
arc-gen,25,3,5,8,1x1,0:0 0:1 1:0 1:1 2:0,0:0 0:1 1:0 1:1 2:0,5,5,1
arc-gen,25,4,5,1,1x1,0:0 0:1,0:0 0:1 1:0 1:1 2:0,2,5,0
arc-gen,26,1,9,5,1x1,0:0 0:1 1:1 1:2 2:2,0:0 0:1 1:1 1:2 2:2,5,5,1
arc-gen,26,2,9,8,3x3,0:0 0:1,0:0 0:1 1:1 1:2 2:2,2,5,0
arc-gen,27,1,6,5,2x2,0:0 1:0,0:0 0:1 1:0 1:1 2:0,2,5,0
arc-gen,27,2,6,9,1x1,0:0 0:1,0:0 0:1 1:0 1:1 2:0,2,5,0
arc-gen,27,3,6,4,1x1,0:0 0:1 1:0 1:1 2:0,0:0 0:1 1:0 1:1 2:0,5,5,1
arc-gen,27,4,6,3,1x1,0:0 0:1,0:0 0:1 1:0 1:1 2:0,2,5,0
arc-gen,28,1,5,1,1x1,0:0 0:1 1:0 1:1 2:0,0:0 0:1 1:0 1:1 2:0,5,5,1
arc-gen,28,2,5,6,1x1,0:0 0:1,0:0 0:1 1:0 1:1 2:0,2,5,0
arc-gen,28,3,5,4,3x3,0:0 0:1,0:0 0:1 1:0 1:1 2:0,2,5,0
arc-gen,29,1,7,6,3x3,0:0 0:1,0:0 0:1 1:0,2,3,0
arc-gen,29,2,7,5,1x1,0:0 0:1 1:0,0:0 0:1 1:0,3,3,1
arc-gen,30,1,2,4,1x1,0:0 0:1 1:0 1:1,0:0 0:1 1:0 1:1,4,4,1
arc-gen,30,2,2,6,1x1,0:0 0:1,0:0 0:1 1:0 1:1,2,4,0
arc-gen,31,1,5,7,1x1,0:0 1:0 1:1 2:1,0:0 1:0 1:1 2:1,4,4,1
arc-gen,31,2,5,8,2x2,0:0 1:0,0:0 1:0 1:1 2:1,2,4,0
arc-gen,31,3,5,1,1x1,0:0 1:0,0:0 1:0 1:1 2:1,2,4,0
arc-gen,31,4,5,2,2x2,0:0 1:0,0:0 1:0 1:1 2:1,2,4,0
arc-gen,32,1,5,6,3x3,0:0 1:0,0:0 1:0 2:0,2,3,0
arc-gen,32,2,5,8,1x1,0:0 1:0 2:0,0:0 1:0 2:0,3,3,1
arc-gen,32,3,5,4,1x1,0:0 1:0,0:0 1:0 2:0,2,3,0
arc-gen,32,4,5,9,1x1,0:0 1:0,0:0 1:0 2:0,2,3,0
arc-gen,33,1,5,3,4x4,0:0 0:1,0:0 0:1 0:2 1:1,2,4,0
arc-gen,33,2,5,2,1x1,0:0 0:1 0:2 1:1,0:0 0:1 0:2 1:1,4,4,1
arc-gen,34,1,1,4,2x2,0:0 1:0,0:0 1:0 1:1 2:1,2,4,0
arc-gen,34,2,1,5,1x1,0:0 1:0,0:0 1:0 1:1 2:1,2,4,0
arc-gen,34,3,1,8,1x1,0:0 1:0 1:1 2:1,0:0 1:0 1:1 2:1,4,4,1
arc-gen,35,1,6,1,1x1,0:0 0:1,0:0 0:1 0:2 1:1 1:2,2,5,0
arc-gen,35,2,6,8,1x1,0:0 0:1 0:2 1:1 1:2,0:0 0:1 0:2 1:1 1:2,5,5,1
arc-gen,35,3,6,3,1x1,0:0 0:1,0:0 0:1 0:2 1:1 1:2,2,5,0
arc-gen,35,4,6,7,2x2,0:0 0:1,0:0 0:1 0:2 1:1 1:2,2,5,0
arc-gen,36,1,4,1,3x3,0:0 1:0,0:0 0:1 1:0 2:0,2,4,0
arc-gen,36,2,4,7,1x1,0:0 0:1 1:0 2:0,0:0 0:1 1:0 2:0,4,4,1
arc-gen,36,3,4,9,1x1,0:0 1:0,0:0 0:1 1:0 2:0,2,4,0
arc-gen,37,1,9,2,1x1,0:0 0:1,0:0 0:1 0:2,2,3,0
arc-gen,37,2,9,3,1x1,0:0 0:1 0:2,0:0 0:1 0:2,3,3,1
arc-gen,37,3,9,5,2x2,0:0 0:1,0:0 0:1 0:2,2,3,0
arc-gen,38,1,5,9,1x1,0:0 1:0,0:0 1:0 1:1 1:2,2,4,0
arc-gen,38,2,5,4,1x1,0:0 1:0 1:1 1:2,0:0 1:0 1:1 1:2,4,4,1
arc-gen,39,1,9,8,1x1,0:0 1:0 1:1,0:0 1:0 1:1,3,3,1
arc-gen,39,2,9,6,1x1,0:0 1:0,0:0 1:0 1:1,2,3,0
arc-gen,39,3,9,2,1x1,0:0 1:0,0:0 1:0 1:1,2,3,0
arc-gen,39,4,9,5,2x2,0:0 1:0,0:0 1:0 1:1,2,3,0
arc-gen,40,1,1,4,2x2,0:0 1:0,0:0 1:0 2:0,2,3,0
arc-gen,40,2,1,5,1x1,0:0 1:0 2:0,0:0 1:0 2:0,3,3,1
arc-gen,40,3,1,3,3x3,0:0 1:0,0:0 1:0 2:0,2,3,0
arc-gen,40,4,1,2,1x1,0:0 1:0,0:0 1:0 2:0,2,3,0
arc-gen,41,1,8,4,2x2,0:0 0:1,0:0 0:1 0:2 1:0 1:1,2,5,0
arc-gen,41,2,8,9,2x2,0:0 0:1,0:0 0:1 0:2 1:0 1:1,2,5,0
arc-gen,41,3,8,6,1x1,0:0 0:1 0:2 1:0 1:1,0:0 0:1 0:2 1:0 1:1,5,5,1
arc-gen,41,4,8,3,1x1,0:0 0:1,0:0 0:1 0:2 1:0 1:1,2,5,0
arc-gen,42,1,1,4,1x1,0:0 1:0,0:0 1:0 1:1,2,3,0
arc-gen,42,2,1,6,1x1,0:0 1:0 1:1,0:0 1:0 1:1,3,3,1
arc-gen,43,1,4,7,4x4,0:0 0:1,0:0 0:1 1:0,2,3,0
arc-gen,43,2,4,1,1x1,0:0 0:1,0:0 0:1 1:0,2,3,0
arc-gen,43,3,4,6,1x1,0:0 0:1 1:0,0:0 0:1 1:0,3,3,1
arc-gen,43,4,4,3,2x2,0:0 1:0,0:0 0:1 1:0,2,3,0
arc-gen,44,1,3,6,1x1,0:0 1:0,0:0 1:0 2:0 2:1,2,4,0
arc-gen,44,2,3,4,1x1,0:0 1:0 2:0 2:1,0:0 1:0 2:0 2:1,4,4,1
arc-gen,44,3,3,7,2x2,0:0 1:0,0:0 1:0 2:0 2:1,2,4,0
arc-gen,45,1,2,9,2x2,0:0 1:0,0:0 0:1 1:0 2:0 2:1,2,5,0
arc-gen,45,2,2,7,2x2,0:0 0:1,0:0 0:1 1:0 2:0 2:1,2,5,0
arc-gen,45,3,2,4,1x1,0:0 0:1 1:0 2:0 2:1,0:0 0:1 1:0 2:0 2:1,5,5,1
arc-gen,46,1,1,9,1x1,0:0 1:0 1:1 2:0,0:0 1:0 1:1 2:0,4,4,1
arc-gen,46,2,1,4,1x1,0:0 1:0,0:0 1:0 1:1 2:0,2,4,0
arc-gen,47,1,2,9,1x1,0:0 0:1,0:0 0:1 0:2 1:2,2,4,0
arc-gen,47,2,2,8,2x2,0:0 0:1,0:0 0:1 0:2 1:2,2,4,0
arc-gen,47,3,2,5,1x1,0:0 0:1 0:2 1:2,0:0 0:1 0:2 1:2,4,4,1
arc-gen,48,1,5,1,1x1,0:0 1:0 1:1 1:2,0:0 1:0 1:1 1:2,4,4,1
arc-gen,48,2,5,4,1x1,0:0 1:0,0:0 1:0 1:1 1:2,2,4,0
arc-gen,49,1,5,2,2x2,0:0 1:0,0:0 1:0 1:1,2,3,0
arc-gen,49,2,5,3,2x2,0:0 1:0,0:0 1:0 1:1,2,3,0
arc-gen,49,3,5,1,1x1,0:0 1:0 1:1,0:0 1:0 1:1,3,3,1
arc-gen,49,4,5,7,1x1,0:0 1:0,0:0 1:0 1:1,2,3,0
arc-gen,50,1,7,3,1x1,0:0 1:0,0:0 1:0 2:0,2,3,0
arc-gen,50,2,7,6,1x1,0:0 1:0 2:0,0:0 1:0 2:0,3,3,1
arc-gen,50,3,7,8,1x1,0:0 1:0,0:0 1:0 2:0,2,3,0
arc-gen,50,4,7,4,1x1,0:0 1:0,0:0 1:0 2:0,2,3,0
arc-gen,51,1,3,9,3x3,0:0 0:1,0:0 0:1 0:2,2,3,0
arc-gen,51,2,3,6,1x1,0:0 0:1 0:2,0:0 0:1 0:2,3,3,1
arc-gen,52,1,8,6,1x1,0:0 0:1,0:0 0:1 0:2 1:0,2,4,0
arc-gen,52,2,8,7,1x1,0:0 0:1 0:2 1:0,0:0 0:1 0:2 1:0,4,4,1
arc-gen,52,3,8,9,1x1,0:0 0:1,0:0 0:1 0:2 1:0,2,4,0
arc-gen,53,1,1,7,1x1,0:0 1:0,0:0 0:1 1:0 1:1 1:2,2,5,0
arc-gen,53,2,1,3,1x1,0:0 0:1 1:0 1:1 1:2,0:0 0:1 1:0 1:1 1:2,5,5,1
arc-gen,54,1,4,1,3x3,0:0 0:1,0:0 0:1 1:0 2:0 2:1,2,5,0
arc-gen,54,2,4,2,3x3,0:0 0:1,0:0 0:1 1:0 2:0 2:1,2,5,0
arc-gen,54,3,4,3,1x1,0:0 0:1 1:0 2:0 2:1,0:0 0:1 1:0 2:0 2:1,5,5,1
arc-gen,55,1,9,6,1x1,0:0 0:1 1:0 1:1 1:2,0:0 0:1 1:0 1:1 1:2,5,5,1
arc-gen,55,2,9,3,3x3,0:0 1:0,0:0 0:1 1:0 1:1 1:2,2,5,0
arc-gen,56,1,7,4,1x1,0:0 0:1 1:1 2:1 2:2,0:0 0:1 1:1 2:1 2:2,5,5,1
arc-gen,56,2,7,8,2x2,0:0 0:1,0:0 0:1 1:1 2:1 2:2,2,5,0
arc-gen,56,3,7,6,2x2,0:0 0:1,0:0 0:1 1:1 2:1 2:2,2,5,0
arc-gen,57,1,7,8,1x1,0:0 1:0,0:0 0:1 0:2 1:0 1:2,2,5,0
arc-gen,57,2,7,3,1x1,0:0 0:1 0:2 1:0 1:2,0:0 0:1 0:2 1:0 1:2,5,5,1
arc-gen,57,3,7,5,1x1,0:0 0:1,0:0 0:1 0:2 1:0 1:2,2,5,0
arc-gen,57,4,7,4,3x3,0:0 0:1,0:0 0:1 0:2 1:0 1:2,2,5,0
arc-gen,58,1,9,3,1x1,0:0 0:1,0:0 0:1 0:2,2,3,0
arc-gen,58,2,9,7,1x1,0:0 0:1 0:2,0:0 0:1 0:2,3,3,1
arc-gen,59,1,7,3,1x1,0:0 0:1,0:0 0:1 0:2 1:0,2,4,0
arc-gen,59,2,7,9,1x1,0:0 0:1,0:0 0:1 0:2 1:0,2,4,0
arc-gen,59,3,7,4,1x1,0:0 0:1 0:2 1:0,0:0 0:1 0:2 1:0,4,4,1
arc-gen,60,1,4,6,1x1,0:0 0:1,0:0 0:1 0:2 1:2 2:2,2,5,0
arc-gen,60,2,4,3,1x1,0:0 0:1 0:2 1:2 2:2,0:0 0:1 0:2 1:2 2:2,5,5,1
arc-gen,61,1,9,7,2x2,0:0 0:1,0:0 0:1 0:2 1:0 1:2,2,5,0
arc-gen,61,2,9,5,1x1,0:0 0:1 0:2 1:0 1:2,0:0 0:1 0:2 1:0 1:2,5,5,1
arc-gen,61,3,9,1,2x2,0:0 0:1,0:0 0:1 0:2 1:0 1:2,2,5,0
arc-gen,61,4,9,8,1x1,0:0 1:0,0:0 0:1 0:2 1:0 1:2,2,5,0
arc-gen,62,1,4,5,3x3,0:0 1:0,0:0 1:0 2:0,2,3,0
arc-gen,62,2,4,6,1x1,0:0 1:0 2:0,0:0 1:0 2:0,3,3,1
arc-gen,63,1,3,5,1x1,0:0 1:0,0:0 0:1 1:0 1:1 1:2,2,5,0
arc-gen,63,2,3,8,1x1,0:0 1:0,0:0 0:1 1:0 1:1 1:2,2,5,0
arc-gen,63,3,3,4,2x2,0:0 1:0,0:0 0:1 1:0 1:1 1:2,2,5,0
arc-gen,63,4,3,9,1x1,0:0 0:1 1:0 1:1 1:2,0:0 0:1 1:0 1:1 1:2,5,5,1
arc-gen,64,1,5,7,1x1,0:0 0:1,0:0 0:1 1:0 2:0,2,4,0
arc-gen,64,2,5,2,1x1,0:0 0:1 1:0 2:0,0:0 0:1 1:0 2:0,4,4,1
arc-gen,64,3,5,6,2x2,0:0 0:1,0:0 0:1 1:0 2:0,2,4,0
arc-gen,65,1,7,6,1x1,0:0 0:1 1:0,0:0 0:1 1:0,3,3,1
arc-gen,65,2,7,5,1x1,0:0 0:1,0:0 0:1 1:0,2,3,0
arc-gen,66,1,9,1,2x2,0:0 0:1,0:0 0:1 0:2,2,3,0
arc-gen,66,2,9,7,2x2,0:0 0:1,0:0 0:1 0:2,2,3,0
arc-gen,66,3,9,5,1x1,0:0 0:1 0:2,0:0 0:1 0:2,3,3,1
arc-gen,67,1,7,6,4x4,0:0 0:1,0:0 0:1 0:2 1:0 1:2,2,5,0
arc-gen,67,2,7,5,1x1,0:0 0:1,0:0 0:1 0:2 1:0 1:2,2,5,0
arc-gen,67,3,7,9,2x2,0:0 0:1,0:0 0:1 0:2 1:0 1:2,2,5,0
arc-gen,67,4,7,1,1x1,0:0 0:1 0:2 1:0 1:2,0:0 0:1 0:2 1:0 1:2,5,5,1
arc-gen,68,1,6,8,2x2,0:0 1:0,0:0 0:1 1:0 1:1 2:0,2,5,0
arc-gen,68,2,6,1,1x1,0:0 0:1 1:0 1:1 2:0,0:0 0:1 1:0 1:1 2:0,5,5,1
arc-gen,68,3,6,3,2x2,0:0 0:1,0:0 0:1 1:0 1:1 2:0,2,5,0
arc-gen,69,1,9,6,1x1,0:0 0:1 1:0 1:1 2:1,0:0 0:1 1:0 1:1 2:1,5,5,1
arc-gen,69,2,9,1,3x3,0:0 0:1,0:0 0:1 1:0 1:1 2:1,2,5,0
arc-gen,70,1,9,8,1x1,0:0 1:0,0:0 0:1 0:2 1:0 1:1,2,5,0
arc-gen,70,2,9,3,1x1,0:0 0:1 0:2 1:0 1:1,0:0 0:1 0:2 1:0 1:1,5,5,1
arc-gen,70,3,9,1,2x2,0:0 1:0,0:0 0:1 0:2 1:0 1:1,2,5,0
arc-gen,70,4,9,2,2x2,0:0 0:1,0:0 0:1 0:2 1:0 1:1,2,5,0
arc-gen,71,1,5,4,1x1,0:0 1:0 1:1,0:0 1:0 1:1,3,3,1
arc-gen,71,2,5,1,1x1,0:0 1:0,0:0 1:0 1:1,2,3,0
arc-gen,72,1,7,3,2x2,0:0 0:1,0:0 0:1 1:0,2,3,0
arc-gen,72,2,7,1,1x1,0:0 0:1 1:0,0:0 0:1 1:0,3,3,1
arc-gen,73,1,9,3,1x1,0:0 1:0 1:1,0:0 1:0 1:1,3,3,1
arc-gen,73,2,9,4,1x1,0:0 1:0,0:0 1:0 1:1,2,3,0
arc-gen,74,1,9,2,1x1,0:0 1:0 2:0 2:1,0:0 1:0 2:0 2:1,4,4,1
arc-gen,74,2,9,8,1x1,0:0 1:0,0:0 1:0 2:0 2:1,2,4,0
arc-gen,74,3,9,5,1x1,0:0 1:0,0:0 1:0 2:0 2:1,2,4,0
arc-gen,75,1,6,8,3x3,0:0 0:1,0:0 0:1 0:2,2,3,0
arc-gen,75,2,6,5,1x1,0:0 0:1 0:2,0:0 0:1 0:2,3,3,1
arc-gen,75,3,6,1,1x1,0:0 0:1,0:0 0:1 0:2,2,3,0
arc-gen,76,1,9,5,2x2,0:0 0:1,0:0 0:1 1:1 1:2,2,4,0
arc-gen,76,2,9,2,2x2,0:0 0:1,0:0 0:1 1:1 1:2,2,4,0
arc-gen,76,3,9,6,3x3,0:0 0:1,0:0 0:1 1:1 1:2,2,4,0
arc-gen,76,4,9,4,1x1,0:0 0:1 1:1 1:2,0:0 0:1 1:1 1:2,4,4,1
arc-gen,77,1,6,5,2x2,0:0 0:1,0:0 0:1 1:0 1:1 2:0,2,5,0
arc-gen,77,2,6,4,1x1,0:0 0:1 1:0 1:1 2:0,0:0 0:1 1:0 1:1 2:0,5,5,1
arc-gen,77,3,6,1,1x1,0:0 1:0,0:0 0:1 1:0 1:1 2:0,2,5,0
arc-gen,78,1,5,6,3x3,0:0 0:1,0:0 0:1 0:2 1:0,2,4,0
arc-gen,78,2,5,2,1x1,0:0 0:1 0:2 1:0,0:0 0:1 0:2 1:0,4,4,1
arc-gen,79,1,7,3,1x1,0:0 1:0 2:0,0:0 1:0 2:0,3,3,1
arc-gen,79,2,7,4,3x3,0:0 1:0,0:0 1:0 2:0,2,3,0
arc-gen,80,1,4,5,4x4,0:0 1:0,0:0 1:0 2:0,2,3,0
arc-gen,80,2,4,1,1x1,0:0 1:0 2:0,0:0 1:0 2:0,3,3,1
arc-gen,81,1,3,2,1x1,0:0 0:1,0:0 0:1 0:2 1:0 1:1,2,5,0
arc-gen,81,2,3,8,1x1,0:0 0:1 0:2 1:0 1:1,0:0 0:1 0:2 1:0 1:1,5,5,1
arc-gen,81,3,3,9,1x1,0:0 0:1,0:0 0:1 0:2 1:0 1:1,2,5,0
arc-gen,82,1,4,5,1x1,0:0 1:0,0:0 1:0 1:1,2,3,0
arc-gen,82,2,4,8,1x1,0:0 1:0 1:1,0:0 1:0 1:1,3,3,1
arc-gen,83,1,6,9,2x2,0:0 1:0,0:0 1:0 2:0,2,3,0
arc-gen,83,2,6,8,3x3,0:0 1:0,0:0 1:0 2:0,2,3,0
arc-gen,83,3,6,2,1x1,0:0 1:0 2:0,0:0 1:0 2:0,3,3,1
arc-gen,84,1,9,7,3x3,0:0 1:0,0:0 0:1 1:0 1:1,2,4,0
arc-gen,84,2,9,1,1x1,0:0 0:1,0:0 0:1 1:0 1:1,2,4,0
arc-gen,84,3,9,6,1x1,0:0 0:1 1:0 1:1,0:0 0:1 1:0 1:1,4,4,1
arc-gen,85,1,1,6,2x2,0:0 1:0,0:0 0:1 1:0,2,3,0
arc-gen,85,2,1,9,1x1,0:0 0:1 1:0,0:0 0:1 1:0,3,3,1
arc-gen,86,1,8,2,1x1,0:0 1:0,0:0 0:1 0:2 1:0,2,4,0
arc-gen,86,2,8,6,3x3,0:0 0:1,0:0 0:1 0:2 1:0,2,4,0
arc-gen,86,3,8,1,1x1,0:0 0:1 0:2 1:0,0:0 0:1 0:2 1:0,4,4,1
arc-gen,87,1,2,9,1x1,0:0 0:1 1:1,0:0 0:1 1:1,3,3,1
arc-gen,87,2,2,7,1x1,0:0 0:1,0:0 0:1 1:1,2,3,0
arc-gen,88,1,2,6,1x1,0:0 0:1 0:2 1:1,0:0 0:1 0:2 1:1,4,4,1
arc-gen,88,2,2,1,1x1,0:0 0:1,0:0 0:1 0:2 1:1,2,4,0
arc-gen,89,1,1,2,1x1,0:0 1:0 1:1,0:0 1:0 1:1,3,3,1
arc-gen,89,2,1,4,1x1,0:0 1:0,0:0 1:0 1:1,2,3,0
arc-gen,90,1,7,2,1x1,0:0 0:1 0:2,0:0 0:1 0:2,3,3,1
arc-gen,90,2,7,4,1x1,0:0 0:1,0:0 0:1 0:2,2,3,0
arc-gen,90,3,7,6,1x1,0:0 0:1,0:0 0:1 0:2,2,3,0
arc-gen,91,1,9,5,1x1,0:0 1:0,0:0 0:1 1:0,2,3,0
arc-gen,91,2,9,3,1x1,0:0 0:1 1:0,0:0 0:1 1:0,3,3,1
arc-gen,91,3,9,7,1x1,0:0 1:0,0:0 0:1 1:0,2,3,0
arc-gen,91,4,9,2,1x1,0:0 0:1,0:0 0:1 1:0,2,3,0
arc-gen,92,1,2,3,1x1,0:0 0:1 0:2 1:0 1:1,0:0 0:1 0:2 1:0 1:1,5,5,1
arc-gen,92,2,2,9,3x3,0:0 0:1,0:0 0:1 0:2 1:0 1:1,2,5,0
arc-gen,93,1,3,4,1x1,0:0 0:1,0:0 0:1 1:1 1:2 2:1,2,5,0
arc-gen,93,2,3,8,4x4,0:0 0:1,0:0 0:1 1:1 1:2 2:1,2,5,0
arc-gen,93,3,3,2,1x1,0:0 0:1 1:1 1:2 2:1,0:0 0:1 1:1 1:2 2:1,5,5,1
arc-gen,94,1,1,2,4x4,0:0 1:0,0:0 0:1 1:0 1:1,2,4,0
arc-gen,94,2,1,4,1x1,0:0 0:1 1:0 1:1,0:0 0:1 1:0 1:1,4,4,1
arc-gen,95,1,9,1,2x2,0:0 0:1,0:0 0:1 1:0 2:0,2,4,0
arc-gen,95,2,9,2,1x1,0:0 0:1 1:0 2:0,0:0 0:1 1:0 2:0,4,4,1
arc-gen,95,3,9,4,1x1,0:0 1:0,0:0 0:1 1:0 2:0,2,4,0
arc-gen,95,4,9,5,3x3,0:0 0:1,0:0 0:1 1:0 2:0,2,4,0
arc-gen,96,1,8,7,1x1,0:0 1:0,0:0 1:0 1:1,2,3,0
arc-gen,96,2,8,5,1x1,0:0 1:0 1:1,0:0 1:0 1:1,3,3,1
arc-gen,97,1,5,9,1x1,0:0 1:0,0:0 0:1 0:2 1:0 2:0,2,5,0
arc-gen,97,2,5,7,1x1,0:0 0:1 0:2 1:0 2:0,0:0 0:1 0:2 1:0 2:0,5,5,1
arc-gen,97,3,5,2,1x1,0:0 1:0,0:0 0:1 0:2 1:0 2:0,2,5,0
arc-gen,98,1,5,7,1x1,0:0 0:1 1:0 1:1,0:0 0:1 1:0 1:1,4,4,1
arc-gen,98,2,5,9,1x1,0:0 0:1,0:0 0:1 1:0 1:1,2,4,0
arc-gen,98,3,5,1,2x2,0:0 1:0,0:0 0:1 1:0 1:1,2,4,0
arc-gen,98,4,5,3,2x2,0:0 1:0,0:0 0:1 1:0 1:1,2,4,0
arc-gen,99,1,3,1,1x1,0:0 0:1 0:2 1:2,0:0 0:1 0:2 1:2,4,4,1
arc-gen,99,2,3,5,1x1,0:0 0:1,0:0 0:1 0:2 1:2,2,4,0
arc-gen,100,1,1,7,1x1,0:0 1:0,0:0 1:0 1:1 2:0 2:1,2,5,0
arc-gen,100,2,1,8,2x2,0:0 1:0,0:0 1:0 1:1 2:0 2:1,2,5,0
arc-gen,100,3,1,5,1x1,0:0 1:0 1:1 2:0 2:1,0:0 1:0 1:1 2:0 2:1,5,5,1
arc-gen,101,1,3,6,1x1,0:0 1:0 2:0,0:0 1:0 2:0,3,3,1
arc-gen,101,2,3,9,2x2,0:0 1:0,0:0 1:0 2:0,2,3,0
arc-gen,102,1,5,8,1x1,0:0 0:1 1:0 1:1,0:0 0:1 1:0 1:1,4,4,1
arc-gen,102,2,5,6,1x1,0:0 1:0,0:0 0:1 1:0 1:1,2,4,0
arc-gen,103,1,3,5,1x1,0:0 0:1,0:0 0:1 1:1,2,3,0
arc-gen,103,2,3,7,1x1,0:0 0:1 1:1,0:0 0:1 1:1,3,3,1
arc-gen,104,1,3,2,1x1,0:0 0:1 0:2 1:2,0:0 0:1 0:2 1:2,4,4,1
arc-gen,104,2,3,9,1x1,0:0 0:1,0:0 0:1 0:2 1:2,2,4,0
arc-gen,105,1,7,9,3x3,0:0 1:0,0:0 0:1 1:0,2,3,0
arc-gen,105,2,7,1,1x1,0:0 0:1 1:0,0:0 0:1 1:0,3,3,1
arc-gen,106,1,4,1,1x1,0:0 0:1,0:0 0:1 1:0 1:1,2,4,0
arc-gen,106,2,4,2,2x2,0:0 0:1,0:0 0:1 1:0 1:1,2,4,0
arc-gen,106,3,4,9,1x1,0:0 0:1 1:0 1:1,0:0 0:1 1:0 1:1,4,4,1
arc-gen,106,4,4,6,1x1,0:0 1:0,0:0 0:1 1:0 1:1,2,4,0
arc-gen,107,1,2,9,2x2,0:0 0:1,0:0 0:1 1:0 1:1,2,4,0
arc-gen,107,2,2,3,2x2,0:0 1:0,0:0 0:1 1:0 1:1,2,4,0
arc-gen,107,3,2,1,1x1,0:0 0:1 1:0 1:1,0:0 0:1 1:0 1:1,4,4,1
arc-gen,108,1,7,2,1x1,0:0 0:1,0:0 0:1 1:0 2:0,2,4,0
arc-gen,108,2,7,5,1x1,0:0 0:1 1:0 2:0,0:0 0:1 1:0 2:0,4,4,1
arc-gen,109,1,9,6,1x1,0:0 1:0 1:1 2:0 2:1,0:0 1:0 1:1 2:0 2:1,5,5,1
arc-gen,109,2,9,3,2x2,0:0 1:0,0:0 1:0 1:1 2:0 2:1,2,5,0
arc-gen,109,3,9,2,2x2,0:0 1:0,0:0 1:0 1:1 2:0 2:1,2,5,0
arc-gen,110,1,9,6,2x2,0:0 1:0,0:0 1:0 2:0,2,3,0
arc-gen,110,2,9,2,1x1,0:0 1:0 2:0,0:0 1:0 2:0,3,3,1
arc-gen,110,3,9,1,1x1,0:0 1:0,0:0 1:0 2:0,2,3,0
arc-gen,110,4,9,5,2x2,0:0 1:0,0:0 1:0 2:0,2,3,0
arc-gen,111,1,8,9,1x1,0:0 0:1 0:2 1:1,0:0 0:1 0:2 1:1,4,4,1
arc-gen,111,2,8,6,2x2,0:0 0:1,0:0 0:1 0:2 1:1,2,4,0
arc-gen,112,1,5,2,3x3,0:0 1:0,0:0 1:0 2:0,2,3,0
arc-gen,112,2,5,6,1x1,0:0 1:0 2:0,0:0 1:0 2:0,3,3,1
arc-gen,112,3,5,9,1x1,0:0 1:0,0:0 1:0 2:0,2,3,0
arc-gen,112,4,5,8,2x2,0:0 1:0,0:0 1:0 2:0,2,3,0
arc-gen,113,1,2,9,2x2,0:0 1:0,0:0 1:0 2:0 2:1,2,4,0
arc-gen,113,2,2,6,2x2,0:0 1:0,0:0 1:0 2:0 2:1,2,4,0
arc-gen,113,3,2,5,2x2,0:0 1:0,0:0 1:0 2:0 2:1,2,4,0
arc-gen,113,4,2,1,1x1,0:0 1:0 2:0 2:1,0:0 1:0 2:0 2:1,4,4,1
arc-gen,114,1,9,1,3x3,0:0 0:1,0:0 0:1 0:2,2,3,0
arc-gen,114,2,9,5,1x1,0:0 0:1,0:0 0:1 0:2,2,3,0
arc-gen,114,3,9,6,1x1,0:0 0:1,0:0 0:1 0:2,2,3,0
arc-gen,114,4,9,2,1x1,0:0 0:1 0:2,0:0 0:1 0:2,3,3,1
arc-gen,115,1,7,1,4x4,0:0 0:1,0:0 0:1 1:0 2:0,2,4,0
arc-gen,115,2,7,2,1x1,0:0 0:1 1:0 2:0,0:0 0:1 1:0 2:0,4,4,1
arc-gen,115,3,7,8,1x1,0:0 1:0,0:0 0:1 1:0 2:0,2,4,0
arc-gen,115,4,7,3,2x2,0:0 0:1,0:0 0:1 1:0 2:0,2,4,0
arc-gen,116,1,9,7,1x1,0:0 1:0,0:0 0:1 1:0 2:0,2,4,0
arc-gen,116,2,9,1,1x1,0:0 0:1 1:0 2:0,0:0 0:1 1:0 2:0,4,4,1
arc-gen,116,3,9,2,1x1,0:0 1:0,0:0 0:1 1:0 2:0,2,4,0
arc-gen,117,1,2,9,1x1,0:0 1:0,0:0 1:0 2:0 2:1,2,4,0
arc-gen,117,2,2,5,1x1,0:0 1:0 2:0 2:1,0:0 1:0 2:0 2:1,4,4,1
arc-gen,117,3,2,7,2x2,0:0 1:0,0:0 1:0 2:0 2:1,2,4,0
arc-gen,117,4,2,3,1x1,0:0 1:0,0:0 1:0 2:0 2:1,2,4,0
arc-gen,118,1,9,6,1x1,0:0 1:0,0:0 0:1 0:2 1:0 1:2,2,5,0
arc-gen,118,2,9,5,2x2,0:0 1:0,0:0 0:1 0:2 1:0 1:2,2,5,0
arc-gen,118,3,9,7,1x1,0:0 0:1 0:2 1:0 1:2,0:0 0:1 0:2 1:0 1:2,5,5,1
arc-gen,118,4,9,4,2x2,0:0 0:1,0:0 0:1 0:2 1:0 1:2,2,5,0
arc-gen,119,1,3,8,2x2,0:0 1:0,0:0 0:1 1:0 1:1,2,4,0
arc-gen,119,2,3,5,2x2,0:0 0:1,0:0 0:1 1:0 1:1,2,4,0
arc-gen,119,3,3,9,1x1,0:0 0:1 1:0 1:1,0:0 0:1 1:0 1:1,4,4,1
arc-gen,120,1,8,7,1x1,0:0 0:1,0:0 0:1 0:2,2,3,0
arc-gen,120,2,8,6,2x2,0:0 0:1,0:0 0:1 0:2,2,3,0
arc-gen,120,3,8,9,1x1,0:0 0:1 0:2,0:0 0:1 0:2,3,3,1
arc-gen,121,1,7,2,1x1,0:0 0:1,0:0 0:1 0:2 1:0 2:0,2,5,0
arc-gen,121,2,7,6,1x1,0:0 0:1 0:2 1:0 2:0,0:0 0:1 0:2 1:0 2:0,5,5,1
arc-gen,122,1,1,5,1x1,0:0 0:1 1:0 1:1,0:0 0:1 1:0 1:1,4,4,1
arc-gen,122,2,1,6,4x4,0:0 1:0,0:0 0:1 1:0 1:1,2,4,0
arc-gen,123,1,4,9,2x2,0:0 1:0,0:0 1:0 1:1 2:0,2,4,0
arc-gen,123,2,4,1,1x1,0:0 1:0 1:1 2:0,0:0 1:0 1:1 2:0,4,4,1
arc-gen,123,3,4,8,1x1,0:0 1:0,0:0 1:0 1:1 2:0,2,4,0
arc-gen,124,1,1,9,2x2,0:0 0:1,0:0 0:1 0:2 1:0 2:0,2,5,0
arc-gen,124,2,1,8,1x1,0:0 0:1,0:0 0:1 0:2 1:0 2:0,2,5,0
arc-gen,124,3,1,7,1x1,0:0 0:1 0:2 1:0 2:0,0:0 0:1 0:2 1:0 2:0,5,5,1
arc-gen,124,4,1,3,1x1,0:0 1:0,0:0 0:1 0:2 1:0 2:0,2,5,0
arc-gen,125,1,4,3,3x3,0:0 1:0,0:0 0:1 1:0,2,3,0
arc-gen,125,2,4,2,1x1,0:0 0:1,0:0 0:1 1:0,2,3,0
arc-gen,125,3,4,5,1x1,0:0 0:1 1:0,0:0 0:1 1:0,3,3,1
arc-gen,126,1,1,6,1x1,0:0 1:0,0:0 0:1 1:0,2,3,0
arc-gen,126,2,1,3,2x2,0:0 1:0,0:0 0:1 1:0,2,3,0
arc-gen,126,3,1,7,2x2,0:0 1:0,0:0 0:1 1:0,2,3,0
arc-gen,126,4,1,9,1x1,0:0 0:1 1:0,0:0 0:1 1:0,3,3,1
arc-gen,127,1,3,5,3x3,0:0 0:1,0:0 0:1 0:2 1:1 2:1,2,5,0
arc-gen,127,2,3,6,1x1,0:0 0:1 0:2 1:1 2:1,0:0 0:1 0:2 1:1 2:1,5,5,1
arc-gen,127,3,3,2,2x2,0:0 0:1,0:0 0:1 0:2 1:1 2:1,2,5,0
arc-gen,128,1,2,1,1x1,0:0 0:1 1:0 1:1,0:0 0:1 1:0 1:1,4,4,1
arc-gen,128,2,2,6,1x1,0:0 1:0,0:0 0:1 1:0 1:1,2,4,0
arc-gen,129,1,9,6,1x1,0:0 0:1 0:2,0:0 0:1 0:2,3,3,1
arc-gen,129,2,9,3,1x1,0:0 0:1,0:0 0:1 0:2,2,3,0
arc-gen,129,3,9,7,2x2,0:0 0:1,0:0 0:1 0:2,2,3,0
arc-gen,129,4,9,2,1x1,0:0 0:1,0:0 0:1 0:2,2,3,0
arc-gen,130,1,8,4,2x2,0:0 0:1,0:0 0:1 1:0,2,3,0
arc-gen,130,2,8,9,1x1,0:0 0:1 1:0,0:0 0:1 1:0,3,3,1
arc-gen,131,1,6,2,1x1,0:0 0:1 1:0 2:0,0:0 0:1 1:0 2:0,4,4,1
arc-gen,131,2,6,9,1x1,0:0 1:0,0:0 0:1 1:0 2:0,2,4,0
arc-gen,131,3,6,3,2x2,0:0 1:0,0:0 0:1 1:0 2:0,2,4,0
arc-gen,131,4,6,1,1x1,0:0 0:1,0:0 0:1 1:0 2:0,2,4,0
arc-gen,132,1,6,5,4x4,0:0 0:1,0:0 0:1 1:0 2:0 2:1,2,5,0
arc-gen,132,2,6,2,1x1,0:0 0:1 1:0 2:0 2:1,0:0 0:1 1:0 2:0 2:1,5,5,1
arc-gen,132,3,6,8,1x1,0:0 0:1,0:0 0:1 1:0 2:0 2:1,2,5,0
arc-gen,132,4,6,1,2x2,0:0 1:0,0:0 0:1 1:0 2:0 2:1,2,5,0
arc-gen,133,1,2,7,1x1,0:0 1:0 1:1,0:0 1:0 1:1,3,3,1
arc-gen,133,2,2,3,1x1,0:0 1:0,0:0 1:0 1:1,2,3,0
arc-gen,133,3,2,6,2x2,0:0 1:0,0:0 1:0 1:1,2,3,0
arc-gen,133,4,2,1,1x1,0:0 1:0,0:0 1:0 1:1,2,3,0
arc-gen,134,1,6,1,2x2,0:0 0:1,0:0 0:1 0:2,2,3,0
arc-gen,134,2,6,3,1x1,0:0 0:1,0:0 0:1 0:2,2,3,0
arc-gen,134,3,6,9,1x1,0:0 0:1 0:2,0:0 0:1 0:2,3,3,1
arc-gen,135,1,4,3,4x4,0:0 1:0,0:0 1:0 2:0,2,3,0
arc-gen,135,2,4,9,1x1,0:0 1:0,0:0 1:0 2:0,2,3,0
arc-gen,135,3,4,1,1x1,0:0 1:0 2:0,0:0 1:0 2:0,3,3,1
arc-gen,136,1,6,8,2x2,0:0 1:0,0:0 0:1 1:0 1:1,2,4,0
arc-gen,136,2,6,9,1x1,0:0 1:0,0:0 0:1 1:0 1:1,2,4,0
arc-gen,136,3,6,7,1x1,0:0 1:0,0:0 0:1 1:0 1:1,2,4,0
arc-gen,136,4,6,4,1x1,0:0 0:1 1:0 1:1,0:0 0:1 1:0 1:1,4,4,1
arc-gen,137,1,1,3,2x2,0:0 1:0,0:0 0:1 1:0 1:1,2,4,0
arc-gen,137,2,1,5,1x1,0:0 0:1 1:0 1:1,0:0 0:1 1:0 1:1,4,4,1
arc-gen,137,3,1,6,2x2,0:0 1:0,0:0 0:1 1:0 1:1,2,4,0
arc-gen,137,4,1,9,1x1,0:0 0:1,0:0 0:1 1:0 1:1,2,4,0
arc-gen,138,1,4,5,2x2,0:0 1:0,0:0 0:1 1:0,2,3,0
arc-gen,138,2,4,7,1x1,0:0 1:0,0:0 0:1 1:0,2,3,0
arc-gen,138,3,4,1,1x1,0:0 0:1 1:0,0:0 0:1 1:0,3,3,1
arc-gen,138,4,4,6,1x1,0:0 1:0,0:0 0:1 1:0,2,3,0
arc-gen,139,1,3,6,1x1,0:0 0:1 1:0 1:1,0:0 0:1 1:0 1:1,4,4,1
arc-gen,139,2,3,9,1x1,0:0 1:0,0:0 0:1 1:0 1:1,2,4,0
arc-gen,139,3,3,1,2x2,0:0 0:1,0:0 0:1 1:0 1:1,2,4,0
arc-gen,140,1,8,3,1x1,0:0 1:0 1:1 1:2 2:0,0:0 1:0 1:1 1:2 2:0,5,5,1
arc-gen,140,2,8,9,3x3,0:0 1:0,0:0 1:0 1:1 1:2 2:0,2,5,0
arc-gen,140,3,8,7,2x2,0:0 1:0,0:0 1:0 1:1 1:2 2:0,2,5,0
arc-gen,141,1,3,4,3x3,0:0 0:1,0:0 0:1 1:1,2,3,0
arc-gen,141,2,3,1,1x1,0:0 0:1 1:1,0:0 0:1 1:1,3,3,1
arc-gen,142,1,1,5,2x2,0:0 1:0,0:0 1:0 1:1,2,3,0
arc-gen,142,2,1,6,1x1,0:0 1:0 1:1,0:0 1:0 1:1,3,3,1
arc-gen,142,3,1,2,1x1,0:0 1:0,0:0 1:0 1:1,2,3,0
arc-gen,142,4,1,9,2x2,0:0 1:0,0:0 1:0 1:1,2,3,0
arc-gen,143,1,3,9,1x1,0:0 0:1 1:0 2:0,0:0 0:1 1:0 2:0,4,4,1
arc-gen,143,2,3,6,1x1,0:0 1:0,0:0 0:1 1:0 2:0,2,4,0
arc-gen,144,1,9,1,1x1,0:0 0:1,0:0 0:1 1:1,2,3,0
arc-gen,144,2,9,6,1x1,0:0 0:1 1:1,0:0 0:1 1:1,3,3,1
arc-gen,144,3,9,5,1x1,0:0 0:1,0:0 0:1 1:1,2,3,0
arc-gen,145,1,1,5,1x1,0:0 1:0 1:1 1:2 2:0,0:0 1:0 1:1 1:2 2:0,5,5,1
arc-gen,145,2,1,6,3x3,0:0 1:0,0:0 1:0 1:1 1:2 2:0,2,5,0
arc-gen,145,3,1,8,1x1,0:0 1:0,0:0 1:0 1:1 1:2 2:0,2,5,0
arc-gen,146,1,3,8,3x3,0:0 1:0,0:0 1:0 1:1 1:2 2:0,2,5,0
arc-gen,146,2,3,1,1x1,0:0 1:0 1:1 1:2 2:0,0:0 1:0 1:1 1:2 2:0,5,5,1
arc-gen,147,1,6,5,1x1,0:0 0:1,0:0 0:1 1:0,2,3,0
arc-gen,147,2,6,1,3x3,0:0 0:1,0:0 0:1 1:0,2,3,0
arc-gen,147,3,6,2,1x1,0:0 0:1 1:0,0:0 0:1 1:0,3,3,1
arc-gen,147,4,6,4,2x2,0:0 1:0,0:0 0:1 1:0,2,3,0
arc-gen,148,1,1,4,2x2,0:0 0:1,0:0 0:1 1:1,2,3,0
arc-gen,148,2,1,5,1x1,0:0 0:1,0:0 0:1 1:1,2,3,0
arc-gen,148,3,1,7,1x1,0:0 0:1 1:1,0:0 0:1 1:1,3,3,1
arc-gen,148,4,1,2,1x1,0:0 0:1,0:0 0:1 1:1,2,3,0
arc-gen,149,1,4,1,1x1,0:0 1:0 2:0,0:0 1:0 2:0,3,3,1
arc-gen,149,2,4,6,1x1,0:0 1:0,0:0 1:0 2:0,2,3,0
arc-gen,150,1,9,8,1x1,0:0 1:0,0:0 1:0 2:0 2:1,2,4,0
arc-gen,150,2,9,5,1x1,0:0 1:0 2:0 2:1,0:0 1:0 2:0 2:1,4,4,1
arc-gen,150,3,9,6,2x2,0:0 1:0,0:0 1:0 2:0 2:1,2,4,0
arc-gen,151,1,7,6,2x2,0:0 1:0,0:0 1:0 1:1,2,3,0
arc-gen,151,2,7,2,1x1,0:0 1:0 1:1,0:0 1:0 1:1,3,3,1
arc-gen,152,1,3,1,2x2,0:0 0:1,0:0 0:1 0:2,2,3,0
arc-gen,152,2,3,9,1x1,0:0 0:1 0:2,0:0 0:1 0:2,3,3,1
arc-gen,152,3,3,4,2x2,0:0 0:1,0:0 0:1 0:2,2,3,0
arc-gen,152,4,3,8,1x1,0:0 0:1,0:0 0:1 0:2,2,3,0
arc-gen,153,1,2,7,1x1,0:0 1:0 2:0 2:1,0:0 1:0 2:0 2:1,4,4,1
arc-gen,153,2,2,5,3x3,0:0 1:0,0:0 1:0 2:0 2:1,2,4,0
arc-gen,153,3,2,4,1x1,0:0 1:0,0:0 1:0 2:0 2:1,2,4,0
arc-gen,153,4,2,8,1x1,0:0 1:0,0:0 1:0 2:0 2:1,2,4,0
arc-gen,154,1,8,7,1x1,0:0 0:1 1:0,0:0 0:1 1:0,3,3,1
arc-gen,154,2,8,9,1x1,0:0 1:0,0:0 0:1 1:0,2,3,0
arc-gen,154,3,8,6,1x1,0:0 0:1,0:0 0:1 1:0,2,3,0
arc-gen,155,1,9,5,4x4,0:0 1:0,0:0 1:0 1:1,2,3,0
arc-gen,155,2,9,2,1x1,0:0 1:0 1:1,0:0 1:0 1:1,3,3,1
arc-gen,156,1,5,1,1x1,0:0 0:1,0:0 0:1 0:2 1:1,2,4,0
arc-gen,156,2,5,8,1x1,0:0 0:1 0:2 1:1,0:0 0:1 0:2 1:1,4,4,1
arc-gen,157,1,4,3,1x1,0:0 1:0 2:0,0:0 1:0 2:0,3,3,1
arc-gen,157,2,4,6,1x1,0:0 1:0,0:0 1:0 2:0,2,3,0
arc-gen,157,3,4,8,2x2,0:0 1:0,0:0 1:0 2:0,2,3,0
arc-gen,158,1,3,4,2x2,0:0 1:0,0:0 0:1 0:2 1:0 1:1,2,5,0
arc-gen,158,2,3,9,1x1,0:0 0:1 0:2 1:0 1:1,0:0 0:1 0:2 1:0 1:1,5,5,1
arc-gen,158,3,3,7,2x2,0:0 1:0,0:0 0:1 0:2 1:0 1:1,2,5,0
arc-gen,158,4,3,5,2x2,0:0 1:0,0:0 0:1 0:2 1:0 1:1,2,5,0
arc-gen,159,1,6,4,1x1,0:0 0:1,0:0 0:1 1:1,2,3,0
arc-gen,159,2,6,5,1x1,0:0 0:1 1:1,0:0 0:1 1:1,3,3,1
arc-gen,160,1,5,9,2x2,0:0 0:1,0:0 0:1 1:1,2,3,0
arc-gen,160,2,5,7,1x1,0:0 0:1 1:1,0:0 0:1 1:1,3,3,1
arc-gen,160,3,5,6,3x3,0:0 0:1,0:0 0:1 1:1,2,3,0
arc-gen,161,1,8,9,3x3,0:0 1:0,0:0 1:0 1:1 2:0,2,4,0
arc-gen,161,2,8,4,1x1,0:0 1:0 1:1 2:0,0:0 1:0 1:1 2:0,4,4,1
arc-gen,162,1,1,9,1x1,0:0 0:1 1:0 1:1,0:0 0:1 1:0 1:1,4,4,1
arc-gen,162,2,1,7,1x1,0:0 0:1,0:0 0:1 1:0 1:1,2,4,0
arc-gen,163,1,4,9,1x1,0:0 1:0 1:1 2:0 2:1,0:0 1:0 1:1 2:0 2:1,5,5,1
arc-gen,163,2,4,5,1x1,0:0 1:0,0:0 1:0 1:1 2:0 2:1,2,5,0
arc-gen,163,3,4,8,1x1,0:0 1:0,0:0 1:0 1:1 2:0 2:1,2,5,0
arc-gen,164,1,5,9,1x1,0:0 0:1,0:0 0:1 0:2 1:0 2:0,2,5,0
arc-gen,164,2,5,1,1x1,0:0 0:1 0:2 1:0 2:0,0:0 0:1 0:2 1:0 2:0,5,5,1
arc-gen,165,1,7,2,1x1,0:0 0:1 1:0,0:0 0:1 1:0,3,3,1
arc-gen,165,2,7,1,1x1,0:0 1:0,0:0 0:1 1:0,2,3,0
arc-gen,165,3,7,4,1x1,0:0 0:1,0:0 0:1 1:0,2,3,0
arc-gen,165,4,7,5,1x1,0:0 1:0,0:0 0:1 1:0,2,3,0
arc-gen,166,1,7,5,1x1,0:0 0:1 1:1 2:1,0:0 0:1 1:1 2:1,4,4,1
arc-gen,166,2,7,4,3x3,0:0 0:1,0:0 0:1 1:1 2:1,2,4,0
arc-gen,167,1,7,2,2x2,0:0 1:0,0:0 0:1 1:0 2:0 2:1,2,5,0
arc-gen,167,2,7,5,1x1,0:0 1:0,0:0 0:1 1:0 2:0 2:1,2,5,0
arc-gen,167,3,7,6,1x1,0:0 0:1 1:0 2:0 2:1,0:0 0:1 1:0 2:0 2:1,5,5,1
arc-gen,168,1,9,3,1x1,0:0 0:1 0:2 1:2,0:0 0:1 0:2 1:2,4,4,1
arc-gen,168,2,9,6,2x2,0:0 0:1,0:0 0:1 0:2 1:2,2,4,0
arc-gen,168,3,9,8,1x1,0:0 0:1,0:0 0:1 0:2 1:2,2,4,0
arc-gen,168,4,9,4,1x1,0:0 0:1,0:0 0:1 0:2 1:2,2,4,0
arc-gen,169,1,8,6,1x1,0:0 1:0 2:0,0:0 1:0 2:0,3,3,1
arc-gen,169,2,8,3,1x1,0:0 1:0,0:0 1:0 2:0,2,3,0
arc-gen,169,3,8,5,1x1,0:0 1:0,0:0 1:0 2:0,2,3,0
arc-gen,170,1,1,3,2x2,0:0 0:1,0:0 0:1 1:0 2:0 2:1,2,5,0
arc-gen,170,2,1,5,3x3,0:0 0:1,0:0 0:1 1:0 2:0 2:1,2,5,0
arc-gen,170,3,1,8,1x1,0:0 0:1 1:0 2:0 2:1,0:0 0:1 1:0 2:0 2:1,5,5,1
arc-gen,170,4,1,4,1x1,0:0 0:1,0:0 0:1 1:0 2:0 2:1,2,5,0
arc-gen,171,1,6,5,2x2,0:0 1:0,0:0 1:0 1:1 2:0 2:1,2,5,0
arc-gen,171,2,6,1,1x1,0:0 1:0 1:1 2:0 2:1,0:0 1:0 1:1 2:0 2:1,5,5,1
arc-gen,172,1,5,3,2x2,0:0 1:0,0:0 0:1 1:0 1:1 2:0,2,5,0
arc-gen,172,2,5,7,1x1,0:0 0:1 1:0 1:1 2:0,0:0 0:1 1:0 1:1 2:0,5,5,1
arc-gen,172,3,5,4,3x3,0:0 0:1,0:0 0:1 1:0 1:1 2:0,2,5,0
arc-gen,172,4,5,1,1x1,0:0 0:1,0:0 0:1 1:0 1:1 2:0,2,5,0
arc-gen,173,1,9,8,2x2,0:0 1:0,0:0 0:1 0:2 1:0,2,4,0
arc-gen,173,2,9,2,1x1,0:0 1:0,0:0 0:1 0:2 1:0,2,4,0
arc-gen,173,3,9,7,2x2,0:0 0:1,0:0 0:1 0:2 1:0,2,4,0
arc-gen,173,4,9,4,1x1,0:0 0:1 0:2 1:0,0:0 0:1 0:2 1:0,4,4,1
arc-gen,174,1,9,3,2x2,0:0 0:1,0:0 0:1 1:1 1:2,2,4,0
arc-gen,174,2,9,7,1x1,0:0 0:1,0:0 0:1 1:1 1:2,2,4,0
arc-gen,174,3,9,6,2x2,0:0 0:1,0:0 0:1 1:1 1:2,2,4,0
arc-gen,174,4,9,5,1x1,0:0 0:1 1:1 1:2,0:0 0:1 1:1 1:2,4,4,1
arc-gen,175,1,8,4,1x1,0:0 1:0,0:0 0:1 1:0,2,3,0
arc-gen,175,2,8,6,1x1,0:0 0:1 1:0,0:0 0:1 1:0,3,3,1
arc-gen,175,3,8,2,1x1,0:0 0:1,0:0 0:1 1:0,2,3,0
arc-gen,176,1,9,5,2x2,0:0 0:1,0:0 0:1 0:2 1:1 1:2,2,5,0
arc-gen,176,2,9,4,1x1,0:0 0:1 0:2 1:1 1:2,0:0 0:1 0:2 1:1 1:2,5,5,1
arc-gen,177,1,7,6,3x3,0:0 0:1,0:0 0:1 0:2 1:1 2:1,2,5,0
arc-gen,177,2,7,4,1x1,0:0 0:1 0:2 1:1 2:1,0:0 0:1 0:2 1:1 2:1,5,5,1
arc-gen,178,1,4,8,1x1,0:0 0:1 0:2 1:0,0:0 0:1 0:2 1:0,4,4,1
arc-gen,178,2,4,6,2x2,0:0 0:1,0:0 0:1 0:2 1:0,2,4,0
arc-gen,178,3,4,7,1x1,0:0 1:0,0:0 0:1 0:2 1:0,2,4,0
arc-gen,178,4,4,2,1x1,0:0 0:1,0:0 0:1 0:2 1:0,2,4,0
arc-gen,179,1,3,2,1x1,0:0 0:1 1:0,0:0 0:1 1:0,3,3,1
arc-gen,179,2,3,9,2x2,0:0 0:1,0:0 0:1 1:0,2,3,0
arc-gen,180,1,8,9,1x1,0:0 1:0,0:0 1:0 1:1 2:0,2,4,0
arc-gen,180,2,8,2,4x4,0:0 1:0,0:0 1:0 1:1 2:0,2,4,0
arc-gen,180,3,8,6,1x1,0:0 1:0 1:1 2:0,0:0 1:0 1:1 2:0,4,4,1
arc-gen,180,4,8,3,1x1,0:0 1:0,0:0 1:0 1:1 2:0,2,4,0
arc-gen,181,1,7,5,1x1,0:0 0:1,0:0 0:1 0:2,2,3,0
arc-gen,181,2,7,3,1x1,0:0 0:1,0:0 0:1 0:2,2,3,0
arc-gen,181,3,7,9,1x1,0:0 0:1 0:2,0:0 0:1 0:2,3,3,1
arc-gen,182,1,1,4,2x2,0:0 0:1,0:0 0:1 0:2 1:0,2,4,0
arc-gen,182,2,1,2,2x2,0:0 0:1,0:0 0:1 0:2 1:0,2,4,0
arc-gen,182,3,1,9,1x1,0:0 0:1 0:2 1:0,0:0 0:1 0:2 1:0,4,4,1
arc-gen,182,4,1,5,3x3,0:0 0:1,0:0 0:1 0:2 1:0,2,4,0
arc-gen,183,1,8,2,1x1,0:0 0:1 0:2 1:0,0:0 0:1 0:2 1:0,4,4,1
arc-gen,183,2,8,6,1x1,0:0 0:1,0:0 0:1 0:2 1:0,2,4,0
arc-gen,184,1,6,3,1x1,0:0 0:1 0:2 1:0,0:0 0:1 0:2 1:0,4,4,1
arc-gen,184,2,6,5,2x2,0:0 0:1,0:0 0:1 0:2 1:0,2,4,0
arc-gen,185,1,3,7,1x1,0:0 0:1 1:0,0:0 0:1 1:0,3,3,1
arc-gen,185,2,3,1,3x3,0:0 1:0,0:0 0:1 1:0,2,3,0
arc-gen,185,3,3,6,3x3,0:0 1:0,0:0 0:1 1:0,2,3,0
arc-gen,185,4,3,5,1x1,0:0 1:0,0:0 0:1 1:0,2,3,0
arc-gen,186,1,6,3,3x3,0:0 1:0,0:0 0:1 0:2 1:0,2,4,0
arc-gen,186,2,6,1,1x1,0:0 1:0,0:0 0:1 0:2 1:0,2,4,0
arc-gen,186,3,6,7,2x2,0:0 1:0,0:0 0:1 0:2 1:0,2,4,0
arc-gen,186,4,6,4,1x1,0:0 0:1 0:2 1:0,0:0 0:1 0:2 1:0,4,4,1
arc-gen,187,1,2,1,2x2,0:0 1:0,0:0 1:0 1:1 1:2 2:1,2,5,0
arc-gen,187,2,2,4,1x1,0:0 1:0 1:1 1:2 2:1,0:0 1:0 1:1 1:2 2:1,5,5,1
arc-gen,187,3,2,9,1x1,0:0 1:0,0:0 1:0 1:1 1:2 2:1,2,5,0
arc-gen,187,4,2,7,1x1,0:0 1:0,0:0 1:0 1:1 1:2 2:1,2,5,0
arc-gen,188,1,9,2,2x2,0:0 0:1,0:0 0:1 1:0 2:0 2:1,2,5,0
arc-gen,188,2,9,5,1x1,0:0 0:1 1:0 2:0 2:1,0:0 0:1 1:0 2:0 2:1,5,5,1
arc-gen,188,3,9,3,2x2,0:0 0:1,0:0 0:1 1:0 2:0 2:1,2,5,0
arc-gen,189,1,5,6,1x1,0:0 1:0,0:0 1:0 1:1 2:0,2,4,0
arc-gen,189,2,5,3,1x1,0:0 1:0,0:0 1:0 1:1 2:0,2,4,0
arc-gen,189,3,5,9,1x1,0:0 1:0 1:1 2:0,0:0 1:0 1:1 2:0,4,4,1
arc-gen,190,1,7,8,2x2,0:0 0:1,0:0 0:1 0:2 1:0 1:2,2,5,0
arc-gen,190,2,7,4,1x1,0:0 0:1 0:2 1:0 1:2,0:0 0:1 0:2 1:0 1:2,5,5,1
arc-gen,191,1,4,1,1x1,0:0 1:0,0:0 0:1 1:0 1:1 2:1,2,5,0
arc-gen,191,2,4,7,1x1,0:0 1:0,0:0 0:1 1:0 1:1 2:1,2,5,0
arc-gen,191,3,4,2,1x1,0:0 1:0,0:0 0:1 1:0 1:1 2:1,2,5,0
arc-gen,191,4,4,5,1x1,0:0 0:1 1:0 1:1 2:1,0:0 0:1 1:0 1:1 2:1,5,5,1
arc-gen,192,1,4,2,3x3,0:0 1:0,0:0 0:2 1:0 1:1 1:2,2,5,0
arc-gen,192,2,4,8,1x1,0:0 0:2 1:0 1:1 1:2,0:0 0:2 1:0 1:1 1:2,5,5,1
arc-gen,193,1,4,9,1x1,0:0 0:1 1:0,0:0 0:1 1:0,3,3,1
arc-gen,193,2,4,1,3x3,0:0 0:1,0:0 0:1 1:0,2,3,0
arc-gen,194,1,5,8,2x2,0:0 1:0,0:0 1:0 1:1 2:1 2:2,2,5,0
arc-gen,194,2,5,6,1x1,0:0 1:0 1:1 2:1 2:2,0:0 1:0 1:1 2:1 2:2,5,5,1
arc-gen,194,3,5,4,3x3,0:0 1:0,0:0 1:0 1:1 2:1 2:2,2,5,0
arc-gen,194,4,5,3,1x1,0:0 1:0,0:0 1:0 1:1 2:1 2:2,2,5,0
arc-gen,195,1,6,2,2x2,0:0 1:0,0:0 0:1 0:2 1:0 1:1,2,5,0
arc-gen,195,2,6,7,1x1,0:0 1:0,0:0 0:1 0:2 1:0 1:1,2,5,0
arc-gen,195,3,6,3,1x1,0:0 0:1,0:0 0:1 0:2 1:0 1:1,2,5,0
arc-gen,195,4,6,1,1x1,0:0 0:1 0:2 1:0 1:1,0:0 0:1 0:2 1:0 1:1,5,5,1
arc-gen,196,1,8,1,1x1,0:0 1:0,0:0 1:0 1:1 1:2,2,4,0
arc-gen,196,2,8,2,1x1,0:0 1:0 1:1 1:2,0:0 1:0 1:1 1:2,4,4,1
arc-gen,196,3,8,6,2x2,0:0 1:0,0:0 1:0 1:1 1:2,2,4,0
arc-gen,196,4,8,7,1x1,0:0 1:0,0:0 1:0 1:1 1:2,2,4,0
arc-gen,197,1,6,1,1x1,0:0 1:0,0:0 0:1 1:0 1:1,2,4,0
arc-gen,197,2,6,4,1x1,0:0 0:1 1:0 1:1,0:0 0:1 1:0 1:1,4,4,1
arc-gen,198,1,1,8,3x3,0:0 1:0,0:0 0:1 1:0,2,3,0
arc-gen,198,2,1,5,3x3,0:0 1:0,0:0 0:1 1:0,2,3,0
arc-gen,198,3,1,7,1x1,0:0 0:1 1:0,0:0 0:1 1:0,3,3,1
arc-gen,198,4,1,2,1x1,0:0 1:0,0:0 0:1 1:0,2,3,0
arc-gen,199,1,9,8,3x3,0:0 0:1,0:0 0:1 0:2 1:1 1:2,2,5,0
arc-gen,199,2,9,4,1x1,0:0 0:1,0:0 0:1 0:2 1:1 1:2,2,5,0
arc-gen,199,3,9,1,1x1,0:0 0:1 0:2 1:1 1:2,0:0 0:1 0:2 1:1 1:2,5,5,1
arc-gen,199,4,9,2,1x1,0:0 0:1,0:0 0:1 0:2 1:1 1:2,2,5,0
arc-gen,200,1,1,6,1x1,0:0 0:1,0:0 0:1 1:1,2,3,0
arc-gen,200,2,1,8,1x1,0:0 0:1 1:1,0:0 0:1 1:1,3,3,1
arc-gen,201,1,9,2,2x2,0:0 1:0,0:0 0:1 1:0,2,3,0
arc-gen,201,2,9,1,1x1,0:0 0:1 1:0,0:0 0:1 1:0,3,3,1
arc-gen,202,1,7,9,4x4,0:0 0:1,0:0 0:1 1:0 2:0,2,4,0
arc-gen,202,2,7,6,1x1,0:0 0:1 1:0 2:0,0:0 0:1 1:0 2:0,4,4,1
arc-gen,202,3,7,2,1x1,0:0 0:1,0:0 0:1 1:0 2:0,2,4,0
arc-gen,202,4,7,5,2x2,0:0 0:1,0:0 0:1 1:0 2:0,2,4,0
arc-gen,203,1,4,3,1x1,0:0 0:1 1:0 1:1 1:2,0:0 0:1 1:0 1:1 1:2,5,5,1
arc-gen,203,2,4,1,2x2,0:0 1:0,0:0 0:1 1:0 1:1 1:2,2,5,0
arc-gen,203,3,4,8,4x4,0:0 1:0,0:0 0:1 1:0 1:1 1:2,2,5,0
arc-gen,204,1,2,7,1x1,0:0 1:0,0:0 1:0 1:1 2:1,2,4,0
arc-gen,204,2,2,8,1x1,0:0 1:0,0:0 1:0 1:1 2:1,2,4,0
arc-gen,204,3,2,3,1x1,0:0 1:0 1:1 2:1,0:0 1:0 1:1 2:1,4,4,1
arc-gen,205,1,7,8,2x2,0:0 1:0,0:0 0:1 1:0 1:1 1:2,2,5,0
arc-gen,205,2,7,6,1x1,0:0 0:1 1:0 1:1 1:2,0:0 0:1 1:0 1:1 1:2,5,5,1
arc-gen,206,1,1,6,1x1,0:0 0:1 0:2 1:1,0:0 0:1 0:2 1:1,4,4,1
arc-gen,206,2,1,7,2x2,0:0 0:1,0:0 0:1 0:2 1:1,2,4,0
arc-gen,207,1,8,3,1x1,0:0 0:1,0:0 0:1 0:2 1:1 2:1,2,5,0
arc-gen,207,2,8,4,1x1,0:0 0:1 0:2 1:1 2:1,0:0 0:1 0:2 1:1 2:1,5,5,1
arc-gen,207,3,8,5,2x2,0:0 0:1,0:0 0:1 0:2 1:1 2:1,2,5,0
arc-gen,207,4,8,6,3x3,0:0 0:1,0:0 0:1 0:2 1:1 2:1,2,5,0
arc-gen,208,1,8,2,1x1,0:0 0:1 1:1 2:1,0:0 0:1 1:1 2:1,4,4,1
arc-gen,208,2,8,4,1x1,0:0 0:1,0:0 0:1 1:1 2:1,2,4,0
arc-gen,208,3,8,6,1x1,0:0 0:1,0:0 0:1 1:1 2:1,2,4,0
arc-gen,208,4,8,7,2x2,0:0 0:1,0:0 0:1 1:1 2:1,2,4,0
arc-gen,209,1,4,1,1x1,0:0 1:0,0:0 0:1 1:0,2,3,0
arc-gen,209,2,4,9,2x2,0:0 0:1,0:0 0:1 1:0,2,3,0
arc-gen,209,3,4,6,1x1,0:0 0:1 1:0,0:0 0:1 1:0,3,3,1
arc-gen,209,4,4,3,1x1,0:0 0:1,0:0 0:1 1:0,2,3,0
arc-gen,210,1,3,4,1x1,0:0 1:0,0:0 1:0 1:1 2:0,2,4,0
arc-gen,210,2,3,6,1x1,0:0 1:0 1:1 2:0,0:0 1:0 1:1 2:0,4,4,1
arc-gen,210,3,3,7,2x2,0:0 1:0,0:0 1:0 1:1 2:0,2,4,0
arc-gen,211,1,2,7,3x3,0:0 1:0,0:0 0:1 1:0,2,3,0
arc-gen,211,2,2,9,2x2,0:0 1:0,0:0 0:1 1:0,2,3,0
arc-gen,211,3,2,5,2x2,0:0 1:0,0:0 0:1 1:0,2,3,0
arc-gen,211,4,2,8,1x1,0:0 0:1 1:0,0:0 0:1 1:0,3,3,1
arc-gen,212,1,4,8,3x3,0:0 1:0,0:0 1:0 1:1 1:2,2,4,0
arc-gen,212,2,4,2,1x1,0:0 1:0 1:1 1:2,0:0 1:0 1:1 1:2,4,4,1
arc-gen,213,1,5,2,2x2,0:0 1:0,0:0 1:0 2:0 2:1 2:2,2,5,0
arc-gen,213,2,5,7,1x1,0:0 1:0,0:0 1:0 2:0 2:1 2:2,2,5,0
arc-gen,213,3,5,3,3x3,0:0 1:0,0:0 1:0 2:0 2:1 2:2,2,5,0
arc-gen,213,4,5,4,1x1,0:0 1:0 2:0 2:1 2:2,0:0 1:0 2:0 2:1 2:2,5,5,1
arc-gen,214,1,3,7,1x1,0:0 0:1 0:2,0:0 0:1 0:2,3,3,1
arc-gen,214,2,3,1,2x2,0:0 0:1,0:0 0:1 0:2,2,3,0
arc-gen,214,3,3,2,3x3,0:0 0:1,0:0 0:1 0:2,2,3,0
arc-gen,215,1,8,5,4x4,0:0 1:0,0:0 0:1 1:0,2,3,0
arc-gen,215,2,8,6,1x1,0:0 1:0,0:0 0:1 1:0,2,3,0
arc-gen,215,3,8,2,1x1,0:0 0:1 1:0,0:0 0:1 1:0,3,3,1
arc-gen,216,1,2,9,2x2,0:0 1:0,0:0 1:0 1:1 2:1,2,4,0
arc-gen,216,2,2,3,1x1,0:0 1:0,0:0 1:0 1:1 2:1,2,4,0
arc-gen,216,3,2,5,1x1,0:0 1:0,0:0 1:0 1:1 2:1,2,4,0
arc-gen,216,4,2,6,1x1,0:0 1:0 1:1 2:1,0:0 1:0 1:1 2:1,4,4,1
arc-gen,217,1,4,6,3x3,0:0 0:1,0:0 0:1 0:2 1:1,2,4,0
arc-gen,217,2,4,8,1x1,0:0 0:1,0:0 0:1 0:2 1:1,2,4,0
arc-gen,217,3,4,9,1x1,0:0 0:1,0:0 0:1 0:2 1:1,2,4,0
arc-gen,217,4,4,2,1x1,0:0 0:1 0:2 1:1,0:0 0:1 0:2 1:1,4,4,1
arc-gen,218,1,7,2,1x1,0:0 0:1 1:0,0:0 0:1 1:0,3,3,1
arc-gen,218,2,7,5,1x1,0:0 1:0,0:0 0:1 1:0,2,3,0
arc-gen,218,3,7,6,2x2,0:0 1:0,0:0 0:1 1:0,2,3,0
arc-gen,219,1,4,7,1x1,0:0 1:0,0:0 0:1 1:0 1:1,2,4,0
arc-gen,219,2,4,1,1x1,0:0 1:0,0:0 0:1 1:0 1:1,2,4,0
arc-gen,219,3,4,3,4x4,0:0 0:1,0:0 0:1 1:0 1:1,2,4,0
arc-gen,219,4,4,8,1x1,0:0 0:1 1:0 1:1,0:0 0:1 1:0 1:1,4,4,1
arc-gen,220,1,2,3,1x1,0:0 0:1 0:2 1:0 2:0,0:0 0:1 0:2 1:0 2:0,5,5,1
arc-gen,220,2,2,6,1x1,0:0 0:1,0:0 0:1 0:2 1:0 2:0,2,5,0
arc-gen,221,1,9,7,1x1,0:0 0:1 1:0 2:0 2:1,0:0 0:1 1:0 2:0 2:1,5,5,1
arc-gen,221,2,9,5,1x1,0:0 0:1,0:0 0:1 1:0 2:0 2:1,2,5,0
arc-gen,221,3,9,1,1x1,0:0 0:1,0:0 0:1 1:0 2:0 2:1,2,5,0
arc-gen,221,4,9,3,2x2,0:0 1:0,0:0 0:1 1:0 2:0 2:1,2,5,0
arc-gen,222,1,1,6,1x1,0:0 1:0 1:1 2:1,0:0 1:0 1:1 2:1,4,4,1
arc-gen,222,2,1,8,2x2,0:0 1:0,0:0 1:0 1:1 2:1,2,4,0
arc-gen,222,3,1,2,1x1,0:0 1:0,0:0 1:0 1:1 2:1,2,4,0
arc-gen,222,4,1,7,2x2,0:0 1:0,0:0 1:0 1:1 2:1,2,4,0
arc-gen,223,1,1,4,4x4,0:0 0:1,0:0 0:1 0:2 1:1 2:1,2,5,0
arc-gen,223,2,1,6,3x3,0:0 0:1,0:0 0:1 0:2 1:1 2:1,2,5,0
arc-gen,223,3,1,3,1x1,0:0 0:1 0:2 1:1 2:1,0:0 0:1 0:2 1:1 2:1,5,5,1
arc-gen,224,1,4,6,1x1,0:0 0:1 1:0 1:1 1:2,0:0 0:1 1:0 1:1 1:2,5,5,1
arc-gen,224,2,4,3,3x3,0:0 1:0,0:0 0:1 1:0 1:1 1:2,2,5,0
arc-gen,224,3,4,5,2x2,0:0 0:1,0:0 0:1 1:0 1:1 1:2,2,5,0
arc-gen,225,1,7,9,1x1,0:0 0:1,0:0 0:1 1:0,2,3,0
arc-gen,225,2,7,5,1x1,0:0 0:1 1:0,0:0 0:1 1:0,3,3,1
arc-gen,225,3,7,4,1x1,0:0 1:0,0:0 0:1 1:0,2,3,0
arc-gen,226,1,6,8,1x1,0:0 0:1,0:0 0:1 1:0,2,3,0
arc-gen,226,2,6,4,1x1,0:0 0:1 1:0,0:0 0:1 1:0,3,3,1
arc-gen,227,1,8,1,1x1,0:0 1:0 1:1 1:2 2:1,0:0 1:0 1:1 1:2 2:1,5,5,1
arc-gen,227,2,8,6,2x2,0:0 1:0,0:0 1:0 1:1 1:2 2:1,2,5,0
arc-gen,228,1,8,4,4x4,0:0 1:0,0:0 0:1 1:0 1:1,2,4,0
arc-gen,228,2,8,2,1x1,0:0 1:0,0:0 0:1 1:0 1:1,2,4,0
arc-gen,228,3,8,1,1x1,0:0 0:1 1:0 1:1,0:0 0:1 1:0 1:1,4,4,1
arc-gen,229,1,2,4,2x2,0:0 1:0,0:0 1:0 1:1 1:2 2:0,2,5,0
arc-gen,229,2,2,8,1x1,0:0 1:0 1:1 1:2 2:0,0:0 1:0 1:1 1:2 2:0,5,5,1
arc-gen,230,1,8,6,4x4,0:0 0:1,0:0 0:1 1:0 1:1 2:0,2,5,0
arc-gen,230,2,8,2,1x1,0:0 0:1,0:0 0:1 1:0 1:1 2:0,2,5,0
arc-gen,230,3,8,4,2x2,0:0 0:1,0:0 0:1 1:0 1:1 2:0,2,5,0
arc-gen,230,4,8,9,1x1,0:0 0:1 1:0 1:1 2:0,0:0 0:1 1:0 1:1 2:0,5,5,1
arc-gen,231,1,1,3,2x2,0:0 1:0,0:0 1:0 1:1 2:0 2:1,2,5,0
arc-gen,231,2,1,2,1x1,0:0 1:0 1:1 2:0 2:1,0:0 1:0 1:1 2:0 2:1,5,5,1
arc-gen,232,1,1,5,2x2,0:0 1:0,0:0 1:0 2:0 2:1,2,4,0
arc-gen,232,2,1,7,1x1,0:0 1:0 2:0 2:1,0:0 1:0 2:0 2:1,4,4,1
arc-gen,233,1,9,5,1x1,0:0 0:1,0:0 0:1 0:2 1:0 1:1,2,5,0
arc-gen,233,2,9,7,1x1,0:0 0:1 0:2 1:0 1:1,0:0 0:1 0:2 1:0 1:1,5,5,1
arc-gen,234,1,9,3,4x4,0:0 0:1,0:0 0:1 1:0 2:0,2,4,0
arc-gen,234,2,9,7,1x1,0:0 0:1 1:0 2:0,0:0 0:1 1:0 2:0,4,4,1
arc-gen,235,1,9,3,2x2,0:0 1:0,0:0 0:1 0:2 1:0,2,4,0
arc-gen,235,2,9,6,1x1,0:0 1:0,0:0 0:1 0:2 1:0,2,4,0
arc-gen,235,3,9,5,1x1,0:0 0:1 0:2 1:0,0:0 0:1 0:2 1:0,4,4,1
arc-gen,236,1,6,9,1x1,0:0 1:0,0:0 0:1 0:2 1:0,2,4,0
arc-gen,236,2,6,1,1x1,0:0 0:1 0:2 1:0,0:0 0:1 0:2 1:0,4,4,1
arc-gen,236,3,6,2,1x1,0:0 1:0,0:0 0:1 0:2 1:0,2,4,0
arc-gen,237,1,2,9,1x1,0:0 0:1 1:0 2:0 2:1,0:0 0:1 1:0 2:0 2:1,5,5,1
arc-gen,237,2,2,7,3x3,0:0 1:0,0:0 0:1 1:0 2:0 2:1,2,5,0
arc-gen,238,1,4,9,1x1,0:0 0:1 1:0 1:1,0:0 0:1 1:0 1:1,4,4,1
arc-gen,238,2,4,7,1x1,0:0 0:1,0:0 0:1 1:0 1:1,2,4,0
arc-gen,239,1,6,9,1x1,0:0 0:1,0:0 0:1 0:2 1:0 2:0,2,5,0
arc-gen,239,2,6,4,1x1,0:0 1:0,0:0 0:1 0:2 1:0 2:0,2,5,0
arc-gen,239,3,6,1,1x1,0:0 0:1 0:2 1:0 2:0,0:0 0:1 0:2 1:0 2:0,5,5,1
arc-gen,239,4,6,2,2x2,0:0 0:1,0:0 0:1 0:2 1:0 2:0,2,5,0
arc-gen,240,1,1,7,3x3,0:0 0:1,0:0 0:1 0:2 1:1 1:2,2,5,0
arc-gen,240,2,1,9,1x1,0:0 0:1 0:2 1:1 1:2,0:0 0:1 0:2 1:1 1:2,5,5,1
arc-gen,241,1,7,4,1x1,0:0 0:1 0:2 1:0 2:0,0:0 0:1 0:2 1:0 2:0,5,5,1
arc-gen,241,2,7,6,1x1,0:0 1:0,0:0 0:1 0:2 1:0 2:0,2,5,0
arc-gen,242,1,7,3,1x1,0:0 0:1 1:0 1:1,0:0 0:1 1:0 1:1,4,4,1
arc-gen,242,2,7,5,1x1,0:0 0:1,0:0 0:1 1:0 1:1,2,4,0
arc-gen,242,3,7,8,1x1,0:0 0:1,0:0 0:1 1:0 1:1,2,4,0
arc-gen,242,4,7,2,2x2,0:0 0:1,0:0 0:1 1:0 1:1,2,4,0
arc-gen,243,1,3,8,1x1,0:0 1:0 1:1,0:0 1:0 1:1,3,3,1
arc-gen,243,2,3,7,3x3,0:0 1:0,0:0 1:0 1:1,2,3,0
arc-gen,244,1,6,1,1x1,0:0 1:0,0:0 0:1 1:0 2:0 2:1,2,5,0
arc-gen,244,2,6,3,1x1,0:0 1:0,0:0 0:1 1:0 2:0 2:1,2,5,0
arc-gen,244,3,6,4,1x1,0:0 1:0,0:0 0:1 1:0 2:0 2:1,2,5,0
arc-gen,244,4,6,2,1x1,0:0 0:1 1:0 2:0 2:1,0:0 0:1 1:0 2:0 2:1,5,5,1
arc-gen,245,1,4,6,2x2,0:0 0:1,0:0 0:1 0:2 1:1 2:1,2,5,0
arc-gen,245,2,4,9,1x1,0:0 0:1 0:2 1:1 2:1,0:0 0:1 0:2 1:1 2:1,5,5,1
arc-gen,245,3,4,1,2x2,0:0 0:1,0:0 0:1 0:2 1:1 2:1,2,5,0
arc-gen,246,1,8,9,1x1,0:0 1:0,0:0 0:1 0:2 1:0 1:1,2,5,0
arc-gen,246,2,8,7,1x1,0:0 0:1,0:0 0:1 0:2 1:0 1:1,2,5,0
arc-gen,246,3,8,3,1x1,0:0 0:1 0:2 1:0 1:1,0:0 0:1 0:2 1:0 1:1,5,5,1
arc-gen,247,1,7,5,3x3,0:0 1:0,0:0 1:0 1:1,2,3,0
arc-gen,247,2,7,2,1x1,0:0 1:0,0:0 1:0 1:1,2,3,0
arc-gen,247,3,7,1,1x1,0:0 1:0 1:1,0:0 1:0 1:1,3,3,1
arc-gen,248,1,4,7,3x3,0:0 1:0,0:0 1:0 1:1,2,3,0
arc-gen,248,2,4,5,1x1,0:0 1:0 1:1,0:0 1:0 1:1,3,3,1
arc-gen,248,3,4,8,1x1,0:0 1:0,0:0 1:0 1:1,2,3,0
arc-gen,248,4,4,3,1x1,0:0 1:0,0:0 1:0 1:1,2,3,0
arc-gen,249,1,6,9,2x2,0:0 0:1,0:0 0:1 0:2 1:0 1:2,2,5,0
arc-gen,249,2,6,7,3x3,0:0 1:0,0:0 0:1 0:2 1:0 1:2,2,5,0
arc-gen,249,3,6,8,1x1,0:0 0:1 0:2 1:0 1:2,0:0 0:1 0:2 1:0 1:2,5,5,1
arc-gen,249,4,6,5,3x3,0:0 0:1,0:0 0:1 0:2 1:0 1:2,2,5,0
arc-gen,250,1,9,1,1x1,0:0 1:0,0:0 0:1 0:2 1:0,2,4,0
arc-gen,250,2,9,6,2x2,0:0 1:0,0:0 0:1 0:2 1:0,2,4,0
arc-gen,250,3,9,2,3x3,0:0 1:0,0:0 0:1 0:2 1:0,2,4,0
arc-gen,250,4,9,5,1x1,0:0 0:1 0:2 1:0,0:0 0:1 0:2 1:0,4,4,1
arc-gen,251,1,3,2,1x1,0:0 0:1 0:2 1:0,0:0 0:1 0:2 1:0,4,4,1
arc-gen,251,2,3,8,4x4,0:0 0:1,0:0 0:1 0:2 1:0,2,4,0
arc-gen,251,3,3,5,1x1,0:0 0:1,0:0 0:1 0:2 1:0,2,4,0
arc-gen,252,1,1,5,1x1,0:0 0:1,0:0 0:1 1:0 2:0,2,4,0
arc-gen,252,2,1,6,1x1,0:0 0:1,0:0 0:1 1:0 2:0,2,4,0
arc-gen,252,3,1,7,1x1,0:0 0:1 1:0 2:0,0:0 0:1 1:0 2:0,4,4,1
arc-gen,253,1,5,4,1x1,0:0 0:1 1:1,0:0 0:1 1:1,3,3,1
arc-gen,253,2,5,7,2x2,0:0 0:1,0:0 0:1 1:1,2,3,0
arc-gen,254,1,3,4,1x1,0:0 0:1 0:2 1:0 1:2,0:0 0:1 0:2 1:0 1:2,5,5,1
arc-gen,254,2,3,5,2x2,0:0 1:0,0:0 0:1 0:2 1:0 1:2,2,5,0
arc-gen,254,3,3,2,2x2,0:0 1:0,0:0 0:1 0:2 1:0 1:2,2,5,0
arc-gen,255,1,8,9,1x1,0:0 0:1 0:2 1:2,0:0 0:1 0:2 1:2,4,4,1
arc-gen,255,2,8,1,2x2,0:0 0:1,0:0 0:1 0:2 1:2,2,4,0
arc-gen,255,3,8,4,2x2,0:0 0:1,0:0 0:1 0:2 1:2,2,4,0
arc-gen,256,1,8,3,1x1,0:0 0:1,0:0 0:1 1:0,2,3,0
arc-gen,256,2,8,1,1x1,0:0 0:1 1:0,0:0 0:1 1:0,3,3,1
arc-gen,256,3,8,4,1x1,0:0 0:1,0:0 0:1 1:0,2,3,0
arc-gen,257,1,5,7,1x1,0:0 1:0 2:0 2:1,0:0 1:0 2:0 2:1,4,4,1
arc-gen,257,2,5,6,1x1,0:0 1:0,0:0 1:0 2:0 2:1,2,4,0
arc-gen,258,1,9,8,1x1,0:0 0:1 1:0,0:0 0:1 1:0,3,3,1
arc-gen,258,2,9,3,3x3,0:0 0:1,0:0 0:1 1:0,2,3,0
arc-gen,259,1,9,6,1x1,0:0 0:1,0:0 0:1 0:2 1:2 2:2,2,5,0
arc-gen,259,2,9,7,1x1,0:0 0:1 0:2 1:2 2:2,0:0 0:1 0:2 1:2 2:2,5,5,1
arc-gen,259,3,9,5,2x2,0:0 0:1,0:0 0:1 0:2 1:2 2:2,2,5,0
arc-gen,260,1,2,8,1x1,0:0 1:0 1:1,0:0 1:0 1:1,3,3,1
arc-gen,260,2,2,5,3x3,0:0 1:0,0:0 1:0 1:1,2,3,0
arc-gen,260,3,2,9,1x1,0:0 1:0,0:0 1:0 1:1,2,3,0
arc-gen,260,4,2,4,1x1,0:0 1:0,0:0 1:0 1:1,2,3,0
arc-gen,261,1,2,8,1x1,0:0 1:0,0:0 1:0 2:0,2,3,0
arc-gen,261,2,2,6,1x1,0:0 1:0 2:0,0:0 1:0 2:0,3,3,1
arc-gen,261,3,2,3,1x1,0:0 1:0,0:0 1:0 2:0,2,3,0
