task_id,file_size,node_count,init_count,init_bytes,init_byte_ratio,biggest_init_bytes,biggest_init_name,biggest_init_size,biggest_init_dtype,big_init_count_4k,big_init_count_64k,big_init_count_512k,has_fp16,has_lookup_ops,ops_top,ops_total,risk_score,risk_flags
task255,306705,153,32,291734,0.9512,211250,score_static,105625,float16,5,1,0,1,0,"Reshape:23, And:23, Where:14, LessOrEqual:12, Cast:10",153,2.5,high_init_ratio;big_init>=64KB;fp16
task184,43202,71,20,38375,0.8883,36000,out_zero,9000,float32,1,0,0,1,1,"ReduceMax:11, And:11, Where:9, Cast:6, Greater:6",71,2.0,high_init_ratio;has_lookup_ops;fp16
task240,66169,11,11,65032,0.9828,36000,base_bg,9000,float32,2,0,0,1,1,"Cast:2, Mul:2, ReduceMax:2, Slice:1, Conv:1",11,2.0,high_init_ratio;has_lookup_ops;fp16
task301,19261,48,11,14718,0.7641,7200,row_grid,900,int64,2,0,0,1,1,"Cast:10, ReduceSum:4, Greater:4, Less:4, ReduceMax:3",48,2.0,high_init_ratio;has_lookup_ops;fp16
task396,27286,68,22,20893,0.7657,3604,hist_min_init,901,float32,0,0,0,1,1,"Cast:10, Mul:10, MaxPool:7, Where:5, Add:5",68,2.0,high_init_ratio;has_lookup_ops;fp16
task349,8067,25,11,6340,0.7859,3000,beam_kernel,1500,float16,0,0,0,1,0,"And:6, Cast:5, Greater:4, Not:3, ConvTranspose:2",25,1.5,high_init_ratio;fp16
task366,90138,713,45,15486,0.1718,6962,desc_idx_59,3481,float16,1,0,0,1,1,"Where:145, And:111, Equal:77, Cast:61, ReduceSum:44",713,1.0,has_lookup_ops;fp16
task233,283250,2141,94,27183,0.096,3608,hist_2_init,902,float32,0,0,0,1,1,"And:536, Where:315, Or:224, Equal:201, Slice:174",2141,1.0,has_lookup_ops;fp16
task015,3774,1,1,3600,0.9539,3600,W,900,float32,0,0,0,0,0,Conv:1,1,1.0,high_init_ratio
task021,30934,214,21,7462,0.2412,3600,row_grid,900,int32,0,0,0,1,1,"Cast:52, ReduceMax:33, Equal:27, ReduceSum:20, Greater:19",214,1.0,has_lookup_ops;fp16
task364,10636,62,23,3718,0.3496,1760,hist_init,440,float32,0,0,0,1,1,"Where:12, MaxPool:10, And:7, Slice:6, Pad:5",62,1.0,has_lookup_ops;fp16
task096,59216,456,46,3753,0.0634,1210,inside,605,float16,0,0,0,1,1,"Mul:99, Sub:59, Cast:51, ReduceSum:33, ReduceMax:24",456,1.0,has_lookup_ops;fp16
task367,9982,135,26,4270,0.4278,968,row_idx,484,float16,0,0,0,1,1,"Gather:24, Add:16, Cast:15, Sub:13, Where:12",135,1.0,has_lookup_ops;fp16
task204,11457,71,23,3917,0.3419,800,row_idx_full,400,float16,0,0,0,1,1,"And:11, Cast:9, Greater:8, Concat:5, Where:4",71,1.0,has_lookup_ops;fp16
task153,11982,103,46,1509,0.1259,513,V_init,513,int8,0,0,0,1,1,"Cast:24, Reshape:13, Mul:12, Slice:8, Where:7",103,1.0,has_lookup_ops;fp16
task044,33172,298,39,2337,0.0705,512,hist_init,128,float32,0,0,0,1,1,"Where:76, And:29, ReduceMax:24, Equal:24, Greater:23",298,1.0,has_lookup_ops;fp16
task374,5849,46,13,846,0.1446,400,hist_init,100,float32,0,0,0,1,1,"Where:12, MaxPool:9, Cast:5, And:3, Slice:2",46,1.0,has_lookup_ops;fp16
task019,2566,32,13,500,0.1949,240,arange30,30,int64,0,0,0,1,1,"Cast:4, ReduceSum:4, Add:3, ReduceMax:2, Mod:2",32,1.0,has_lookup_ops;fp16
task066,16477,291,21,1098,0.0666,240,row1,30,int64,0,0,0,1,1,"And:71, Or:25, Greater:24, LessOrEqual:20, Equal:19",291,1.0,has_lookup_ops;fp16
task069,30645,380,41,2926,0.0955,200,v36,100,float16,0,0,0,1,1,"Mul:176, Gather:74, ReduceSum:28, Where:25, Sub:23",380,1.0,has_lookup_ops;fp16
task319,5710,66,25,642,0.1124,96,arange_y,12,int64,0,0,0,1,1,"Cast:10, ReduceMax:6, ArgMax:5, Squeeze:5, Gather:5",66,1.0,has_lookup_ops;fp16
task007,1258,13,13,236,0.1876,64,pads,8,int64,0,0,0,1,1,"Reshape:4, Slice:2, ArgMax:1, Concat:1, ReduceMax:1",13,1.0,has_lookup_ops;fp16
task101,19538,125,27,488,0.025,64,/Reshape_1_output_0,8,int64,0,0,0,1,1,"Mul:14, Cast:13, Conv:13, ConvTranspose:11, Clip:10",125,1.0,has_lookup_ops;fp16
task335,3440,36,11,384,0.1116,60,ROW,30,float16,0,0,0,1,1,"Cast:5, Mul:5, ReduceSum:4, And:4, Slice:3",36,1.0,has_lookup_ops;fp16
task262,903,8,10,180,0.1993,48,pads,6,int64,0,0,0,1,1,"Slice:1, ArgMax:1, Squeeze:1, Gather:1, Unsqueeze:1",8,1.0,has_lookup_ops;fp16
task393,1538,25,8,54,0.0351,8,ch_starts,1,int64,0,0,0,1,1,"OneHot:5, ArgMax:3, Add:3, Unsqueeze:3, Mul:2",25,1.0,has_lookup_ops;fp16
task154,7883,44,14,4056,0.5145,3600,grid_mask,900,float32,0,0,0,0,1,"Mul:8, Sub:8, ReduceMax:4, Where:4, Slice:2",44,0.5,has_lookup_ops
task377,22242,196,14,3968,0.1784,3600,dist_a,900,float32,0,0,0,0,1,"Cast:28, Reshape:23, Less:22, Where:20, Not:20",196,0.5,has_lookup_ops
task324,6861,52,18,3638,0.5302,3042,x_kernel,1521,float16,0,0,0,1,0,"Cast:7, Reshape:7, Greater:6, And:4, ReduceMax:4",52,0.5,fp16
task256,4780,40,17,2308,0.4828,2028,zeros_6,1014,float16,0,0,0,1,0,"Mul:10, Sub:7, Relu:5, ReduceSum:4, Min:4",40,0.5,fp16
task285,50998,279,52,23262,0.4561,1800,ONE_HW,900,float16,0,0,0,1,0,"And:49, Where:40, Equal:28, Cast:21, Greater:21",279,0.5,fp16
task345,10079,89,23,4042,0.401,1800,zero_ch,900,float16,0,0,0,1,0,"Slice:22, Add:19, Cast:12, Sub:12, Pad:12",89,0.5,fp16
task390,4736,43,11,2158,0.4557,1800,grid_mask,900,float16,0,0,0,1,0,"Add:6, Where:5, Sub:5, ArgMax:4, Gather:4",43,0.5,fp16
task363,7690,44,19,3420,0.4447,1568,edge_pad,784,float16,0,0,0,1,0,"And:8, Greater:6, Conv:6, Cast:4, Not:4",44,0.5,fp16
task323,2497,10,6,1412,0.5655,1250,k_stamp,625,float16,0,0,0,1,0,"Cast:2, Slice:1, Conv:1, Greater:1, Or:1",10,0.5,fp16
task191,15711,200,28,3344,0.2128,1200,v23,150,int64,0,0,0,1,0,"MatMul:46, Cast:22, Reshape:21, Mul:21, ArgMax:18",200,0.5,fp16
task104,3505,21,16,2076,0.5923,972,zeros_6ch,486,float16,0,0,0,1,0,"Mul:8, Sub:4, Slice:3, ReduceMax:2, Cast:1",21,0.5,fp16
task076,39997,365,34,3786,0.0947,900,p0_idx,225,int32,0,0,0,1,0,"Where:54, Add:42, Slice:33, Gather:32, Cast:29",365,0.5,fp16
task187,5758,87,14,984,0.1709,900,border_b,900,bool,0,0,0,1,0,"Greater:24, And:17, Cast:15, MaxPool:14, Gather:10",87,0.5,fp16
task270,13845,96,23,3172,0.2291,900,ZERO15_F,225,float32,0,0,0,1,0,"Mul:28, Reshape:20, MatMul:16, ReduceSum:12, Cast:6",96,0.5,fp16
task110,21295,162,52,3439,0.1615,841,zero_label29,841,uint8,0,0,0,1,0,"Equal:29, Gather:21, Cast:15, ReduceMax:15, Reshape:14",162,0.5,fp16
task077,7690,68,20,4759,0.6189,840,v21,420,float16,0,0,0,1,0,"Mul:15, Sub:9, MaxPool:8, Cast:7, Reshape:6",68,0.5,fp16
task182,11272,136,40,2535,0.2249,840,k_combined_pack,420,float16,0,0,0,1,0,"And:41, Equal:32, Cast:14, Or:12, Slice:11",136,0.5,fp16
task280,10565,144,16,1982,0.1876,800,lin_idx,400,float16,0,0,0,1,0,"Where:32, And:22, MaxPool:15, Or:10, Not:7",144,0.5,fp16
task157,117601,2422,69,2400,0.0204,600,zero_r,150,float32,0,0,0,1,0,"And:389, Equal:233, Where:220, Cast:211, Add:180",2422,0.5,fp16
task252,3201,38,19,734,0.2293,450,parity_mask,225,float16,0,0,0,1,0,"Slice:11, Cast:11, Mul:10, Sub:2, ReduceSum:1",38,0.5,fp16
task017,8529,66,28,1797,0.2107,441,zero_label21,441,uint8,0,0,0,1,0,"Equal:11, Gather:10, Cast:6, ReduceMax:6, Slice:5",66,0.5,fp16
task201,9668,135,20,1066,0.1103,338,v5,169,float16,0,0,0,1,0,"Squeeze:16, Mul:15, Gather:13, Cast:12, Less:12",135,0.5,fp16
task346,1580,13,12,532,0.3367,324,density_kernel,81,float32,0,0,0,0,1,"Add:2, Slice:1, Conv:1, ReduceMax:1, ReduceSum:1",13,0.5,has_lookup_ops
task042,8543,52,23,1720,0.2013,288,k_stamp_s3_main,144,float16,0,0,0,1,0,"Greater:12, Cast:8, Pad:8, Conv:6, ConvTranspose:6",52,0.5,fp16
task225,5688,40,24,1737,0.3054,288,v15,144,float16,0,0,0,1,0,"Mul:10, Cast:9, Slice:6, Pad:5, Conv:4",40,0.5,fp16
task102,6500,48,26,1280,0.1969,256,k_hole_k6,128,float16,0,0,0,1,0,"Greater:12, Cast:9, Conv:6, ConvTranspose:6, Or:6",48,0.5,fp16
task029,13589,88,15,808,0.0595,240,task029_shift_range,30,int64,0,0,0,1,0,"Cast:12, Sub:12, Greater:9, Add:9, ArgMax:8",88,0.5,fp16
task036,5632,56,17,908,0.1612,240,offsets30,30,int64,0,0,0,1,0,"Gather:8, Add:8, Sub:7, Reshape:6, Cast:5",56,0.5,fp16
task054,5551,107,16,900,0.1621,240,v10,30,int64,0,0,0,1,0,"Where:23, Gather:14, Mul:14, Greater:9, Max:9",107,0.5,fp16
task088,4099,48,20,888,0.2166,240,row_idx_5,30,int64,0,0,0,1,0,"Sub:7, ReduceMax:6, Add:6, Mul:5, Where:5",48,0.5,fp16
task185,18881,242,19,528,0.028,240,rng30,30,int64,0,0,0,0,1,"Equal:64, And:45, Gather:23, Cast:20, Not:20",242,0.5,has_lookup_ops
task216,11049,276,10,788,0.0713,240,v2,30,int64,0,0,0,1,0,"Cast:58, Less:38, Gather:22, Add:18, Unsqueeze:18",276,0.5,fp16
task300,4454,43,14,744,0.167,240,offsets30,30,int64,0,0,0,1,0,"Reshape:6, Sub:5, ArgMax:5, Gather:5, Add:5",43,0.5,fp16
task365,16991,234,12,556,0.0327,240,v3,30,int64,0,0,0,1,0,"Cast:51, Less:30, Gather:25, Add:16, Unsqueeze:14",234,0.5,fp16
task030,7091,64,19,658,0.0928,200,zero_ch,100,float16,0,0,0,1,0,"Cast:10, Where:6, Add:6, Slice:4, Sub:4",64,0.5,fp16
task133,9860,121,55,1446,0.1467,200,not_eye10,100,float16,0,0,0,1,0,"Conv:25, And:12, Equal:10, Cast:9, Not:8",121,0.5,fp16
task136,2845,25,10,442,0.1554,200,k_diag,100,float16,0,0,0,1,0,"Cast:6, Conv:4, Greater:4, And:3, Or:3",25,0.5,fp16
task205,33601,416,76,3744,0.1114,200,k_10_10,100,float16,0,0,0,1,0,"Where:124, Cast:32, ReduceMax:28, Mul:27, Greater:27",416,0.5,fp16
task212,4512,53,16,480,0.1064,200,zero10,100,float16,0,0,0,1,0,"Cast:13, Where:5, Sum:5, Greater:5, ReduceSum:4",53,0.5,fp16
task277,6687,60,17,663,0.0991,200,neg_idx,100,float16,0,0,0,1,0,"Where:11, Equal:8, Pad:6, Cast:5, MaxPool:5",60,0.5,fp16
task158,21962,253,56,1781,0.0811,180,w3_per_h,90,float16,0,0,0,1,0,"Cast:28, Mul:27, Reshape:19, Add:19, Gather:18",253,0.5,fp16
task022,5021,67,25,868,0.1729,162,shift_k,81,float16,0,0,0,1,0,"Mul:17, ReduceMax:16, Slice:10, Sub:8, Add:8",67,0.5,fp16
task156,48854,371,73,4088,0.0837,162,k_exact_h7_w7,81,float16,0,0,0,1,0,"Max:101, Greater:64, Or:40, And:31, Cast:27",371,0.5,fp16
task168,4620,45,10,490,0.1061,162,conv_sum_fuse_ray_dir_0_sum_8_w_red_23,81,float16,0,0,0,1,0,"Mul:13, Conv:12, Greater:5, ReduceMax:3, Or:3",45,0.5,fp16
task192,2089,17,10,366,0.1752,160,k2_nz,40,float32,0,0,0,1,0,"Cast:5, ReduceSum:2, Greater:2, Conv:1, ConvTranspose:1",17,0.5,fp16
task370,9935,152,27,694,0.0699,160,arange_i,20,int64,0,0,0,1,0,"Cast:21, Mul:21, Add:19, Sub:15, Clip:12",152,0.5,fp16
task080,10205,123,35,981,0.0961,144,K_DIR_8,72,float16,0,0,0,1,0,"And:24, Slice:16, Where:15, Greater:12, ReduceMax:12",123,0.5,fp16
task177,3834,33,16,490,0.1278,120,row_idx_3,30,int32,0,0,0,1,0,"ReduceMax:5, Where:5, Reshape:4, Sub:3, Cast:2",33,0.5,fp16
task355,3971,41,12,348,0.0876,120,col_coord,30,int32,0,0,0,1,0,"Cast:9, ArgMax:6, Where:4, Greater:3, Equal:2",41,0.5,fp16
task094,2950,25,12,442,0.1498,100,k_hit,50,float16,0,0,0,1,0,"Cast:6, Slice:2, Concat:2, Greater:2, ReduceMax:2",25,0.5,fp16
task118,6545,64,11,304,0.0464,98,k_plus3,49,float16,0,0,0,1,0,"And:11, MaxPool:10, Conv:9, Greater:7, Cast:6",64,0.5,fp16
task173,10061,68,24,536,0.0533,81,non_diag_u8,81,uint8,0,0,0,1,0,"QLinearMatMul:15, Cast:12, Reshape:10, Transpose:7, Conv:7",68,0.5,fp16
task056,815,9,3,154,0.189,80,output_bank,40,float16,0,0,0,1,0,"Slice:1, Cast:1, Sub:1, Conv:1, ArgMax:1",9,0.5,fp16
task186,1210,11,5,146,0.1207,72,red_bank,36,float16,0,0,0,1,0,"Sub:3, Cast:2, Slice:1, ReduceSum:1, Gather:1",11,0.5,fp16
task189,6704,110,55,1210,0.1805,72,v3,36,float16,0,0,0,1,0,"Mul:36, Slice:24, Cast:24, Sum:9, ReduceSum:4",110,0.5,fp16
task002,14560,95,31,672,0.0462,64,pad_to_30,8,int64,0,0,0,1,0,"Conv:24, Greater:23, Where:21, Slice:11, Sub:6",95,0.5,fp16
task023,33067,374,19,258,0.0078,64,crop_pads_back,8,int64,0,0,0,1,0,"Cast:75, Conv:72, Mul:72, Greater:67, Add:41",374,0.5,fp16
task093,6234,56,10,296,0.0475,64,pad_to_30,8,int64,0,0,0,1,0,"Cast:15, And:14, MaxPool:4, ReduceSum:4, Conv:4",56,0.5,fp16
task100,4954,28,14,292,0.0589,64,pads,8,int64,0,0,0,0,1,"ArgMax:5, ReduceSum:3, Greater:3, Cast:3, Add:3",28,0.5,has_lookup_ops
task105,8053,63,18,538,0.0668,64,pad_row_top,8,int64,0,0,0,1,0,"And:17, Cast:11, Not:8, Slice:6, Pad:5",63,0.5,fp16
task119,8400,140,23,514,0.0612,64,pads_out,8,int64,0,0,0,1,0,"Mul:21, Where:20, And:14, Cast:13, Greater:9",140,0.5,fp16
task160,2189,19,11,300,0.137,64,pad_to_30,8,int64,0,0,0,1,0,"Cast:3, Greater:3, Slice:2, Concat:2, ConvTranspose:2",19,0.5,fp16
task169,20803,168,63,1480,0.0711,64,pad_one,8,int64,0,0,0,1,0,"Greater:54, Cast:28, Conv:27, ConvTranspose:27, Or:26",168,0.5,fp16
task206,4032,39,15,280,0.0694,64,pads_obj,8,int64,0,0,0,1,0,"Where:8, Cast:4, Sub:4, Equal:3, Add:3",39,0.5,fp16
task243,16583,135,27,806,0.0486,64,crop_pads_back,8,int64,0,0,0,1,0,"MaxPool:56, Where:31, Max:28, Slice:11, Greater:3",135,0.5,fp16
task250,7749,129,19,305,0.0394,64,pad_to_30,8,int64,0,0,0,1,0,"And:48, Greater:16, Cast:14, ReduceSum:14, Or:11",129,0.5,fp16
task292,1065,7,9,274,0.2573,64,pad_to_external,8,int64,0,0,0,1,0,"Conv:2, Slice:1, Cast:1, Mul:1, Sum:1",7,0.5,fp16
task297,2373,24,18,276,0.1163,64,pad_to_30,8,int64,0,0,0,1,0,"Where:4, Slice:3, ReduceSum:3, Cast:2, Mul:2",24,0.5,fp16
task306,4155,33,33,543,0.1307,64,pad_col_30,8,int64,0,0,0,1,0,"Slice:14, Or:5, Concat:3, Greater:2, Tile:2",33,0.5,fp16
task362,1696,28,11,216,0.1274,64,v8,8,int64,0,0,0,1,0,"Cast:6, ReduceSum:3, ReduceMax:3, Greater:2, ArgMax:2",28,0.5,fp16
task378,5481,96,16,308,0.0562,64,pad_to_external,8,int64,0,0,0,1,0,"And:22, Where:14, ReduceMax:9, Greater:7, Sub:7",96,0.5,fp16
task382,19986,239,91,3232,0.1617,64,row_pad_right1,8,int64,0,0,0,1,0,"Slice:45, Pad:36, Where:30, And:29, Equal:28",239,0.5,fp16
task387,12388,125,25,410,0.0331,64,task387_pads,8,int64,0,0,0,1,0,"Where:34, Equal:28, Add:13, Sub:9, Greater:5",125,0.5,fp16
task388,6536,52,32,1326,0.2029,64,pad_TL,8,int64,0,0,0,1,0,"Pad:19, Where:13, Equal:6, Cast:3, Add:3",52,0.5,fp16
task397,7145,86,30,378,0.0529,64,pad_9_to_10,8,int64,0,0,0,1,0,"Cast:25, Conv:18, Greater:16, Gather:9, Pad:5",86,0.5,fp16
task072,1289,11,8,206,0.1598,60,hc_zero,30,float16,0,0,0,1,0,"Sub:4, Slice:2, Cast:2, Abs:1, Concat:1",11,0.5,fp16
task138,5533,94,17,336,0.0607,60,row_idx,30,float16,0,0,0,1,0,"Cast:14, And:9, Gather:9, Greater:7, Equal:7",94,0.5,fp16
task215,1729,21,7,244,0.1411,60,row_mod0_h,30,float16,0,0,0,1,0,"Mul:7, ReduceMax:5, Cast:4, Conv:1, Greater:1",21,0.5,fp16
task234,4106,58,14,266,0.0648,60,row_idx,30,float16,0,0,0,1,0,"Where:12, Greater:7, ReduceSum:6, Sub:5, Cast:4",58,0.5,fp16
task334,889,9,5,128,0.144,54,gray_bank,27,float16,0,0,0,1,0,"Sub:2, Slice:1, ReduceSum:1, ArgMax:1, Gather:1",9,0.5,fp16
task213,26541,392,33,924,0.0348,48,v5,24,float16,0,0,0,1,0,"Mul:96, Cast:93, Less:59, ReduceSum:40, Where:24",392,0.5,fp16
task092,2297,30,11,134,0.0583,40,colors,10,float32,0,0,0,1,0,"Equal:9, Where:5, Cast:4, ReduceSum:3, ReduceMax:2",30,0.5,fp16
task103,1281,11,9,146,0.114,40,output_bank,20,float16,0,0,0,1,0,"Slice:2, Cast:2, Sub:1, Abs:1, ReduceSum:1",11,0.5,fp16
task161,4323,39,9,212,0.049,32,st_c19,4,int64,0,0,0,1,0,"Greater:7, And:7, Cast:5, ReduceMax:5, Slice:3",39,0.5,fp16
task347,753,12,3,42,0.0558,20,tgt_vec,10,float16,0,0,0,1,0,"Slice:2, Cast:2, ReduceMax:2, Mul:2, Max:1",12,0.5,fp16
task383,5005,57,11,94,0.0188,20,v4,10,float16,0,0,0,1,0,"Greater:9, And:7, Cast:6, Where:6, ReduceSum:6",57,0.5,fp16
task386,793,14,3,42,0.053,20,tgt_vec,10,float16,0,0,0,1,0,"Sub:3, Mul:3, Slice:2, Cast:2, ReduceMax:2",14,0.5,fp16
task097,880,13,2,20,0.0227,18,conv_w,9,float16,0,0,0,1,0,"Cast:4, Sub:2, Greater:2, ReduceSum:1, Slice:1",13,0.5,fp16
task251,5106,53,13,154,0.0302,16,gmt_sr,2,int64,0,0,0,1,0,"Max:9, Mul:9, Slice:7, Sub:7, MaxPool:7",53,0.5,fp16
task372,640,8,8,98,0.1531,16,top_s,2,int64,0,0,0,1,0,"Slice:3, Cast:2, Greater:1, Where:1, Pad:1",8,0.5,fp16
task236,619,10,1,2,0.0032,2,ONE,1,float16,0,0,0,1,0,"Sub:3, Slice:2, Cast:2, Abs:1, Concat:1",10,0.5,fp16
task318,704,13,1,2,0.0028,2,ONE,1,float16,0,0,0,1,0,"Sub:5, Slice:2, Cast:2, Mul:1, Sum:1",13,0.5,fp16
task322,515,7,1,2,0.0039,2,ONE,1,float16,0,0,0,1,0,"Slice:1, Cast:1, MaxPool:1, ReduceMax:1, Sub:1",7,0.5,fp16
task284,23922,125,19,16142,0.6748,7200,row_grid,900,int64,2,0,0,0,0,"And:27, Equal:13, Add:11, GreaterOrEqual:10, LessOrEqual:10",125,0.0,
task279,10314,52,10,4085,0.3961,3600,zero_ch,900,float32,0,0,0,0,0,"Where:16, MaxPool:15, Cast:12, Slice:2, Or:2",52,0.0,
task338,8884,37,9,4610,0.5189,3600,zero_ch,900,float32,0,0,0,0,0,"Where:14, MaxPool:12, Greater:2, Cast:2, ReduceSum:1",37,0.0,
task274,3619,16,11,1668,0.4609,1440,output_bank,360,float32,0,0,0,0,0,"Slice:2, ReduceSum:2, Squeeze:2, Greater:2, Cast:2",16,0.0,
task014,5317,42,17,2725,0.5125,1224,out_r,306,int32,0,0,0,0,0,"Reshape:7, Add:7, Cast:5, ArgMax:5, Where:3",42,0.0,
task079,2695,20,7,1056,0.3918,900,v4,225,float32,0,0,0,0,0,"Gather:4, ArgMax:3, Squeeze:3, Add:2, Slice:1",20,0.0,
task293,8093,52,20,2077,0.2566,900,row_grid,225,int32,0,0,0,0,0,"Cast:13, Equal:11, And:11, ReduceSum:3, ReduceMax:2",52,0.0,
task219,17812,393,34,1244,0.0698,600,k_79,150,float32,0,0,0,0,0,"Unsqueeze:68, Gather:66, Mul:47, ArgMax:27, Add:26",393,0.0,
task049,3516,29,12,792,0.2253,400,_mc_id10,100,float32,0,0,0,0,0,"Cast:5, Reshape:5, ReduceSum:3, Where:3, Greater:2",29,0.0,
task316,3963,46,19,716,0.1807,400,col_kernel,100,float32,0,0,0,0,0,"Equal:10, And:9, Where:9, ReduceSum:9, Conv:2",46,0.0,
task361,6018,60,20,1217,0.2022,400,sigma_rr,100,int32,0,0,0,0,0,"Cast:10, Mul:10, ReduceSum:5, Equal:5, Add:4",60,0.0,
task310,3379,42,17,789,0.2335,256,out_r,64,int32,0,0,0,0,0,"Reshape:7, Add:7, Cast:5, ArgMax:5, Where:3",42,0.0,
task091,4393,43,14,624,0.142,240,offsets30,30,int64,0,0,0,0,0,"Cast:5, Sub:5, Reshape:4, ArgMax:4, Gather:4",43,0.0,
task150,1299,11,6,284,0.2186,240,range_i,30,int64,0,0,0,0,0,"ReduceSum:2, Cast:2, Sub:2, Greater:1, Less:1",11,0.0,
task155,1299,11,6,284,0.2186,240,range_i,30,int64,0,0,0,0,0,"ReduceSum:2, Cast:2, Sub:2, Greater:1, Less:1",11,0.0,
task242,1736,14,7,353,0.2033,240,flip_idx,30,int64,0,0,0,0,0,"Gather:3, ReduceMax:2, Reshape:2, ArgMax:2, Add:2",14,0.0,
task384,4308,39,13,848,0.1968,240,offsets30,30,int64,0,0,0,0,0,"Cast:5, Reshape:4, ArgMax:4, Gather:4, Sub:4",39,0.0,
task209,12442,200,26,820,0.0659,120,ROW,30,int32,0,0,0,0,0,"Cast:22, Sub:21, And:18, Where:17, Equal:15",200,0.0,
task290,3323,32,14,297,0.0894,120,arange30_i32,30,int32,0,0,0,0,0,"Cast:5, Reshape:4, ReduceMax:3, Equal:3, Where:3",32,0.0,
task308,3875,59,14,492,0.127,120,ROW30,30,float32,0,0,0,0,0,"And:9, Where:7, Equal:6, Greater:5, ReduceSum:4",59,0.0,
task376,2664,41,16,390,0.1464,120,ROW_I,30,int32,0,0,0,0,0,"Equal:6, Or:6, And:6, Sub:5, Cast:3",41,0.0,
task170,50577,681,33,1176,0.0233,112,v13,28,float32,0,0,0,0,0,"Concat:135, Mul:112, Where:93, Slice:66, Add:58",681,0.0,
task012,1906,14,14,493,0.2587,100,v7,25,float32,0,0,0,0,0,"Conv:5, Mul:2, Slice:1, ReduceSum:1, Greater:1",14,0.0,
task354,2710,22,15,465,0.1716,100,ch5_zero,100,bool,0,0,0,0,0,"Mul:5, Slice:4, MaxPool:4, Greater:2, Cast:2",22,0.0,
task035,3707,38,16,404,0.109,80,row_arange,10,int64,0,0,0,0,0,"Slice:8, And:7, ReduceMax:4, ArgMax:4, Equal:4",38,0.0,
task174,61839,790,24,540,0.0087,80,v9,10,int64,0,0,0,0,0,"Gather:100, Sub:74, Mul:73, Less:64, Unsqueeze:54",790,0.0,
task359,1184,15,4,104,0.0878,80,color_ids,10,int64,0,0,0,0,0,"Cast:3, ReduceSum:3, ArgMax:2, ReduceMax:2, Equal:2",15,0.0,
task134,7061,75,26,414,0.0586,72,ar18_32,18,int32,0,0,0,0,0,"Where:8, Add:8, Slice:6, Reshape:6, Sub:6",75,0.0,
task025,13460,127,28,382,0.0284,64,pads_right_3,8,int64,0,0,0,0,0,"And:31, Equal:24, Greater:16, ReduceMax:12, Cast:10",127,0.0,
task031,3417,26,13,412,0.1206,64,col_offsets,8,int64,0,0,0,0,0,"ArgMax:4, Where:3, ReduceSum:2, Greater:2, Cast:2",26,0.0,
task039,1913,14,9,220,0.115,64,pads,8,int64,0,0,0,0,0,"ReduceSum:2, Greater:2, Cast:2, ArgMax:2, Add:2",14,0.0,
task040,4167,36,20,308,0.0739,64,pad_to_30,8,int64,0,0,0,0,0,"Slice:8, Where:5, ReduceMax:4, ReduceMin:4, Sub:4",36,0.0,
task041,2110,20,7,158,0.0749,64,pad_to_30,8,int64,0,0,0,0,0,"Cast:4, Unsqueeze:3, ArgMax:2, ReduceMax:2, And:2",20,0.0,
task045,980,14,9,200,0.2041,64,pad,8,int64,0,0,0,0,0,"Cast:6, Slice:4, And:1, ReduceMax:1, Where:1",14,0.0,
task047,3091,30,8,288,0.0932,64,pad_to_30,8,int64,0,0,0,0,0,"Cast:6, Or:5, And:5, ReduceMax:4, Tile:4",30,0.0,
task057,1616,16,6,153,0.0947,64,_v_25,8,int64,0,0,0,0,0,"ReduceMax:3, Transpose:3, Gather:3, ArgMax:2, Add:2",16,0.0,
task064,7151,68,20,692,0.0968,64,pad_left,8,int64,0,0,0,0,0,"And:10, Greater:9, Cast:8, CumSum:8, Equal:6",68,0.0,
task200,3689,36,17,248,0.0672,64,pad_to_30,8,int64,0,0,0,0,0,"Less:7, And:7, Mul:3, Div:3, Sub:3",36,0.0,
task245,2756,37,15,246,0.0893,64,pads_h,8,int64,0,0,0,0,0,"Where:7, Cast:5, ReduceMin:4, Sub:4, Add:4",37,0.0,
task259,3882,30,15,332,0.0855,64,pads,8,int64,0,0,0,0,0,"ArgMax:4, Where:4, Gather:3, Slice:2, ReduceSum:2",30,0.0,
task302,4372,43,4,160,0.0366,64,pad_to_30,8,int64,0,0,0,0,0,"Cast:13, And:10, MaxPool:8, Not:7, Or:2",43,0.0,
task381,3749,31,11,328,0.0875,64,pad_top,8,int64,0,0,0,0,0,"Cast:8, And:8, Not:4, Slice:3, Pad:3",31,0.0,
task217,1350,18,5,180,0.1333,48,shape_4,6,int64,0,0,0,0,0,"Cast:4, Reshape:4, Slice:2, ReduceMax:2, Greater:2",18,0.0,
task315,1167,15,4,132,0.1131,48,shape_5,6,int64,0,0,0,0,0,"Slice:3, Cast:3, Reshape:3, And:1, ReduceMax:1",15,0.0,
task350,1437,17,7,204,0.142,40,fill8,10,float32,0,0,0,0,0,"Cast:5, MaxPool:4, And:3, Slice:2, Greater:1",17,0.0,
task244,6790,66,31,340,0.0501,36,v12,9,int32,0,0,0,0,0,"Gather:23, Cast:15, Equal:9, Where:8, ReduceSum:3",66,0.0,
task304,1814,17,9,120,0.0662,32,tile33,4,int64,0,0,0,0,0,"Slice:3, ReduceMax:3, Sub:2, Mul:2, ReduceSum:1",17,0.0,
task373,581,9,1,32,0.0551,32,tile_repeats,4,int64,0,0,0,0,0,"Concat:3, Slice:2, Cast:2, Tile:1, Pad:1",9,0.0,
task087,394,2,4,64,0.1624,16,starts_init,2,int64,0,0,0,0,0,"Slice:1, Pad:1",2,0.0,
task140,394,2,4,64,0.1624,16,starts_init,2,int64,0,0,0,0,0,"Slice:1, Pad:1",2,0.0,
task380,396,3,4,64,0.1616,16,starts,2,int64,0,0,0,0,0,"Slice:1, Transpose:1, Pad:1",3,0.0,
task135,251,2,0,0,0.0,0,,0,,0,0,0,0,0,"Slice:1, Pad:1",2,0.0,
task326,251,2,0,0,0.0,0,,0,,0,0,0,0,0,"Slice:1, Pad:1",2,0.0,
