task_id,v3_train_pass,v3_test_pass,v3_argen_pass,v3_total_pass_ratio,v3_status,v3_cost,v3_score,ours_total_pass_ratio,ours_status,ours_cost,ours_score,risk_label
task002,5/5,1/1,262/262,268/268,ok,97293,13.5145,268/268,ok,97693,13.5104,ok
task007,3/3,1/1,262/262,266/266,ok,7271,16.1084,266/266,ok,8251,15.9819,ok
task012,2/2,1/1,262/262,265/265,ok,12631,15.5561,265/265,ok,13782,15.4689,ok
task014,3/3,1/1,262/262,266/266,ok,39049,14.4274,266/266,ok,74846,13.7768,ok
task015,3/3,1/1,261/261,265/265,ok,900,18.1976,265/265,ok,900,18.1976,ok
task017,3/3,1/1,262/262,266/266,ok,35149,14.5326,266/266,ok,39558,14.4145,ok
task019,4/4,1/1,262/262,267/267,ok,81346,13.6935,267/267,ok,137868,13.1659,ok
task021,3/3,1/1,73/73,77/77,ok,47807,14.2251,77/77,ok,60768,13.9852,ok
task022,3/3,1/1,262/262,266/266,ok,34821,14.5420,266/266,ok,44933,14.2871,ok
task023,3/3,1/1,262/262,266/266,ok,72612,13.8071,266/266,ok,605720,11.6858,ok
task025,3/3,1/1,262/262,266/266,ok,140093,13.1499,266/266,ok,340764,12.2611,ok
task029,3/3,1/1,262/262,266/266,ok,97117,13.5163,266/266,ok,98377,13.5034,ok
task030,3/3,1/1,262/262,266/266,ok,10174,15.7724,266/266,ok,46587,14.2509,ok
task031,3/3,1/1,262/262,266/266,ok,18616,15.1682,266/266,ok,18688,15.1644,ok
task035,3/3,1/1,262/262,266/266,ok,15363,15.3603,266/266,ok,25693,14.8460,ok
task036,2/2,1/1,262/262,265/265,ok,79962,13.7107,265/265,ok,79991,13.7103,ok
task039,2/2,1/1,261/261,264/264,ok,7772,16.0417,264/264,ok,7832,16.0340,ok
task040,3/3,1/1,262/262,266/266,ok,7868,16.0294,266/266,ok,10118,15.7779,ok
task041,3/3,1/1,262/262,266/266,ok,11769,15.6268,266/266,ok,16327,15.2994,ok
task042,3/3,1/1,262/262,266/266,ok,8518,15.9501,266/266,ok,17067,15.2551,ok
task044,3/3,1/1,262/262,266/266,ok,43947,14.3093,266/266,ok,2380303,10.3173,ok
task045,3/3,1/1,261/261,265/265,ok,7425,16.0874,265/265,ok,7782,16.0404,ok
task047,2/2,1/1,262/262,265/265,ok,3024,16.9857,265/265,ok,4950,16.4929,ok
task049,5/5,1/1,262/262,268/268,ok,30489,14.6749,268/268,ok,32413,14.6137,ok
task054,3/3,1/1,262/262,266/266,ok,150548,13.0780,266/266,ok,182056,12.8879,ok
task056,7/7,3/3,36/36,46/46,ok,213,19.6387,46/46,ok,560,18.6721,ok
task057,3/3,1/1,261/261,265/265,ok,29304,14.7145,265/265,ok,46815,14.2460,ok
task064,4/4,1/1,262/262,267/267,ok,114153,13.3547,267/267,ok,131816,13.2108,ok
task066,3/3,1/1,262/262,266/266,ok,99734,13.4897,266/266,ok,499535,11.8786,ok
task069,2/2,1/1,261/261,264/264,ok,83450,13.6680,264/264,ok,84370,13.6570,ok
task072,4/4,2/2,262/262,268/268,ok,1309,17.8230,268/268,ok,1338,17.8011,ok
task076,3/3,1/1,262/262,266/266,ok,327041,12.3022,266/266,ok,1418521,10.8349,ok
task077,3/3,1/1,262/262,266/266,ok,157913,13.0302,266/266,ok,192353,12.8329,ok
task079,3/3,1/1,262/262,266/266,ok,21383,15.0296,266/266,ok,24953,14.8753,ok
task080,3/3,1/1,227/227,231/231,ok,42055,14.3533,231/231,ok,155145,13.0479,ok
task087,4/4,1/1,261/261,266/266,ok,368,19.0919,266/266,ok,376,19.0704,ok
task088,4/4,1/1,262/262,267/267,ok,72766,13.8050,267/267,ok,101870,13.4685,ok
task091,3/3,1/1,262/262,266/266,ok,51466,14.1513,266/266,ok,51495,14.1508,ok
task092,2/2,1/1,262/262,265/265,ok,46289,14.2573,265/265,ok,151526,13.0715,ok
task093,3/3,1/1,261/261,265/265,ok,15458,15.3541,265/265,ok,33543,14.5794,ok
task094,2/2,1/1,262/262,265/265,ok,10453,15.7454,265/265,ok,42120,14.3517,ok
task096,3/3,1/1,262/262,266/266,ok,185008,12.8718,266/266,ok,480075,11.9183,ok
task097,4/4,1/1,262/262,267/267,ok,55810,14.0703,267/267,ok,69322,13.8535,ok
task100,3/3,1/1,262/262,266/266,ok,6536,16.2149,266/266,ok,7076,16.1355,ok
task101,3/3,1/1,262/262,266/266,ok,374431,12.1668,266/266,ok,1261888,10.9519,ok
task102,4/4,1/1,262/262,267/267,ok,12607,15.5580,267/267,ok,44691,14.2925,ok
task103,6/6,2/2,215/215,223/223,ok,189,19.7583,223/223,ok,256,19.4548,ok
task104,2/2,1/1,4/4,7/7,ok,3682,16.7888,7/7,ok,3762,16.7673,ok
task105,3/3,1/1,262/262,266/266,ok,7055,16.1385,266/266,ok,36480,14.4955,ok
task110,3/3,1/1,262/262,266/266,ok,108697,13.4037,266/266,ok,117106,13.3292,ok
task118,4/4,1/1,262/262,267/267,ok,116244,13.3366,267/267,ok,2155775,10.4163,ok
task119,3/3,1/1,262/262,266/266,ok,16640,15.2804,266/266,ok,47848,14.2242,ok
task133,4/4,1/1,262/262,267/267,ok,196680,12.8107,267/267,ok,9344642,8.9497,ok
task134,3/3,1/1,262/262,266/266,ok,12388,15.5755,266/266,ok,16997,15.2592,ok
task135,4/4,1/1,261/261,266/266,ok,360,19.1139,266/266,ok,366,19.0974,ok
task136,3/3,1/1,262/262,266/266,ok,4837,16.5160,266/266,ok,12433,15.5719,ok
task138,3/3,1/1,262/262,266/266,ok,48399,14.2128,266/266,ok,197964,12.8042,ok
task140,2/2,1/1,262/262,265/265,ok,368,19.0919,265/265,ok,376,19.0704,ok
task150,3/3,1/1,262/262,266/266,ok,1014,18.0783,266/266,ok,1076,18.0190,ok
task153,3/3,1/1,261/261,265/265,ok,21618,15.0187,265/265,ok,755558,11.4648,ok
task154,3/3,1/1,262/262,266/266,ok,43382,14.3222,266/266,ok,55718,14.0719,ok
task155,3/3,1/1,262/262,266/266,ok,1014,18.0783,266/266,ok,1076,18.0190,ok
task156,2/2,1/1,262/262,265/265,ok,26350,14.8208,265/265,ok,59102,14.0130,ok
task157,2/2,1/1,262/262,265/265,ok,75353,13.7701,265/265,ok,3947893,9.8113,ok
task158,3/3,1/1,262/262,266/266,ok,191304,12.8384,266/266,ok,3364477,9.9712,ok
task160,2/2,1/1,262/262,265/265,ok,4586,16.5692,265/265,ok,11195,15.6768,ok
task161,3/3,1/1,262/262,266/266,ok,64639,13.9234,266/266,ok,136708,13.1744,ok
task168,2/2,1/1,262/262,265/265,ok,20403,15.0766,265/265,ok,20503,15.0717,ok
task169,3/3,1/1,262/262,266/266,ok,23629,14.9298,266/266,ok,34489,14.5516,ok
task170,3/3,1/1,262/262,266/266,ok,78564,13.7283,266/266,ok,82130,13.6839,ok
task173,3/3,1/1,262/262,266/266,ok,175243,12.9261,266/266,ok,181492,12.8910,ok
task174,3/3,1/1,262/262,266/266,ok,52019,14.1406,266/266,ok,53099,14.1201,ok
task177,3/3,1/1,261/261,265/265,ok,59826,14.0008,265/265,ok,74705,13.7787,ok
task182,4/4,1/1,262/262,267/267,ok,47587,14.2297,267/267,ok,765146,11.4522,ok
task184,3/3,1/1,165/165,169/169,ok,38855,14.4324,169/169,ok,44248,14.3024,ok
task185,4/4,1/1,262/262,267/267,ok,59584,14.0049,267/267,ok,75838,13.7636,ok
task186,10/10,2/2,255/255,267/267,ok,360,19.1139,267/267,ok,626,18.5606,ok
task187,3/3,1/1,262/262,266/266,ok,105313,13.4353,266/266,ok,106213,13.4268,ok
task189,3/3,1/1,262/262,266/266,ok,24649,14.8875,266/266,ok,24684,14.8861,ok
task191,4/4,1/1,222/262,227/267,ok,85919,13.6388,267/267,ok,709342,11.5279,REGRESSION_VS_OURS
task192,2/2,1/1,262/262,265/265,ok,51968,14.1416,265/265,ok,54535,14.0934,ok
task200,3/3,1/1,80/80,84/84,ok,8295,15.9766,84/84,ok,10511,15.7398,ok
task201,4/4,1/1,261/261,266/266,ok,92700,13.5629,266/266,ok,93480,13.5545,ok
task204,5/5,1/1,262/262,268/268,ok,118846,13.3144,268/268,ok,165194,12.9851,ok
task205,3/3,1/1,262/262,266/266,ok,112313,13.3710,266/266,ok,332837,12.2846,ok
task206,3/3,1/1,262/262,266/266,ok,61387,13.9750,266/266,ok,66480,13.8953,ok
task209,3/3,1/1,262/262,266/266,ok,122356,13.2853,266/266,ok,2053296,10.4650,ok
task212,2/2,1/1,262/262,265/265,ok,9970,15.7927,265/265,ok,10069,15.7828,ok
task213,3/3,1/1,261/261,265/265,ok,50117,14.1779,265/265,ok,52361,14.1341,ok
task215,2/2,1/1,262/262,265/265,ok,38094,14.4522,265/265,ok,43419,14.3213,ok
task216,3/3,1/1,262/262,266/266,ok,103812,13.4497,266/266,ok,104412,13.4439,ok
task217,3/3,1/1,262/262,266/266,ok,17924,15.2061,266/266,ok,77061,13.7476,ok
task219,3/3,1/1,261/261,265/265,ok,82452,13.6800,265/265,ok,15842765,8.4218,ok
task225,3/3,1/1,261/261,265/265,ok,11078,15.6873,265/265,ok,11240,15.6728,ok
task233,3/3,1/1,262/262,266/266,ok,1456755,10.8083,182/266,ok,3682865,9.8808,ok
task234,3/3,1/1,262/262,266/266,ok,81703,13.6892,266/266,ok,139937,13.1511,ok
task236,4/4,1/1,262/262,267/267,ok,641,18.5370,267/267,ok,722,18.4180,ok
task240,3/3,1/1,262/262,266/266,ok,27847,14.7655,266/266,ok,47734,14.2266,ok
task242,3/3,1/1,262/262,266/266,ok,20119,15.0906,266/266,ok,24430,14.8964,ok
task243,3/3,1/1,261/261,265/265,ok,108967,13.4012,265/265,ok,218713,12.7045,ok
task244,3/3,1/1,262/262,266/266,ok,31770,14.6337,266/266,ok,32612,14.6076,ok
task245,4/4,1/1,262/262,267/267,ok,29012,14.7245,267/267,ok,89261,13.6007,ok
task250,2/2,1/1,262/262,265/265,ok,12141,15.5957,265/265,ok,13401,15.4969,ok
task251,3/3,1/1,262/262,266/266,ok,100580,13.4813,266/266,ok,101479,13.4724,ok
task252,3/3,1/1,262/262,266/266,ok,38062,14.4530,266/266,ok,38286,14.4472,ok
task255,3/3,1/1,261/261,265/265,ok,1593763,10.7184,265/265,ok,42917144,7.4252,ok
task256,3/3,1/1,262/262,266/266,ok,21123,15.0419,266/266,ok,21291,15.0340,ok
task259,3/3,1/1,262/262,266/266,ok,6843,16.1690,266/266,ok,6885,16.1629,ok
task262,4/4,1/1,6/6,11/11,ok,3770,16.7652,11/11,ok,7433,16.0863,ok
task270,3/3,1/1,262/262,266/266,ok,27301,14.7853,266/266,ok,28745,14.7338,ok
task274,6/6,1/1,262/262,269/269,ok,8581,15.9427,269/269,ok,8761,15.9219,ok
task277,3/3,1/1,262/262,266/266,ok,14617,15.4101,266/266,ok,70600,13.8352,ok
task279,4/4,1/1,261/261,266/266,ok,26330,14.8215,266/266,ok,27422,14.7809,ok
task280,4/4,1/1,262/262,267/267,ok,90506,13.5868,267/267,ok,139246,13.1560,ok
task284,3/3,1/1,262/262,266/266,ok,102032,13.4670,266/266,ok,120032,13.3045,ok
task285,3/3,1/1,261/261,265/265,ok,402660,12.0942,265/265,ok,99576167,6.5836,ok
task290,3/3,1/1,262/262,266/266,ok,11708,15.6320,266/266,ok,110852,13.3840,ok
task292,5/5,1/1,22/22,28/28,ok,6305,16.2509,28/28,ok,6345,16.2446,ok
task293,4/4,1/1,262/262,267/267,ok,24763,14.8829,267/267,ok,25277,14.8623,ok
task297,3/3,1/1,261/261,265/265,ok,9172,15.8761,265/265,ok,9508,15.8401,ok
task300,4/4,1/1,262/262,267/267,ok,77546,13.7414,267/267,ok,77575,13.7410,ok
task301,3/3,1/1,262/262,266/266,ok,64988,13.9180,266/266,ok,75607,13.7667,ok
task302,3/3,1/1,262/262,266/266,ok,7796,16.0386,266/266,ok,21341,15.0316,ok
task304,3/3,1/1,262/262,266/266,ok,14494,15.4185,266/266,ok,14574,15.4130,ok
task306,2/2,1/1,262/262,265/265,ok,64444,13.9264,265/265,ok,89643,13.5964,ok
task308,3/3,1/1,262/262,266/266,ok,21799,15.0104,266/266,ok,49022,14.2000,ok
task310,3/3,1/1,262/262,266/266,ok,25739,14.8442,266/266,ok,58874,14.0168,ok
task315,3/3,1/1,262/262,266/266,ok,9557,15.8350,266/266,ok,13779,15.4691,ok
task316,3/3,1/1,262/262,266/266,ok,3903,16.7305,266/266,ok,51510,14.1505,ok
task318,4/4,1/1,262/262,267/267,ok,737,18.3974,267/267,ok,754,18.3746,ok
task319,4/4,1/1,262/262,267/267,ok,33508,14.5805,267/267,ok,26325352,7.9140,ok
task322,3/3,1/1,262/262,266/266,ok,865,18.2373,266/266,ok,1047,18.0463,ok
task323,2/2,1/1,169/169,172/172,ok,4533,16.5809,172/172,ok,30073,14.6886,ok
task324,3/3,1/1,262/262,266/266,ok,48870,14.2031,266/266,ok,616421,11.6683,ok
task326,3/3,1/1,262/262,266/266,ok,160,19.9248,266/266,ok,166,19.8880,ok
task334,7/7,2/2,262/262,271/271,ok,609,18.5882,271/271,ok,937,18.1573,ok
task335,3/3,1/1,262/262,266/266,ok,46249,14.2582,266/266,ok,49362,14.1931,ok
task338,3/3,2/2,262/262,267/267,ok,45016,14.2852,267/267,ok,46899,14.2442,ok
task345,2/2,1/1,261/261,264/264,ok,11716,15.6313,264/264,ok,45155,14.2821,ok
task346,4/4,1/1,262/262,267/267,ok,9178,15.8754,267/267,ok,9178,15.8754,ok
task347,5/5,2/2,262/262,269/269,ok,1605,17.6191,269/269,ok,1631,17.6031,ok
task349,4/4,1/1,262/262,267/267,ok,49480,14.1907,267/267,ok,146782,13.1033,ok
task350,4/4,1/1,262/262,267/267,ok,19831,15.1050,267/267,ok,28729,14.7343,ok
task354,3/3,1/1,262/262,266/266,ok,17007,15.2586,266/266,ok,31151,14.6534,ok
task355,4/4,1/1,262/262,267/267,ok,11795,15.6246,267/267,ok,18292,15.1858,ok
task359,3/3,1/1,262/262,266/266,ok,42313,14.3472,266/266,ok,51176,14.1570,ok
task361,3/3,1/1,262/262,266/266,ok,15493,15.3519,266/266,ok,16493,15.2893,ok
task362,4/4,1/1,262/262,267/267,ok,11939,15.6124,267/267,ok,12038,15.6042,ok
task363,3/3,1/1,261/261,265/265,ok,87112,13.6251,265/265,ok,512771,11.8524,ok
task364,3/3,1/1,262/262,266/266,ok,76538,13.7545,266/266,ok,150853,13.0759,ok
task365,3/3,1/1,262/262,266/266,ok,58814,14.0179,266/266,ok,59004,14.0146,ok
task366,3/3,1/1,251/251,255/255,ok,830720,11.3700,255/255,ok,60083225,7.0888,ok
task367,3/3,1/1,262/262,266/266,ok,143603,13.1252,266/266,ok,923616,11.2639,ok
task370,3/3,1/1,262/262,266/266,ok,108262,13.4077,266/266,ok,354422,12.2218,ok
task372,3/3,1/1,262/262,266/266,ok,7878,16.0282,266/266,ok,11690,15.6335,ok
task373,2/2,1/1,72/72,75/75,ok,524,18.7385,75/75,ok,627,18.5591,ok
task374,4/4,1/1,262/262,267/267,ok,15441,15.3552,267/267,ok,52037,14.1403,ok
task376,2/2,1/1,36/36,39/39,ok,23413,14.9390,39/39,ok,40583,14.3889,ok
task377,3/3,1/1,262/262,266/266,ok,59224,14.0109,266/266,ok,64881,13.9197,ok
task378,4/4,1/1,262/262,267/267,ok,39008,14.4285,267/267,ok,41000,14.3787,ok
task380,4/4,1/1,262/262,267/267,ok,728,18.4097,267/267,ok,737,18.3974,ok
task381,3/3,1/1,261/261,265/265,ok,3681,16.7891,265/265,ok,42217,14.3494,ok
task382,3/3,1/1,262/262,266/266,ok,107354,13.4161,266/266,ok,194026,12.8243,ok
task383,3/3,1/1,262/262,266/266,ok,129068,13.2319,266/266,ok,129967,13.2250,ok
task384,3/3,1/1,262/262,266/266,ok,74722,13.7785,266/266,ok,74751,13.7781,ok
task386,5/5,1/1,262/262,268/268,ok,2181,17.3125,268/268,ok,2207,17.3006,ok
task387,4/4,1/1,261/261,266/266,ok,63558,13.9403,266/266,ok,576933,11.7345,ok
task388,3/3,1/1,262/262,266/266,ok,6468,16.2254,266/266,ok,10779,15.7146,ok
task390,3/3,1/1,262/262,266/266,ok,24692,14.8858,266/266,ok,24721,14.8846,ok
task393,3/3,1/1,261/261,265/265,ok,459,18.8709,265/265,ok,5873,16.3219,ok
task396,3/3,1/1,262/262,266/266,ok,140688,13.1457,266/266,ok,168048,12.9680,ok
task397,3/3,1/1,262/262,266/266,ok,21142,15.0410,266/266,ok,21241,15.0363,ok
