source,risk_label,task_id,sha256,file_size,nodes,local_score
biohack44_6113,safe-source,task001,e797ed891931604093a242891035430eac3d4815502c982c3a516c6f7db1b462,1137,14,17.041074
biohack44_6113,safe-source,task002,4c3205c0141934e8750b205f87c8622ebfd80d2fce3c665797e3b1dd39c1d0b5,15506,95,13.510415
biohack44_6113,safe-source,task003,155de80550da61e01bc0f6cc5de93f980b0473d08c29baf3bb04a2529f532c86,3120,44,15.883531
biohack44_6113,safe-source,task004,fc9ef5d39847fe678249f3dd2ef4701d2d49b2afb4c27c424b79b6f9967ca118,2522,4,14.084548
biohack44_6113,safe-source,task005,dd5681549124eb6d60c83f24b1bd80499fef4bcd62156e5b133ee6069e17f92e,10910,106,13.313214
biohack44_6113,safe-source,task006,17e048671c7f056a80feba6875cdbb34da1521c36887cfdb399f371d8d5e163c,1124,12,17.603051
biohack44_6113,safe-source,task007,f428fcccaa7c166df8066ea715126ddcc5f75122c86a8b1c5c59c3e14f1a973b,1320,14,15.981910
biohack44_6113,safe-source,task008,662af396ddc9ba7a33d3a0179ae26ef1ac06a69bc0c08ef6be718fa379001d10,7667,78,14.933331
biohack44_6113,safe-source,task009,2043f559e1ee947e2533c1ca00c25a699daed5b516d1bb4bf3515822ea52518d,30956,22,13.694825
biohack44_6113,safe-source,task010,92d798f28d116dabbd7bef3a2e3f10f312184eb43390d09a00b3fe6c22a61b58,4038,60,16.479612
biohack44_6113,safe-source,task011,3f64ad20a9feacc16ad2ce2296652dbc2fb5438e444a47af1f885a374cd43046,10170,52,13.898855
biohack44_6113,safe-source,task012,cf80b1fc317b51dbd8efa9eca069b2dccd1d58066ce1eb61dabe815a96124043,1406,16,15.468881
biohack44_6113,safe-source,task013,98f0942c7dbfaf541df9396cfbf3af4d1699a7f8bae9f96b9c4541f220eea98f,18384,91,13.331080
biohack44_6113,safe-source,task014,e28a3213b620d4176a84df374d4d3e0661472eef73860cc122acdc5cc4491c50,9683,46,13.760459
biohack44_6113,safe-source,task015,1ab641692d1424be973ca0ca5d26e88172d7be86363973c99ffda1b0d2dfd046,3774,1,18.197605
biohack44_6113,safe-source,task016,fb83a8e988f586009bf17279b7aedb194e3492a8e6f357be6d5e9ed903615733,158,1,22.697415
biohack44_6113,safe-source,task017,4a7ffedcf19a4dc495a515c79b88ca30b9399af74abb9a375da3c3a778336340,8620,67,14.414477
biohack44_6113,safe-source,task018,c2e8e82b394406b4127ebd3b4e74460e0d34b69c8604a6ff6239f9a1608dd4f6,32157,219,11.323875
biohack44_6113,safe-source,task019,eecf7625da383cb85e5c0579fb3b8635767d444eff594d0b30dfd79b2d44ffb1,17887,35,13.165832
biohack44_6113,safe-source,task020,4abb72f71f86d299893dcb1ee3be5937bc57ae169a6d1c33af77157df2be6f0d,31378,245,13.590958
biohack44_6113,safe-source,task021,da36c2e6ace2d54bb1b06c242e24907c34d0d06af26950e80fa00f283b42106a,29330,215,13.930491
biohack44_6113,safe-source,task022,fbbcf7777e1f706b0899071564e37bdb5c8b7d7908efc4f47c971a3953e03d07,43895,363,14.287072
biohack44_6113,safe-source,task023,b594ce71efc0edab87f363086ca9d56499b604b8fe3fbb8b2d0947ca29139557,20318,397,11.619711
biohack44_6113,safe-source,task024,f8a1d671c3118abe56700d79b82cd03b36acad2b03a5453a7790ca311b792d5d,3233,27,15.886171
biohack44_6113,safe-source,task025,4ec6b0d0d2fc7a8b9de5d86b1c915e3d659e4ef23fae88709f4fc2153f8d5095,5325,64,12.067261
biohack44_6113,safe-source,task026,7b1677f67eb3a42b35d9d881fb5afa91618d944fae08e6ae12d4aeff0faa3601,1345,13,18.396056
biohack44_6113,safe-source,task027,63da1fe45860bc98d31a806aeabad3d8d81890198997b6d66fe5343ab004d658,16205,25,14.486991
biohack44_6113,safe-source,task028,4720b5f26b0c1d9ecdc73bfa06c77c255d75d3c6386ff96be99232547cee796e,1956,13,15.895687
biohack44_6113,safe-source,task029,25fd930dd65d6c39e3db30c12b581ca4e5dd8c8aea1ce2a272e893b8ea92fac5,13589,88,13.503438
biohack44_6113,safe-source,task030,76e48b2967fe619c83c5b215c89d8aee30008e2d7f263137f5af078b6135d592,9441,56,14.169341
biohack44_6113,safe-source,task031,b90c3fc6af40739352e474797fcd60c161bf6ecf6e4312dd7060ba0ff8383f7a,3417,26,15.164363
biohack44_6113,safe-source,task032,64d66eeaba95588367af53102ecf4fb2ceb4c93327b677f80f1a9591b342f6a5,2347,19,16.867000
biohack44_6113,safe-source,task033,60ab4cceeab38a8952d0157e862ec2f374a51c7d70c00bdecdf9833a703455b5,1510,16,14.081989
biohack44_6113,safe-source,task034,7400b12dcb940f16d35589b5657e932c80b9aa92e8aed8c1f41a38cdff070b08,11293,87,13.421324
biohack44_6113,safe-source,task035,ebbd6ac458b533db76701bd30483191c1369774d3a067899638cbc9aafdadd91,8818,107,14.846026
biohack44_6113,safe-source,task036,76facc8f1d2b1b6691dc621f3160abfd35d151bfaf74961ef3d21abebefdb575,5866,56,13.710331
biohack44_6113,safe-source,task037,e19669c0dec2c6b73986d1bd07ec5c19bb0bc452edb6cf3d006f85657ae46d12,20424,27,13.937652
biohack44_6113,safe-source,task038,a83d43302a9ef7e5b284cc1e38fc4ce8deedb152481de569220ea69b94855018,2357,16,17.306974
biohack44_6113,safe-source,task039,3bac77b4053405c006f1695572c1a8853909392131b90cc60df799a75bef2677,1913,14,16.034027
biohack44_6113,safe-source,task040,a759237736d4acc76d05d0cffac6e4cafc4e202ff4fdeb0d137356dafd1fe9cf,2791,37,15.777929
biohack44_6113,safe-source,task041,b84ce39398538ef8f1ecee3d2e64c3e0d80db902edf7e23098fcb22c816e3c8d,2228,18,15.299425
biohack44_6113,safe-source,task042,61704243d0814f6344a7541e90aec41f9e115f16368a7d57bc896bc807d12eca,8398,54,14.593648
biohack44_6113,safe-source,task043,16b05e98645b4d8da6cf555ed59cb2165317fe07248f91dd11f6747c0b38c22b,1966,9,16.129477
biohack44_6113,safe-source,task044,d7be538649eb0e8a61367a01fdbdf5446c5aa4d1cbb20ee5b0fd67c3b5abc7c9,148684,1054,10.317262
biohack44_6113,safe-source,task045,43dc4b647f1683ea779fb39571b0cdbbad8fdcfd27c8713aaa44314281d7c131,1438,11,16.040431
biohack44_6113,safe-source,task046,776e40c71ae05f511e59e234f5f52931c7f966c95b139fed312451a249a5f138,5299,73,14.582911
biohack44_6113,safe-source,task047,4d3bd9f3b89f4cbffbaa53b514aaf33d6a74318b8a86531c4f5d13411ed2546c,2151,33,16.492857
biohack44_6113,safe-source,task048,9423c02033058a1188fae998353c04f6fbf4e48361dbee5461896ddd5d49ac28,4058,52,16.367872
biohack44_6113,safe-source,task049,a37e8cb1f6134fded24f6bb205efbdfe9c4b4f96f2b9195d9db3108653eadb0c,3516,29,14.613685
biohack44_6113,safe-source,task050,a43a64896f788cffb0e83ee188a7680ae80f27578b1bb607a36e32c9a39258ab,2006,21,15.843588
biohack44_6113,safe-source,task051,86c7a1f4a9e1078f7176aac19c741859d1d72d5c8deeca5cd5fea73bfa951c7c,3365,57,13.587204
biohack44_6113,safe-source,task052,195c01dfdaae84b9a7a585295b8d44c1c3741ab522a7e9d472753ad121d8014d,986,11,17.886858
biohack44_6113,safe-source,task053,11d2a84ba10862f37e4dae8a206314fd4226f70b6f751eed23e52ba32ebde353,175,1,21.598803
biohack44_6113,safe-source,task054,a2e77f3a92ad3273e4de5710e47222a0da5f4948d3fcf9860f0675f88f35a8c6,9728,118,12.887930
biohack44_6113,safe-source,task055,92d4ce9193151139ddee430dfbe552e5a2aa41d1172f6842569d1e37ca664ded,13497,166,14.815477
biohack44_6113,safe-source,task056,2306a2e7b1dd27af9e0ec17099ee8ed0568f6696623537f2599419319f7dd8cd,1515,7,18.672063
biohack44_6113,safe-source,task057,fe71c735896585cb2e65fe6bfc6479a0d1ef8b1f8f2c7b7a1fe27b318ca72304,1880,18,14.246041
biohack44_6113,safe-source,task058,7a4b47e465104bb5b576167d51d642e539c3f9d5bafef55faac8d1987475593b,14221,16,15.313115
biohack44_6113,safe-source,task059,75ad1518669f36600bb72e0eeb074051895d744f7075f6835c090dcbb2a58abe,7062,21,15.076171
biohack44_6113,safe-source,task060,03687375b7e8938e4f841fe856da30c83884468ff07c648d7021c6b6748784bd,2458,20,16.372877
biohack44_6113,safe-source,task061,27289ea0d11a669fe413e1b05826321af3d079ce8a5555fa2610a93704612c2e,17030,9,15.152342
biohack44_6113,safe-source,task062,0a2e640c0671d137a38ff13794cbaaf44ed872742a534c52771f99d309757432,14479,217,14.670951
biohack44_6113,safe-source,task063,5c8811b2da8473750953376c6dbdd913b50bc29b96f9a16a09cf201df9a483ce,3709,34,14.666940
biohack44_6113,safe-source,task064,58b449d06ee31558e5b72e234bafcedd075ca374d90de0e17b116281716fafd3,5809,48,13.210838
biohack44_6113,safe-source,task065,6c2ce6ffae5840d17998c36ee6a5eb3f43eb8f79699c9bfb3b25a07562742370,1862,37,14.533787
biohack44_6113,safe-source,task066,b61c747510a726482b9e94d6a1f12568b4252800f11145d34630404f68048d3c,180173,1642,11.878567
biohack44_6113,safe-source,task067,e823d84640b258f8322dde914f6bd992553a53aadd84d4685cd18da5f1be35e9,892,7,19.247427
biohack44_6113,safe-source,task068,e490818d91a162474f9a9ed4c4d7a03517788fb18760e2fe6ca209f592660a82,1602,24,15.559421
biohack44_6113,safe-source,task069,fb91d90981c4b2168ade67173f5ea1376db182db9350dbdf930d3cb5026325da,32330,380,13.647595
biohack44_6113,safe-source,task070,c09e95105072fd97b2106ecebc5fdb42c86bd41e9994b310781aa321351ec9d5,11844,71,13.900501
biohack44_6113,safe-source,task071,2d696d39af281a3a0ca1582e413672e8ef38ef9f06d584f19844a45a6e2aa4a2,12082,49,13.226404
biohack44_6113,safe-source,task072,579e7a8a616faf51a4ee64994c8709f2e15ca52f63c805a39b48ac05fe546a76,1347,11,17.801069
biohack44_6113,safe-source,task073,c974fda7fe3001de4bd2200b9065826ac44cf359fcb1949954b82f28411b5b63,3825,1,18.186555
biohack44_6113,safe-source,task074,8194b1eba8a395566d686766b74869219cdfdaec5105dbad5f36b6ef32435be8,1824,18,15.009189
biohack44_6113,safe-source,task075,211a2ab0ea4cb67b9b8714d411d361e7eab6ec1192f0f74155bd9bd9c043c7d1,6812,57,14.742797
biohack44_6113,safe-source,task076,b4407303acf9c1e5f20cfa3fd883aeb90b14ae0fb233d68ecbaf4620c0bc88fb,948872,220,10.340899
biohack44_6113,safe-source,task077,e9ba6003d604dc8eabe4c1293832b222739a2738c2838b1512ae380d87d398bb,9860,72,12.832912
biohack44_6113,safe-source,task078,c33e2e8bb8525ee7c4bfa0aca9ec69955cdd9a97837985fb38efdb309903089a,1974,25,15.650246
biohack44_6113,safe-source,task079,60ad44e5b208b22c2d4a93f322baf5362bf4a0b2cec7283e9db31f1de40a9346,2695,20,14.875251
biohack44_6113,safe-source,task080,da97f63843845f687d92854fc2b1b0498fc0cb2543e1e41022a77c4b3933deab,18484,93,13.047885
biohack44_6113,safe-source,task081,118dc8373587509f07d12aec64778af91edff7253f80e273a30e5863c7b8c91b,3749,35,17.256297
biohack44_6113,safe-source,task082,5f994c35d189c6fc8c7c8733202150cd5bd5bb9aa686ef9497ce5a384641de47,1645,20,14.936138
biohack44_6113,safe-source,task083,3526144719574eafa02b2d1fa33a4be836ec96c267520ddd982697e447b8bc98,7454,1,17.504458
biohack44_6113,safe-source,task084,5bd28bac4f427d16b03dfcb9d4ae68237ccb4bb720b534e0e14b2768658ee6a0,2820,23,15.121164
biohack44_6113,safe-source,task085,0cf2b40dcd4fe9bb85de2e251fdca74496734e7c804425012cb1c1110d27505c,2547,20,13.363283
biohack44_6113,safe-source,task086,a786a589e429892c1114751b2e5d6b83669038bb955a0fd41d08d037fc8dc020,3099,42,14.839663
biohack44_6113,safe-source,task087,4e9d18bfbd60be2b9135e2cc459588db6a40bb878e5e16dd89651e3c3eb1cfea,474,2,19.070411
biohack44_6113,safe-source,task088,3d5e5840dfdc9ebffa4cf4bf83a4bfe2d30edac84b88ab71ed3a6686d3987ec3,14980,58,13.468469
biohack44_6113,safe-source,task089,0a479a40d999937f174a12134d5f78bb97ea8a6c108f09e8f44398fe6cbbcd40,17792,181,14.179382
biohack44_6113,safe-source,task090,8032717a5846db3d60ae06a4fa0ff8af92327fd6b6102d39eff9ae246e44816a,19660,246,13.943507
biohack44_6113,safe-source,task091,6c44a2a529dcac845b02796c463d82b35c8cc360fc72fc096564f3beeef63a30,4627,43,14.150760
biohack44_6113,safe-source,task092,31e6aa2df4e75b2376481ad479c8d107cebe1f6701ab925ab0272b482eb2f1a1,4299,42,13.071487
biohack44_6113,safe-source,task093,c109085a37c8fbad05ab65bf485c0cff1a2488c3b4146cc863d6e3a1015dcaed,3727,52,14.579417
biohack44_6113,safe-source,task094,1183a85e05f31b324f96f1ea2bc76659614d9e3e496af6fc026bf70716b2cee9,3767,35,14.217924
biohack44_6113,safe-source,task095,eca4d38cd8606a930a722084789b856626fff5d4938c02546296c7f3cca109cf,3950,1,18.186555
biohack44_6113,safe-source,task096,4ec21c61456f9c3f3be6c0b20aeec14ab1cdcad237426c7c44fb256d35d77703,64252,480,11.918302
biohack44_6113,safe-source,task097,f0d0ab9a04954377879cace70b48610fc891b8e6d5d68ee0d372dd78fe3f2268,2494,11,13.853482
biohack44_6113,safe-source,task098,8fff41bf99869a80261fa1ec8461431ffa90e7a616d10c1582642af88b241cde,3836,1,18.186555
biohack44_6113,safe-source,task099,1e320d88cf0eac19c3c20b9c005a4be28ac50d4bf0a39015404f9deb22a0c31e,19839,1,16.500971
biohack44_6113,safe-source,task100,c815d3a42090024e57143982ac6320779019d7524c630a2c9f175975e6254567,4954,28,16.135536
biohack44_6113,safe-source,task101,5add58b8bc1d0b54e19ac2a7ba0dbc9eea3fd8d8e3f32405ad36b69f8c376d87,39301,206,10.951880
biohack44_6113,safe-source,task102,dd69f7cd8bc2d432b0b3d6b3b203acc186d9c66e559fc13f5bb370ada17acede,22167,149,14.292473
biohack44_6113,safe-source,task103,2a39294d09b90ef9b18c45cfe1e70b48b0689d5fb9f0a00d564162a10a0e7289,1447,13,19.454823
biohack44_6113,safe-source,task104,9fe39c7d53c73444d4dcdde3b3e423ec71943f7133c2fb675ca3e111a67794bc,3667,21,16.767294
biohack44_6113,safe-source,task105,59f8fd1ff45ba79e9a46fbc1a64499901637d50581b1bedd691122bf65782406,18785,52,14.495481
biohack44_6113,safe-source,task106,9b54191da37371effdb80aaca05a4cddbabc19d25cbc1ebceae1d85a897c6698,2939,13,17.940382
biohack44_6113,safe-source,task107,486d43b947a10c096cd5abb2121faf5664c1d92f9d0196957cff677676caa5cf,31191,52,13.799992
biohack44_6113,safe-source,task108,825c078fdd5cf248ddfcf1d91c57c125e6e2213304022e67810f2d3aaee2922c,7454,1,17.504458
biohack44_6113,safe-source,task109,b743a1e192a39c2d75aaf83cb75d56b809c2988910d9340cb23a699063ea121c,5491,39,13.539347
biohack44_6113,safe-source,task110,3c6a969967d00d5933bfc76224740332ab35c72aaf1647b7a2ff532e3c71cf91,21494,163,13.329165
biohack44_6113,safe-source,task111,c01911e7f5493ba19bcc496b439eb2106bd44f79305daefd94e102a96691a8ca,1499,15,18.319145
biohack44_6113,safe-source,task112,1d441249f879b3f5928f749a2a438d0692e24020136550558befd15da00654c1,3987,44,14.002076
biohack44_6113,safe-source,task113,356a5f1e2200cf2560f6c836ce7d21eca6b6cad9e68015c2ae31639613ef9b09,499,1,21.598803
biohack44_6113,safe-source,task114,7d1973d605273db25b979fc20a63bacd338098bf8f239bc90618b4b89dd1baa4,4719,26,17.865906
biohack44_6113,safe-source,task115,fef642f35c49927e9440865ae0761f3f9ecb7d9bb8a03f2a5109e91a82deb620,5069,34,16.675906
biohack44_6113,safe-source,task116,3f87aab73b8c538752ffb070a34dd07ef95ccba2d299bd7526da67fcf956e1e5,479,1,21.598803
biohack44_6113,safe-source,task117,cc092c99c5d1ca90b9c8ad990776d8c91be3fefbca4ecf2e53e7e904602f636f,8262,74,15.169998
biohack44_6113,safe-source,task118,1aaef29cf60045a9f72946d576d30f34d853fb2752c2ec6f613013baf6ebea34,160396,1163,10.416339
biohack44_6113,safe-source,task119,afa30c6fc964d8a93392c6b8b9865d1ca2f73c682e977c50e35e0e3d800e9ab1,25915,165,14.224215
biohack44_6113,safe-source,task120,13dafeb021b56dac928f38d32b4a0b841fcf481296ab752c9ac203fa425e1acc,3836,1,18.186555
biohack44_6113,safe-source,task121,03880dc2a72d6781722a53ffad4b506867ebd9f9c0a7faae3760807eabe67856,3339,24,16.215838
biohack44_6113,safe-source,task122,d932a3ac54fb54cc09d9cdbaab21ba4e9165ed9a6a8e01b9e0c49fb972269b75,10236,1,17.171962
biohack44_6113,safe-source,task123,984533b7a16d9c9d396feb3804602dd6044b4573d05d14964f3f23d179764af2,8805,17,16.680283
biohack44_6113,safe-source,task124,da414abc8e11d3e2038a3d6606b2781ef28d37a402428e1d219ee350a98f9bf4,2840,52,15.634966
biohack44_6113,safe-source,task125,20f2c3e90cfb5afe5ac7e795a1cf906ce67453cb55deb5cbcc51275aea5fc7e8,3032,28,15.495722
biohack44_6113,safe-source,task126,b86dafbc68af0e5b698f0241dd534874e44ffd9dfca8bac7b89280a3534f3824,2765,29,13.636840
biohack44_6113,safe-source,task127,81f551a5b779e861ce371fdc4697595db753242954a60c50a3ac8e3108937d97,3772,1,18.197605
biohack44_6113,safe-source,task128,5224331b88562c8c5864a82ed28442ed1a8c17321e5852eb0c193b0a8eabe7e5,3365,28,13.537926
biohack44_6113,safe-source,task129,728f63fb36979fd5cd4db20aa2b8b128603016a86250a5df2cdbca61d2d2662c,785,8,18.306676
biohack44_6113,safe-source,task130,129e8e94901df68286dc85134b4be5ba1daa1437df26f1eb430b9272e7f77471,1293,10,15.322911
biohack44_6113,safe-source,task131,aef2df6731cdd0168ed41a7637a2b939bb42ff5efe498e6732b1bc4fa4aa2d64,7860,103,14.295633
biohack44_6113,safe-source,task132,02558813adda79590927fa1e3d0be80af0e44475a6abbd69beb0d87da57bfdbb,2585,38,14.709279
biohack44_6113,safe-source,task133,68e935d47ff7110c296807cc69b18b2efbc09be9b69b5f9ed14c010b2ea21c94,783434,368,8.949686
biohack44_6113,safe-source,task134,d2d0cfea388f5f59b5c0ed3e15c26ceb745abfdb2537457be6932faef6736343,7220,68,15.259208
biohack44_6113,safe-source,task135,a5ba0a9dc839a73fc24585aab0bb1e97cccd5531fb28b98b77e91a17e7701ecc,381,2,19.097367
biohack44_6113,safe-source,task136,6719c0f34b735f8968b63c25277b18aa2eefbe6fd1267c5d7e90914180c5437b,4284,33,15.571890
biohack44_6113,safe-source,task137,ef031cef24d9c3cbefd960f1b4194426dfaca31af36b0b1f7efef5d288784706,3864,36,13.808906
biohack44_6113,safe-source,task138,955dbb96bc55cace778678f56c5bd88133614ec7110a51346c1a0dc4a1db6f1b,11562,143,12.804160
biohack44_6113,safe-source,task139,e3e6133e136fc342560390d22bb08861dc290ef6c9f64e8854070984d4a5946f,3865,33,16.803012
biohack44_6113,safe-source,task140,4e9d18bfbd60be2b9135e2cc459588db6a40bb878e5e16dd89651e3c3eb1cfea,474,2,19.070411
biohack44_6113,safe-source,task141,419409ee1ef9989b22aaba718cfe107b9d915bb476e1f4edee982507a294cede,2345,21,15.331033
biohack44_6113,safe-source,task142,b525fbe662a950ccba343052e36da4678bbd57b9039d4f6c5a15f3c0a16fd54a,7454,1,17.504458
biohack44_6113,safe-source,task143,545186fc1e5605ade4d666e87702a09678e9c34c1449945e1a0fdef567cea868,2144,24,15.124860
biohack44_6113,safe-source,task144,9ccdbc162d23747b26bd043d8488ba2aebe080e2a693304f16ff65bd3b7d6a0e,1358,13,18.333043
biohack44_6113,safe-source,task145,22681d1e38fd9b4a50619a4900134ac568081a0007d313598a2d4a001a12a65b,31434,325,13.796907
biohack44_6113,safe-source,task146,e294a9296c290048735ad209f43939c60267c1d6270b6c1484efe91b1a6ca417,1931,29,17.277765
biohack44_6113,safe-source,task147,e65dc2d49c2dd32775575699e73cb1ad0aca1fcca0a87fcec26127b52f631670,3825,1,18.186555
biohack44_6113,safe-source,task148,977766efe15f7fabde643b68e24ea47cc5d9069210a295f8ba0c7ab3a2f5b9de,6750,110,14.999885
biohack44_6113,safe-source,task149,3137da6fb944a3bb6e03884efc695345a045254de6a366510505b2221d175600,1404,13,16.455386
biohack44_6113,safe-source,task150,3713f1d83dec814704bf447a95675df2a099ed0116a1be5d03b609fc83e50b42,1031,11,18.018994
biohack44_6113,safe-source,task151,265a8eb2b997ae3dae68af150413ae0c0301bc004251e92a8beb0dc79bd2e36b,3880,1,18.186555
biohack44_6113,safe-source,task152,b525fbe662a950ccba343052e36da4678bbd57b9039d4f6c5a15f3c0a16fd54a,7454,1,17.504458
biohack44_6113,safe-source,task153,b2307be1bc7eb9a0e15efefc5438f1cda22102d49135eeb5bf029b59db2730bf,862351,14744,10.813646
biohack44_6113,safe-source,task154,c743541dae5cb2088ae5ced18d9079d0facaa32e2e1b8d79510c44e4531fa4bb,4587,44,14.033355
biohack44_6113,safe-source,task155,9b6ad9025b9983cfb5b2e6d5ca817b0bca8bc489a2732e0124c593e0cded9133,1031,11,18.018994
biohack44_6113,safe-source,task156,a2199d5eb0ddac7b8e6a9033237344fd4a49b753468f540a858bc71477d10422,7856,65,14.012980
biohack44_6113,safe-source,task157,94a170b6c4927ceac181b98be002ec3baf09a691488f5d32406155ed850d3fca,830389,436,9.807851
biohack44_6113,safe-source,task158,51250d4659b6adf3ed9033dc91aecebc13a0f64c0c1d3305da4d3955b4bf1d33,95337,822,9.302832
biohack44_6113,safe-source,task159,93239bd39db8bb07ffc4f354ca7b43656c78ca03e18c9ca72a30ccb093e2eb5a,12966,57,13.597995
biohack44_6113,safe-source,task160,5395ca933d4016406d6256408f8400e48279e5bc870b46c5a08c6d4cd29837f9,1758,19,15.676777
biohack44_6113,safe-source,task161,33351d8f1ca150a9d7b225d7ab8e9e8f60171b01fac54fdcb143882ed0fec502,6008,51,13.174397
biohack44_6113,safe-source,task162,29467827e023a09da29f2c6bcf10d77d7bff035e613d5615f27d623e6f2f3224,2268,19,13.944502
biohack44_6113,safe-source,task163,261af5c25f75b8f68293fce15ca95d8473efdd1a3ee6edf45eb5b1981fe6d584,9085,68,14.910655
biohack44_6113,safe-source,task164,250771b94d3db4658d4ac04e3bd9a0740f2af0f3aba0bb9b5df4d6181bb470d4,479,1,21.598803
biohack44_6113,safe-source,task165,84191da6721ff334125fd7fa8616eb9122ba801b8e467d4f0bac42cdd367fab2,4910,25,13.879762
biohack44_6113,safe-source,task166,635ac35cdaf739d7549ee8cd70b4042ae832ff18d2798a37fb1e315bb0990a02,1318,11,14.881845
biohack44_6113,safe-source,task167,71960feaa6f01d141e2e847cf629191d99e40b6ceb0199f2c3f955b43a84d6d9,1673,9,18.470581
biohack44_6113,safe-source,task168,10661d21c26bf5ff68d448b007b0212c34cb45503fb906d999fa4a13c3626ac4,7297,44,14.628981
biohack44_6113,safe-source,task169,15013f2f662007d5f03c081dbaca20d6c6a6082de5edb344a8cea0e3fa48d26e,16353,180,14.551604
biohack44_6113,safe-source,task170,9f919ea1d3fae6c43dfb70c30fe5ce04e453a44324f39755cb00850f150578bb,64849,681,13.683941
biohack44_6113,safe-source,task171,c0dccfce69e87e53b68a617cc0ce6da5c9659180ce2acc2a46007c9915c524cb,3825,1,18.186555
biohack44_6113,safe-source,task172,aa923630b6479cf1a1f5e7b7bfe2e4947e1c8ba8edba4f31d250b0b2f0c98dde,479,1,21.598803
biohack44_6113,safe-source,task173,a0299600440d0a79709022f1953af8a56eda11e1855cebe4f865b5a0de0e5a2d,10108,69,12.891033
biohack44_6113,safe-source,task174,a6f543067be128376f67b828b67c2b02a893fd3d4b5341054c090b91d89ec12d,61839,790,14.120087
biohack44_6113,safe-source,task175,122ea790475d4eff4e80ecb7e852b399bc96924472e212c8019c1c4161c11baa,12412,22,13.348835
biohack44_6113,safe-source,task176,e323248617622d6f3ec11b2d387952fea83ecc2fed3bdb998ca12143a2168c6b,1126,7,16.022854
biohack44_6113,safe-source,task177,cdcbf832519bece9b4bc7966b23d1dba298385f8a602e49475b595b22b33b001,4180,37,13.778698
biohack44_6113,safe-source,task178,4da8ed1ed0676bf74ff1db264eee36e5a51569d8bfd9726b145975fb852cb357,6748,126,14.713600
biohack44_6113,safe-source,task179,bde695a21a93b9e2084a9b7e8a8bee5f2cdc694baa71a12d1c34ae921a89cb87,170,1,25.000000
biohack44_6113,safe-source,task180,8f6b55aa41b48daa3c5bde2cf091752666c75e5b3b9acd0b61ce5c378a8988a7,2525,6,16.084031
biohack44_6113,safe-source,task181,d5e423513a6d975dcf970b7fa00306491312801ed8b9c3232bddaa05e5217ae9,3083,21,17.914936
biohack44_6113,safe-source,task182,dcdd8e87825de820e1c2c5ded8e53bb19ca19fc6e1d104df3c6894630ad00ab4,70465,522,11.452178
biohack44_6113,safe-source,task183,304fd9d6c78ea14e6b21f5a8929aec65dc8582e0ed5300bcfe6c020cd031d4c2,4645,55,14.878261
biohack44_6113,safe-source,task184,d104af166e5c9363a02c3f7e6ed8251c41e1d392701919524a25fceb6aeb384c,6934,51,14.147484
biohack44_6113,safe-source,task185,758a09feff24e05f872299153e3728ba75bd0bbd8c3b14ae20c5e6b4faef7df4,18881,242,13.763645
biohack44_6113,safe-source,task186,4319d403e35394db90c4c67a58bad9ece89975a89250f5093212455c57f88fef,1598,7,18.547951
biohack44_6113,safe-source,task187,2975071ab48a9883483483822c3d24affcd8bb30d824d97f87c1af47cc9bafff,8852,87,13.409993
biohack44_6113,safe-source,task188,b5aedf9a8411d84cd20d8bded8746b6a16044a019d7d5352e049a9c98ef96837,3259,46,15.725371
biohack44_6113,safe-source,task189,ad40fd32da208b67a234bbace455a8c50984a7075ef19f2a27f1a571ce90a1e6,6774,110,14.886089
biohack44_6113,safe-source,task190,0a31ba38881a6fc4af83224d1aa59f0a876aea5808f55f95707b8c5975ac4c06,8781,63,15.675974
biohack44_6113,safe-source,task191,c52afee06de5d459fdd914bc7911c5ee1e78e71527ed079cf6cc6c5dc9c32da8,8764,219,13.332021
biohack44_6113,safe-source,task192,b33d9d2c7a44e0ccefa26f20c6eb211ff45cdba6b7ca7a38c8fd674ddc5062b7,2511,21,14.093402
biohack44_6113,safe-source,task193,1184ed012012ee9bc87677fea86382acea9bc6b8979f087a5b3500492d6138dd,1925,14,14.109558
biohack44_6113,safe-source,task194,5a188032e9933c63bea9816c0846001d769eb356d00653af9e5e766ff62bb53b,7454,1,17.504458
biohack44_6113,safe-source,task195,ba4b722b42ea9bdbffbe4fcf38c90d387045eee91e245e77f502c246c158e0dd,5381,33,15.436963
biohack44_6113,safe-source,task196,89719c41cdbc1176e45d78565003ab2f9feb673cd43fcf7fef4c3ff8a4a302e1,2417,31,14.618975
biohack44_6113,safe-source,task197,d2fb46801935583882f6a460471b563ccee60a53661cb17003fc2b60f17ba1ea,1223,18,14.166556
biohack44_6113,safe-source,task198,a1cd099e3d965fb4506eded8d4bde77ea202357df70e9212b36911ca002c8cb1,6979,51,13.449576
biohack44_6113,safe-source,task199,7f8ae82add1995ce631f2596ebf18e50b694cb8ec8d56a776cb6b1f393d891fa,2948,22,15.309891
biohack44_6113,safe-source,task200,f890763d62cee785030454c8a5a3bc278c67666d29d87dc8297ae23ad08c902b,2444,39,15.739822
biohack44_6113,safe-source,task201,45f10ca88d12df7175c80895aca63ccdf595c12c3c580a4581c0a70fa6eb8d06,10924,135,13.554497
biohack44_6113,safe-source,task202,548ea01a96ba723d596f57386963dc208eac1c74ee9c8ad978597704d8065f5d,3582,31,13.258188
biohack44_6113,safe-source,task203,934167d7108d311321e5ae31de256c5ed18dd19290cc3cea7456337d8f1a1d04,6437,36,13.602194
biohack44_6113,safe-source,task204,dceae9dfb26b83635be9d8ab15b9719395c4ca15e2871a07f9986615c1ed02ff,20456,128,12.815034
biohack44_6113,safe-source,task205,2ae3d15fa32ae7527a877d4a78e84590b2f5eb083cffb480c1bb4e65ec727478,48510,671,12.284352
biohack44_6113,safe-source,task206,a9a48933d73ab0ca96c39812eaf2d7cc02be75d240f640166a9e5b4a88f1a1ea,20303,224,13.895344
biohack44_6113,safe-source,task207,eb31b69d46ecc34c73b17ad80493c10002468aa9196475e6c9e12fcf46ff8235,1979,25,17.463636
biohack44_6113,safe-source,task208,5d341124008dfd310bc5a123793ff6f9beaeead1fd98692f86f798a8f1e3f4a1,15885,196,13.566031
biohack44_6113,safe-source,task209,340e1292efff94ea0798fef8c2d68aea529579aaea63bcf5ee0ed1b6a995152f,1294052,4286,10.110661
biohack44_6113,safe-source,task210,aa923630b6479cf1a1f5e7b7bfe2e4947e1c8ba8edba4f31d250b0b2f0c98dde,479,1,21.598803
biohack44_6113,safe-source,task211,3c58a51ab06ee25bf3c54539284f6def4bc6e10c364246d45f5533df0905fd17,7454,1,17.504458
biohack44_6113,safe-source,task212,d6a9a891ea864265da23186675a7542643cc9de869839d9a2d67e387d4c304a7,4712,53,15.782783
biohack44_6113,safe-source,task213,bea0e13014694681f4277e3fb242b16729cd609cd076e31b8eba6201f2c78841,25091,385,14.132022
biohack44_6113,safe-source,task214,476030b9c3c916862c896b22ae9f1ee46d6bedd703bd39deeb4fe1a9a7cf6c54,7454,1,17.504458
biohack44_6113,safe-source,task215,7944efd69db01622acc90aec13cbcd6480dfbc192943a608603e8af711bd84a2,2619,39,14.321348
biohack44_6113,safe-source,task216,8736d30a18de065d1250ea21affacb0eccba6097e3139d7e8ebfee451365a4d4,11049,276,13.449663
biohack44_6113,safe-source,task217,58f2ed503258d9c007e4e93b086250cd0e66b2871fbc7602a1fa7d6869dadd1e,7268,34,13.747647
biohack44_6113,safe-source,task218,14bb6c5e5fa3712e4f556142985fa03de40ba2accd475bb596ee538d3c10c60e,9594,137,14.948006
biohack44_6113,safe-source,task219,f042340d7b269af4b35437a41d3094074b91fd8778477f3b3fcd20966a535f12,87016,532,8.421777
biohack44_6113,safe-source,task220,924ca3ff6b3c2190ebdd92b73e0c33ac441a7e64b5924bb34b2faa596a40dd55,3798,1,18.197605
biohack44_6113,safe-source,task221,fc40a9c864b222aaeab1d16ab69b17f524fd95dc657baa701b144f4288e5bcb5,13333,28,14.069235
biohack44_6113,safe-source,task222,f82b35de1de8377a5dd17f94de623872a1021443ff972be6e0765c6d21c5595a,2578,21,14.031198
biohack44_6113,safe-source,task223,51cd95a032c661ce28fa653ad0e727fb33cf6a709a5747e02a8ab323190ae968,7454,1,17.504458
biohack44_6113,safe-source,task224,1618c4868a39993d5318e610ce888f4b46394aa114feb2e20618a9034a6e1e50,6314,54,13.843921
biohack44_6113,safe-source,task225,0c4d057621e7e3b95688f49c9b82218423a7a2ec18b5359a22474c11804cbba9,3427,33,15.672766
biohack44_6113,safe-source,task226,5d115fec7e34ea6013b743620d1addba979258bf37902350608a4c3438346438,3203,39,16.376826
biohack44_6113,safe-source,task227,1c70db9caee31b32d02ae1630c5ef3991ddbf82fedb750d43b515fab048d6dec,1135,14,17.018267
biohack44_6113,safe-source,task228,a8a923f21fecee5512861159a89a0ecf2a9f276985c45face926d3b953bdb4fe,2649,61,14.869935
biohack44_6113,safe-source,task229,acbf2dc745d4a717148c274f1e25cdd3fce8e718787f72530d661d60044ad805,1379,14,17.749364
biohack44_6113,safe-source,task230,1444325f9990947c4e2b6bd66f2ce611d8efc4be97b595c4bf2ad63e9e166ad0,3798,1,18.197605
biohack44_6113,safe-source,task231,da36f042051a327916030f89e33ab2146301e9fa4890884f3df0232d009ca3ce,2605,50,14.445542
biohack44_6113,safe-source,task232,b416c4b9864f9c0ee3021d3e0d536638459295310003e1612ea60837e5e1fc02,1616,29,14.707956
biohack44_6113,safe-source,task233,d57b97c53297581dcadf8b70a33772359ac0efb695e59e6ee87fee43f80fb10a,938774,1372,9.595733
biohack44_6113,safe-source,task234,f1bed9c14a107314718a6a2c2d272373b791ed46a99cd3e21b405ee8bee98776,8333,96,13.151045
biohack44_6113,safe-source,task235,046373c88008b543046f990f0cde3f5c161d21e0835fb8ca9ada066a6fc504d1,3090,35,17.801069
biohack44_6113,safe-source,task236,f31f10a231dee6623a8f92097bfe067ab563fa38c8846924b5f2a5ab17a6009d,1291,11,18.417975
biohack44_6113,safe-source,task237,9d3baf9e04284ace2238abe88eae62477296ee34499efa7b0146d799717804fc,1637,25,15.430308
biohack44_6113,safe-source,task238,3208dbc8cec5a6a6874fb45bdf74920c0447b6b2745454a2ca76efdd5aa83d45,11927,102,13.927566
biohack44_6113,safe-source,task239,2abd421624d88b12e8a63904b214d06678543cf0231b040cc10fec704aac503f,4143,33,13.525015
biohack44_6113,safe-source,task240,517aa226f17f9719f23361c73ac446784b46dcab2e0b0b74e53a330d06a47ed3,3165,32,14.226601
biohack44_6113,safe-source,task241,bde695a21a93b9e2084a9b7e8a8bee5f2cdc694baa71a12d1c34ae921a89cb87,170,1,25.000000
biohack44_6113,safe-source,task242,d7384fd7ba8ec4129d2616b9748fc5716d95db369aebf7d01b274b6d16dd0517,2031,16,14.896433
biohack44_6113,safe-source,task243,e789223ce2fed68fd343ba33df67c9ce94107dd803dfd1ca4e368afa0b1eb349,24522,447,11.524262
biohack44_6113,safe-source,task244,c6ea97ebaf15343165f200b1115282ed7736fc6b68fca0f3771d0f67cb4304e5,6538,66,14.607197
biohack44_6113,safe-source,task245,d04e7eade65728852787ce1f17fd87271f8553f9adab1f0859000bf44a750b54,6141,47,13.600680
biohack44_6113,safe-source,task246,379b5a73e3dee6f56eedab3ab0bd0ed8414179c6e7ae1edd0a948060d6401309,3824,31,15.497662
biohack44_6113,safe-source,task247,19562cb18f62167e2ce8c355377d9b1a3136c17fb7116b8c9110b15d4734e4dc,2056,25,14.993279
biohack44_6113,safe-source,task248,1cc5ba184903e8307ed5ba4d36263e3487d7beec6142f401fc6d0424e70f1e18,2328,23,16.120945
biohack44_6113,safe-source,task249,e6e58b07a2f88477f9f6bff875df198bf57830236bdd036ac5460ab1c6ccabaf,1990,21,15.740965
biohack44_6113,safe-source,task250,b29f5ac7d4700ac0a652a345ecbbaae31234a076a653038c6046e5ca010cbec0,8113,129,15.496915
biohack44_6113,safe-source,task251,054a1310978ea762a181de2ac68b1c10e5d9e706e70a593b68af3d1f26ff74b3,6906,53,13.472393
biohack44_6113,safe-source,task252,75bafe05db1082ad89ddb5308c4e8add0fc2523e74a1deba0eee73e4ead0d9a3,3651,38,14.447160
biohack44_6113,safe-source,task253,2538ea53b1aad1e6365055ee14f48dccb49ef632cce416086075b33d42366bad,3510,17,14.215455
biohack44_6113,safe-source,task254,cce96782d9b4b1065b63ebb4a84c1ba6253724c3cd2a387838d205cf71eaae5f,4960,49,16.018318
biohack44_6113,safe-source,task255,58b21c8abf7dcaace19d54b3bde4968ae7c351b29ec0b4cb36b910f03be3a0af,106804,851,7.414992
biohack44_6113,safe-source,task256,37aebb653619bb91ba21ea10374a3288d619e99b3f9bc7709dc4fe7175bbb765,5118,40,15.033960
biohack44_6113,safe-source,task257,316eaaf4e1a47569341378a8a58e40559f938a7fe5ae659867c0f2117bf8e021,1369,20,18.018065
biohack44_6113,safe-source,task258,9cf85f5ef87760197eaab665af872adc9c2a38a6b9c2133f506deb1e51402d09,880,1,19.924826
biohack44_6113,safe-source,task259,27456ae69408af22c00268a792cbad0f23c2f425a2c4e88336920536b67e0cea,3882,30,16.162900
biohack44_6113,safe-source,task260,a0c625eeabd30f89f6f16ae6be445f721bbc7059d940e63069a03d74b0fc06a4,2263,28,15.568598
biohack44_6113,safe-source,task261,6104690685d52f02ca149095658b51c2d448d252f763922efdb0fd69749b630f,995,1,19.701683
biohack44_6113,safe-source,task262,c4714ec84de4fa51ba3751b69dbf34ecf5bdaeb8026531c6a3a6a7fc3e22e9d9,1329,8,16.086315
biohack44_6113,safe-source,task263,2396bdd0797f69ae5e0281ce27c9964eb2adba67e7d5f2d8286d6cd1ccdc46b3,7427,159,16.005828
biohack44_6113,safe-source,task264,01ac406f30f0ffced1625ed8050b91086a8967573523be0ac1583a6eef0e4dbb,10074,115,13.154639
biohack44_6113,safe-source,task265,e44b248f5902d3d38b34e32679474cc70b8ee0d23a58ae93c6e8658e0375fc5d,3110,32,14.408076
biohack44_6113,safe-source,task266,491258de81aba00b6aa06f223356e30346665751690278693288e858450c8563,3825,1,18.186555
biohack44_6113,safe-source,task267,410b39084246024b149c984e95489e0660a8825a25ca70475cf339e5914a1074,1306,11,17.865109
biohack44_6113,safe-source,task268,d6e7655471c32dea89573357bb31df7dc7c23396d2d8a7318ea2e17508b7d609,13356,180,14.983764
biohack44_6113,safe-source,task269,947f2c17a6b1d44a9f4ad789f9351b4edfb84e0298e879c258d5034b09e12f72,2336,31,15.940250
biohack44_6113,safe-source,task270,5d11db427de12cca83d4b67950227dfd6115c6345d12b715ca3b1b78fd7068ff,7597,60,14.733781
biohack44_6113,safe-source,task271,1d303e94d417fc4786c4e80dee5be764e57f981905d0bf8f5e5fdf48595b19ed,1993,22,14.725259
biohack44_6113,safe-source,task272,bb44a1717b5f9b6f1cd8f6bdd32aa6a40d88b17db3e200a8cb6f7806bb2c658d,3825,1,18.186555
biohack44_6113,safe-source,task273,ef481d8f02832385edb2ae3838215e1c01c80ebc407639a5d04a17ab09227a4e,2414,22,16.294338
biohack44_6113,safe-source,task274,16c49e95823e84f06ed23b008793cf2734b79a98dc2eec7948735d763d5ec465,3619,16,15.921935
biohack44_6113,safe-source,task275,b05c9d902d60b5e03aa3436e187c874a4948bffc12b2ce6c86fd8ed957970680,24193,253,13.662810
biohack44_6113,safe-source,task276,2a3e881ae92099c36f1955bdf96ca1e9f77a4ef3d1d3eb58c63eccc80a655c7e,217,1,22.697415
biohack44_6113,safe-source,task277,e51e949cb83acf5fd2f099ef7af5326e8819877fff66f86f7a38933ddbf119c3,5153,58,13.835158
biohack44_6113,safe-source,task278,0c14b78590ad46420b694424fb879d1c8bdef545b3a92cd9ef5a15278e77cf1e,2285,16,14.554682
biohack44_6113,safe-source,task279,9da9837f628935b332e77f1f2722fc9a6c24137021584f85bc276e033ed394be,3082,43,14.780899
biohack44_6113,safe-source,task280,82b670978372ce1c23e03297fac4c9a8b660a0ab794420b6151459faffdbd466,16655,138,13.156003
biohack44_6113,safe-source,task281,ca2a1537dd3fbe42f2138c372b482af55ba9bacf05230c700a13f8ac7caf45df,7659,64,13.597168
biohack44_6113,safe-source,task282,3b69ffb73c79f09e8523073931061610e74b3e0d32534378317960c9557acd0d,3798,1,18.197605
biohack44_6113,safe-source,task283,b0e2a1e5a77dc63e5c2faa69d44120f7fe0e8773160760e68b7f5912591f4c60,3825,1,18.186555
biohack44_6113,safe-source,task284,a6639b3a490354a06dabea1ba3e40cadff156bc3590372d54d12d7b22cc4b80f,30975,145,13.304486
biohack44_6113,safe-source,task285,90fbc6b2e9d3843b953b85f84124c28878c690c56a08a230079512540c1c3591,39015,477,6.580943
biohack44_6113,safe-source,task286,452c89917bd81728f5db1bd4efb133d57ea0ad7603343cb823fc1e7402cf8b6e,13714,168,12.965719
biohack44_6113,safe-source,task287,597d6d8d9fb465183a384f7f4a71596b1a35c46163dc529eadb64646cf3c0ebd,1706,22,14.975756
biohack44_6113,safe-source,task288,2ef01939d8fb465f7d079f337f55c77fe2c332eeb2f01b47e5759981f01b1175,7847,52,14.200567
biohack44_6113,safe-source,task289,00049ab3fa944a3759833dc85ccfb83f4f4ae7a1ab800664e74423dfb9c7b6d9,2041,28,14.860176
biohack44_6113,safe-source,task290,4b741031cf43c0c6b363ab3c98f7017cd73aa098b5e38c15b5799f2fcc7eb008,42089,87,13.384049
biohack44_6113,safe-source,task291,f97257c9bae5cbdf0614cf4f6d0aeda2c0db164b44f4861fc829c00eae636b67,6009,22,16.627370
biohack44_6113,safe-source,task292,6c237acbb63e47906509de051f734a3f91dfe624a99e62a94fd65270b5824929,1146,7,16.244578
biohack44_6113,safe-source,task293,b05ff58c4666c1ec2d35a77dffb3d72b56acaf5e80f36e88f0162019592c30fa,9897,52,14.862033
biohack44_6113,safe-source,task294,247179b0cb2fab9e792e9f91da564f6ee1f8d4059046fabd7bfd7e7d3d010cd9,3825,1,18.186555
biohack44_6113,safe-source,task295,5a049215df9c118110ba1217eb55447b5d335f09e93a9526e6862ff5b585b365,1956,23,15.588680
biohack44_6113,safe-source,task296,4306af04547e103c395a41f15f7829592897a368a36d02047b54c256c5e54b13,2843,10,16.677606
biohack44_6113,safe-source,task297,4ea1e6317293bd62b7cf6ed501f44c52830ca9bcfa92de6a67c86c201e1a9611,2747,32,15.832776
biohack44_6113,safe-source,task298,9b77b58a90defa3f7eb249e787dd574f52ad8319b503b79e3dba3b4d5b11eea3,3322,35,15.387667
biohack44_6113,safe-source,task299,1e9708846864c2782d5c9d4b378034e7f20bd2a610abbcfb0712b83b3179cd2a,1405,21,17.510029
biohack44_6113,safe-source,task300,e81ff2bf51d9621b8df8ff754c0d4ff4270d17f336e625bedb5fba417a57b7e6,4688,43,13.741000
biohack44_6113,safe-source,task301,5304dca46705e3c99a37b5c322191fd1a492167c657228d67e0b8e4ce9022c7a,17629,49,13.766696
biohack44_6113,safe-source,task302,471e2a01c1e679ddbe830f667d30f05ed231550742027b941e27dce515ed0b2c,2639,36,15.031615
biohack44_6113,safe-source,task303,f1388ccd300d0326ef77e32e80a1bdcb15c39bd24649153f5208eb8cc0962cc6,2084,8,13.701382
biohack44_6113,safe-source,task304,da36b408e1af537d161fbb14dbba577380417c72233e4a1458970d507c43ae7d,2136,17,15.413006
biohack44_6113,safe-source,task305,9f735899c445d2de0753685201dbbaa448ff1306c5f52d568270b4588d8e242d,1865,6,16.718023
biohack44_6113,safe-source,task306,c582bc8db47af47753833747cdd64182a67cbb33077caf0099c0feedf81c0b41,4101,33,13.494673
biohack44_6113,safe-source,task307,badc5326d1acd892c77212fc876a3f3192e5b67a9806ab111d1e9589eff70706,7454,1,17.504458
biohack44_6113,safe-source,task308,dff450a12d955541a809eb6cbb82eb2e80d9604bc2e300085c58cdad9055dc3f,4088,60,14.199976
biohack44_6113,safe-source,task309,c47b834e65872a11ec0cda3c8246948b8365f81f916610b49ed07267815733d9,217,1,22.697415
biohack44_6113,safe-source,task310,8ba42d4bf0a654f913a7bee8772a22258fedd188475ce77c77e8bba0fee69bdb,5449,44,14.016845
biohack44_6113,safe-source,task311,250771b94d3db4658d4ac04e3bd9a0740f2af0f3aba0bb9b5df4d6181bb470d4,479,1,21.598803
biohack44_6113,safe-source,task312,5f8662413159b881c8dff97e5c51ca63270ea3b1609d0f333539af73166348ff,1202,8,15.791762
biohack44_6113,safe-source,task313,53e2ab0be4c673d804678ddf2f3818527eef5ba1762619d1b41891c5c71ffc0c,39887,34,13.655115
biohack44_6113,safe-source,task314,6de48aa8380bfa9f60145881280cb81f0649f178f1a74456c5c40334004417b4,24532,282,15.941180
biohack44_6113,safe-source,task315,1bf0b18c996602619e9fd51d9c5b13d00e57feaab87cc78fd43463a38ba05c04,1520,10,15.469099
biohack44_6113,safe-source,task316,0b697272db5461192d00f8168c702d2dde635fe5bebc4fe3b7506a820ca9150f,5537,49,14.150469
biohack44_6113,safe-source,task317,54ad9bc9831f0f3a781e65116809c2c60f3246bbdc84fc6c0fa8064fecb5d8c5,3798,1,18.197605
biohack44_6113,safe-source,task318,4a45c25db81ca4e037be544f7e0cab0a5bb1910d2f6325fc83e02af3a79282b9,1319,12,18.374608
biohack44_6113,safe-source,task319,51ba5eb63c445916889b9fac65b7285e003399d7186631daca6b659f9f3415a5,247340,2709,7.908638
biohack44_6113,safe-source,task320,b5f9d264034aafc2780289baeb60a45e338fd6478233a720f13b79faa2d6b39f,2183,19,16.445511
biohack44_6113,safe-source,task321,2e36977fc386c76ebb921b21626cb0733b08b8f40969cc3ff8635f327f718f5e,1733,22,16.385499
biohack44_6113,safe-source,task322,70c7baa8d1fe542431688ec733cdaba2e65799d4882bf71a9be96acb4f6247bf,892,9,18.046316
biohack44_6113,safe-source,task323,c1feec3982ec1aa05dd411c69740c2d2c751ba3a51d5aa5043b6c147d1ec8bd9,10261,59,14.676717
biohack44_6113,safe-source,task324,7411cc76a9bf780cc62cb92374e5f883c9b70cbd3467b70215a8c5ccb2373346,30635,260,11.567972
biohack44_6113,safe-source,task325,703958452270456b7d0aa9d4685a3bb4279c1a189050c3b1c4c5c0ef26767373,5072,39,14.330533
biohack44_6113,safe-source,task326,b95776b4618ae80d707674425b68a1b903cfc9925a01d24b03b330ce97a9c421,388,2,19.888012
biohack44_6113,safe-source,task327,28e407c04689606a975670fd8f7da26d5ce7a9a10400265cc54eca46e5504bed,1638,18,16.070962
biohack44_6113,safe-source,task328,5e577adeb141a5a522c273f891701d12837320df953707180471e62c0f45f621,16269,121,13.846066
biohack44_6113,safe-source,task329,b3983c3bd8c099ce71cb48e09938e0328cc29853d73d956c35e125db9bcd43ef,1652,21,15.763992
biohack44_6113,safe-source,task330,0c67c61a96e91ab4b8cd0bcc5193fa4edac323b20075f302515e72a2e012d7da,7312,22,13.964530
biohack44_6113,safe-source,task331,159b7db4377d2a7d75a15aa8f84344e6d919741566944220da8f361aa1da572a,3836,1,18.186555
biohack44_6113,safe-source,task332,5301ba6cd8685b2de8c21e01905817ea61a3d8f2054bc6eef7b8e2a201b40b77,3295,30,15.844327
biohack44_6113,safe-source,task333,056322558aa8fa4149af6ce9821d3273f0b403e4408e461963db3d70864f1adc,4379,55,14.877658
biohack44_6113,safe-source,task334,70f0ea7b8d62bc086c535d3fec97140ed99ccf9500dd74492434de15cb2667ee,1456,6,18.157317
biohack44_6113,safe-source,task335,1dc73a90b7f058004deb256266a6a937b56b19f79ba111241bd796f73aa8f333,2757,38,14.193064
biohack44_6113,safe-source,task336,66605e39204e06dd97980e812e93d14e7dab3eb0d815b075ac29202827cc6a4e,5276,54,16.294503
biohack44_6113,safe-source,task337,c276f5799bf0f2f77bbc0c31f5ed97472afbff9a946326286e229929029e2484,159,1,22.697415
biohack44_6113,safe-source,task338,b35b8a9c786b6c618d442f8072720d3dd2ed919de6726b80b6d1801d3cdbafea,4510,37,14.271263
biohack44_6113,safe-source,task339,23c555a9d5193597ba509db3b965cb39be9f02febeded3f074acb8768e013f1b,1588,13,18.215543
biohack44_6113,safe-source,task340,dfa9109342b16654158976e4fa1e98455f0558a083d777ce020f5b60bae308cf,4180,72,13.838861
biohack44_6113,safe-source,task341,564fae20dee0f5a54330c3170bfad5824556165d5a206e82a19c9264faaaaf05,8743,101,15.154936
biohack44_6113,safe-source,task342,cd69f1c3c3bd5d7c51afa7008425c54e8c0a232fd18449de9a9bff304cea90ec,3200,40,15.594669
biohack44_6113,safe-source,task343,df6df42dd51bc8bd68188dba44776eb25926c7dd542729c2dcda48b60fd156bd,7569,86,14.700054
biohack44_6113,safe-source,task344,a23999c886c62393d115371628fbee6b6043de7a35bed72285639240d6def4fd,10236,1,17.171962
biohack44_6113,safe-source,task345,f8ddf76853108e2e27a45961b32397e69f9fb19d2c1909e623b6ae7b651acd60,4062,34,14.164526
biohack44_6113,safe-source,task346,11e08c307d334e0429612fd7a8873ecf53260f716ca9da99b6693e6d9b369548,2236,13,15.875435
biohack44_6113,safe-source,task347,7fe7a34b9a1ba2444eaaef7509f3c0395bca3ad15a45d122dfb79aa3e546d899,1129,12,17.603051
biohack44_6113,safe-source,task348,a6dd8eb329ee1c4b5ee60a6985610b6685bad770c76a14d12eb9e9665303821e,3000,29,16.103412
biohack44_6113,safe-source,task349,b57e802ae6c73cfabf1d34ffdd1313911001cb6a901862ec9c9346352bea0033,8755,89,13.103296
biohack44_6113,safe-source,task350,0ca24c325e540a593cb73c128715599c58a4d7bdd9134503c6991423b2840001,2670,19,14.734338
biohack44_6113,safe-source,task351,c17c4a24fd333fa82a77f43e4a5127d7eb81187a15ad4b7f8a1bb21664a5d49d,3049,25,14.532506
biohack44_6113,safe-source,task352,f3b9bb985cfb0478df981c689aab9f22dc5bb177e02b6f3b6a3b330669eef601,1398,11,16.201243
biohack44_6113,safe-source,task353,1639de1c1d4d3ee61a8454a02d3b5af4d359f13f2fb1c963687d4cd76b280a8b,3244,31,16.403811
biohack44_6113,safe-source,task354,58e322ea24b6a28e7b5da4cf5bdaf0e17e5b805ebb5cbd8874b00e0c36ff78bb,2948,42,14.653398
biohack44_6113,safe-source,task355,addfb7be1303c63d90f0a8826be7ab0eef88a10daab34df423f95eaec7e77059,4506,45,15.185781
biohack44_6113,safe-source,task356,551900e26ac21ba20631069f1a4268e5b9992eabbfd9cde50643affea19fc2f0,2344,21,16.482407
biohack44_6113,safe-source,task357,3d4c5d3ef46e8c9f15401243e101a1f27b9981a0b79e63fc1ea26fda02c8ea43,2328,23,16.120945
biohack44_6113,safe-source,task358,50650df0548143121954ee03c9db4532be39a4a56b686e8bf4987af48b47c2cf,10944,132,13.355862
biohack44_6113,safe-source,task359,5402e526d36f56006e6fe3438c6875e02057cade74e68784d892dc9c4510bdb1,3909,32,14.156974
biohack44_6113,safe-source,task360,288d8ec599a9f336ad8b8ece878231f6009143fcb0788f52136b48e7bdc42237,1271,13,15.680267
biohack44_6113,safe-source,task361,c72dcf2c6af6c480ffa12daaa617478f9be27c60a63ccfe186893b7c68f069ab,6930,61,15.263926
biohack44_6113,safe-source,task362,1a6d4abda7902dcaff9fa7f35113d583d959eedff71779c783ed651a5c496833,1896,28,15.604176
biohack44_6113,safe-source,task363,b8bb005f95baf0f7f1187a369a57d564e14b956a7cd8fefaad5c607a51213fb3,170389,260,11.778800
biohack44_6113,safe-source,task364,4910b50fdd14d2e4b74bc569015b2b2bd81001119618fa3f702a1cc1c82088b8,10174,63,13.056130
biohack44_6113,safe-source,task365,4b59416c3b2d144a96e2612d2d0f8683f7cc3d3e0e8bae9a32ded28375a3e128,17605,242,14.014639
biohack44_6113,safe-source,task366,74e15e2bc6a9640fe229d9bc5648c4733797ba943051baafe2d2fc55d6ac03de,1269927,12512,7.083011
biohack44_6113,safe-source,task367,ea3969fd6929edb7b1ccabe3db2c9f2ffc4b995aae190c1726b93016b6ce2f02,293653,694,10.576071
biohack44_6113,safe-source,task368,fb13ef89494b35d91e797f4295a7a89ef8111ed8b5d8f62974f2ce5be08e16a8,8950,186,14.615971
biohack44_6113,safe-source,task369,41510d5508f7ee00bea219692bf4efbbac40ae5b20300daa5ec4f01d4b6816a5,2940,26,16.047265
biohack44_6113,safe-source,task370,350d83a92295168476c4549cdc5d986b6bafb902180c4c7b2078a89d74f81774,25060,319,12.221756
biohack44_6113,safe-source,task371,55f3e4edea862a77001eaa66f9ce4cd37bbc3eaaaad9315a16360ce4d1d01bfe,1810,23,15.039140
biohack44_6113,safe-source,task372,422d94f798102349b81b669a5bd447b6e246aec065b6916c8b6efd14a7a0fc7f,1214,14,15.633511
biohack44_6113,safe-source,task373,b38778eb8fe20593e514665f61bdfe17367d56aa45d220c2cc5a0bd298889d2d,960,8,18.559053
biohack44_6113,safe-source,task374,29c99ccb14d1600e97d7b8c3c292672fed67326cc713432a0fd26edcbd5c2182,16450,144,14.140290
biohack44_6113,safe-source,task375,509686d607b3126316a284357799deb369829fe56865a1b05609fa3447c4c5d7,2214,19,15.372793
biohack44_6113,safe-source,task376,c6d0a7cc285a13cadc484b6b8141c32ce0d151a546e3b234dc4aeff58e321480,1741,27,14.388895
biohack44_6113,safe-source,task377,9634d0c4c5f2d3616c292399129487757b13a675d7e4d66ee409a56adffdec77,19220,208,13.919690
biohack44_6113,safe-source,task378,e1719f9950e83dc1889743f4737d7c5c8a2606c75b8f2f2f0d26dee49079c766,6343,96,14.378673
biohack44_6113,safe-source,task379,0002ebca2333b2402894d90300cae16c7fa1dcf04c9df3bc98751db32899d9ed,10260,107,13.808644
biohack44_6113,safe-source,task380,b23f227e055e494818df0587e34418a5054807bd258a80e00f9170bcedfd819c,531,3,18.397412
biohack44_6113,safe-source,task381,341af617bc4d485ea4ad62bf29883b80668b268876d8d3da0b0f97e24a69fb21,3435,24,14.349422
biohack44_6113,safe-source,task382,a854e19de4998088d40ffb514299ba374a6c1c2589c8c85260793ad004ce80dd,34556,325,12.824253
biohack44_6113,safe-source,task383,19da36427e6ee74fe0cf46bc86c98b873576bc8e0c1302e4d8b61c04ded4f8d8,6805,57,13.224964
biohack44_6113,safe-source,task384,57089beccc7a95bb03cb7bd0a9d6841faa06a32f84b126df9802e34c8b175e3b,4542,39,13.778082
biohack44_6113,safe-source,task385,629a5673b6a8e745a4c5b1b5afcf3c5e7214f2fd7c54d7f5da27eb3e788ea5d1,175,1,21.598803
biohack44_6113,safe-source,task386,89f80a62cefd32ddc113e1e3222977816d8c9e651c9e7efab94922c5878b22c3,1171,14,17.300611
biohack44_6113,safe-source,task387,dd35e456b2784f2ad0f89d84fff0f05e2498cbab1a1398612b5155b63431845b,89870,875,10.460747
biohack44_6113,safe-source,task388,44364f7ea2f283e136db441edd3d838104f1d83f14247c0cfd0c1182c45e55ea,4820,50,15.714645
biohack44_6113,safe-source,task389,5d19a4d137ddfa5d5e278378f5210bdd9ffd9225b6b7ca3cfb0a823a86ca0be9,1421,13,17.451444
biohack44_6113,safe-source,task390,23a81cb475e4cd1231db06a0e09440eaa13dc4353f3891aaf53c86700efbfa91,4970,43,14.884592
biohack44_6113,safe-source,task391,1582c8e52095b42ea4800ff8753f6e9fcb62f2e7b65b1642a469835c6548bf80,2841,26,15.787562
biohack44_6113,safe-source,task392,286bbe96e893d8985bbc76084a277ad5864297316cf38f4ba6edf4007112e4c5,8330,51,14.662460
biohack44_6113,safe-source,task393,2f236f0f741468312b3933de81bd4f1f7d36a96e624a1545d1986160d95c466a,2433,22,16.321879
biohack44_6113,safe-source,task394,6f9e76b487f97c594199199e75fc55402957e97ede7b3c08c5059ae6412a4a45,3787,80,16.533469
biohack44_6113,safe-source,task395,19fd478858c781c596e2ca2f7e34d4e1bcfa8798379225afbe1efd44d2841ac0,1179,14,17.581219
biohack44_6113,safe-source,task396,deecb12bf534491a8adbe29e9b1927ba002fffacc6253071aeeb6bef2ef188a4,148123,407,12.967995
biohack44_6113,safe-source,task397,40a07e43eaab28f00e2efce4e35f677137cf30f25356c227f7d64147e7ba8340,7345,86,15.036311
biohack44_6113,safe-source,task398,5d6faac9d879be8dcfabbf8a25b82e0c62f0d41eb7d39aea7eb37e1fc447e023,8768,44,13.657827
biohack44_6113,safe-source,task399,f8e72c2228ae91a54d38c5a7f101356edc42d906cda234321b13bfc87a5ff38f,1907,8,17.483023
biohack44_6113,safe-source,task400,a6723aa91f00b4ea42edf81e211bc34d3242e7374c731bc4b42f69d14adc93f5,2165,25,14.532535
